[2026-09-12 03:16:08] production.ERROR: rename(G:\Mursalin_1295365\Laravel\ecommerce\bootstrap\cache\pac97A2.tmp,G:\Mursalin_1295365\Laravel\ecommerce\bootstrap\cache\packages.php): Access is denied (code: 5) {"exception":"[object] (ErrorException(code: 0): rename(G:\\Mursalin_1295365\\Laravel\\ecommerce\\bootstrap\\cache\\pac97A2.tmp,G:\\Mursalin_1295365\\Laravel\\ecommerce\\bootstrap\\cache\\packages.php): Access is denied (code: 5) at G:/Mursalin_1295365/Laravel/ecommerce/vendor/laravel/framework/src/Illuminate/Filesystem/Filesystem.php:233)
[stacktrace]
#0 G:/Mursalin_1295365/Laravel/ecommerce/vendor/laravel/framework/src/Illuminate/Foundation/Bootstrap/HandleExceptions.php(265): Illuminate/Foundation/Bootstrap/HandleExceptions->handleError(2, 'rename(G://Mursa...', 'G://Mursalin_129...', 233)
#1 [internal function]: Illuminate/Foundation/Bootstrap/HandleExceptions->{closure:Illuminate/Foundation/Bootstrap/HandleExceptions::forwardsTo():264}(2, 'rename(G://Mursa...', 'G://Mursalin_129...', 233)
#2 G:/Mursalin_1295365/Laravel/ecommerce/vendor/laravel/framework/src/Illuminate/Filesystem/Filesystem.php(233): rename('G://Mursalin_129...', 'G://Mursalin_129...')
#3 G:/Mursalin_1295365/Laravel/ecommerce/vendor/laravel/framework/src/Illuminate/Foundation/PackageManifest.php(182): Illuminate/Filesystem/Filesystem->replace('G://Mursalin_129...', '<?php return ar...')
#4 G:/Mursalin_1295365/Laravel/ecommerce/vendor/laravel/framework/src/Illuminate/Foundation/PackageManifest.php(132): Illuminate/Foundation/PackageManifest->write(Array)
#5 G:/Mursalin_1295365/Laravel/ecommerce/vendor/laravel/framework/src/Illuminate/Foundation/PackageManifest.php(108): Illuminate/Foundation/PackageManifest->build()
#6 G:/Mursalin_1295365/Laravel/ecommerce/vendor/laravel/framework/src/Illuminate/Foundation/PackageManifest.php(90): Illuminate/Foundation/PackageManifest->getManifest()
#7 G:/Mursalin_1295365/Laravel/ecommerce/vendor/laravel/framework/src/Illuminate/Foundation/PackageManifest.php(79): Illuminate/Foundation/PackageManifest->config('aliases')
#8 G:/Mursalin_1295365/Laravel/ecommerce/vendor/laravel/framework/src/Illuminate/Foundation/Bootstrap/RegisterFacades.php(26): Illuminate/Foundation/PackageManifest->aliases()
#9 G:/Mursalin_1295365/Laravel/ecommerce/vendor/laravel/framework/src/Illuminate/Foundation/Application.php(349): Illuminate/Foundation/Bootstrap/RegisterFacades->bootstrap(Object(Illuminate/Foundation/Application))
#10 G:/Mursalin_1295365/Laravel/ecommerce/vendor/laravel/framework/src/Illuminate/Foundation/Console/Kernel.php(507): Illuminate/Foundation/Application->bootstrapWith(Array)
#11 G:/Mursalin_1295365/Laravel/ecommerce/vendor/laravel/framework/src/Illuminate/Foundation/Console/Kernel.php(196): Illuminate/Foundation/Console/Kernel->bootstrap()
#12 G:/Mursalin_1295365/Laravel/ecommerce/vendor/laravel/framework/src/Illuminate/Foundation/Application.php(1242): Illuminate/Foundation/Console/Kernel->handle(Object(Symfony/Component/Console/Input/ArgvInput), Object(Symfony/Component/Console/Output/ConsoleOutput))
#13 G:/Mursalin_1295365/Laravel/ecommerce/artisan(16): Illuminate/Foundation/Application->handleCommand(Object(Symfony/Component/Console/Input/ArgvInput))
#14 {main}
"} 
[2026-09-12 03:20:11] local.ERROR: Database file at path [G:\Mursalin_1295365\Laravel\ecommerce\database\database.sqlite] does not exist. Ensure this is an absolute path to the database. (Connection: sqlite, Database: G:\Mursalin_1295365\Laravel\ecommerce\database\database.sqlite, SQL: select * from "sessions" where "id" = u57svhWdtw8TmBcfyhzVvPy2qJN95reCbn4VMVOi limit 1) {"exception":"[object] (Illuminate\\Database\\QueryException(code: 0): Database file at path [G:\\Mursalin_1295365\\Laravel\\ecommerce\\database\\database.sqlite] does not exist. Ensure this is an absolute path to the database. (Connection: sqlite, Database: G:\\Mursalin_1295365\\Laravel\\ecommerce\\database\\database.sqlite, SQL: select * from \"sessions\" where \"id\" = u57svhWdtw8TmBcfyhzVvPy2qJN95reCbn4VMVOi limit 1) at G:/Mursalin_1295365/Laravel/ecommerce/vendor/laravel/framework/src/Illuminate/Database/Connection.php:857)
[stacktrace]
#0 G:/Mursalin_1295365/Laravel/ecommerce/vendor/laravel/framework/src/Illuminate/Database/Connection.php(813): Illuminate/Database/Connection->runQueryCallback('select * from \"...', Array, Object(Closure))
#1 G:/Mursalin_1295365/Laravel/ecommerce/vendor/laravel/framework/src/Illuminate/Database/Connection.php(426): Illuminate/Database/Connection->run('select * from \"...', Array, Object(Closure))
#2 G:/Mursalin_1295365/Laravel/ecommerce/vendor/laravel/framework/src/Illuminate/Database/Query/Builder.php(3629): Illuminate/Database/Connection->select('select * from \"...', Array, false, Array)
#3 G:/Mursalin_1295365/Laravel/ecommerce/vendor/laravel/framework/src/Illuminate/Database/Query/Builder.php(3613): Illuminate/Database/Query/Builder->runSelect()
#4 G:/Mursalin_1295365/Laravel/ecommerce/vendor/laravel/framework/src/Illuminate/Database/Concerns/BuildsQueries.php(408): Illuminate/Database/Query/Builder->get(Array)
#5 G:/Mursalin_1295365/Laravel/ecommerce/vendor/laravel/framework/src/Illuminate/Database/Query/Builder.php(3531): Illuminate/Database/Query/Builder->first(Array)
#6 G:/Mursalin_1295365/Laravel/ecommerce/vendor/laravel/framework/src/Illuminate/Session/DatabaseSessionHandler.php(96): Illuminate/Database/Query/Builder->find('u57svhWdtw8TmBc...')
#7 G:/Mursalin_1295365/Laravel/ecommerce/vendor/laravel/framework/src/Illuminate/Session/Store.php(128): Illuminate/Session/DatabaseSessionHandler->read('u57svhWdtw8TmBc...')
#8 G:/Mursalin_1295365/Laravel/ecommerce/vendor/laravel/framework/src/Illuminate/Session/Store.php(116): Illuminate/Session/Store->readFromHandler()
#9 G:/Mursalin_1295365/Laravel/ecommerce/vendor/laravel/framework/src/Illuminate/Session/Store.php(100): Illuminate/Session/Store->loadSession()
#10 G:/Mursalin_1295365/Laravel/ecommerce/vendor/laravel/framework/src/Illuminate/Session/Middleware/StartSession.php(146): Illuminate/Session/Store->start()
#11 G:/Mursalin_1295365/Laravel/ecommerce/vendor/laravel/framework/src/Illuminate/Support/helpers.php(393): Illuminate/Session/Middleware/StartSession->{closure:Illuminate/Session/Middleware/StartSession::startSession():143}(Object(Illuminate/Session/Store))
#12 G:/Mursalin_1295365/Laravel/ecommerce/vendor/laravel/framework/src/Illuminate/Session/Middleware/StartSession.php(143): tap(Object(Illuminate/Session/Store), Object(Closure))
#13 G:/Mursalin_1295365/Laravel/ecommerce/vendor/laravel/framework/src/Illuminate/Session/Middleware/StartSession.php(115): Illuminate/Session/Middleware/StartSession->startSession(Object(Illuminate/Http/Request), Object(Illuminate/Session/Store))
#14 G:/Mursalin_1295365/Laravel/ecommerce/vendor/laravel/framework/src/Illuminate/Session/Middleware/StartSession.php(63): Illuminate/Session/Middleware/StartSession->handleStatefulRequest(Object(Illuminate/Http/Request), Object(Illuminate/Session/Store), Object(Closure))
#15 G:/Mursalin_1295365/Laravel/ecommerce/vendor/laravel/framework/src/Illuminate/Pipeline/Pipeline.php(219): Illuminate/Session/Middleware/StartSession->handle(Object(Illuminate/Http/Request), Object(Closure))
#16 G:/Mursalin_1295365/Laravel/ecommerce/vendor/laravel/framework/src/Illuminate/Cookie/Middleware/AddQueuedCookiesToResponse.php(36): Illuminate/Pipeline/Pipeline->{closure:{closure:Illuminate/Pipeline/Pipeline::carry():194}:195}(Object(Illuminate/Http/Request))
#17 G:/Mursalin_1295365/Laravel/ecommerce/vendor/laravel/framework/src/Illuminate/Pipeline/Pipeline.php(219): Illuminate/Cookie/Middleware/AddQueuedCookiesToResponse->handle(Object(Illuminate/Http/Request), Object(Closure))
#18 G:/Mursalin_1295365/Laravel/ecommerce/vendor/laravel/framework/src/Illuminate/Cookie/Middleware/EncryptCookies.php(74): Illuminate/Pipeline/Pipeline->{closure:{closure:Illuminate/Pipeline/Pipeline::carry():194}:195}(Object(Illuminate/Http/Request))
#19 G:/Mursalin_1295365/Laravel/ecommerce/vendor/laravel/framework/src/Illuminate/Pipeline/Pipeline.php(219): Illuminate/Cookie/Middleware/EncryptCookies->handle(Object(Illuminate/Http/Request), Object(Closure))
#20 G:/Mursalin_1295365/Laravel/ecommerce/vendor/laravel/framework/src/Illuminate/Pipeline/Pipeline.php(137): Illuminate/Pipeline/Pipeline->{closure:{closure:Illuminate/Pipeline/Pipeline::carry():194}:195}(Object(Illuminate/Http/Request))
#21 G:/Mursalin_1295365/Laravel/ecommerce/vendor/laravel/framework/src/Illuminate/Routing/Router.php(821): Illuminate/Pipeline/Pipeline->then(Object(Closure))
#22 G:/Mursalin_1295365/Laravel/ecommerce/vendor/laravel/framework/src/Illuminate/Routing/Router.php(800): Illuminate/Routing/Router->runRouteWithinStack(Object(Illuminate/Routing/Route), Object(Illuminate/Http/Request))
#23 G:/Mursalin_1295365/Laravel/ecommerce/vendor/laravel/framework/src/Illuminate/Routing/Router.php(764): Illuminate/Routing/Router->runRoute(Object(Illuminate/Http/Request), Object(Illuminate/Routing/Route))
#24 G:/Mursalin_1295365/Laravel/ecommerce/vendor/laravel/framework/src/Illuminate/Routing/Router.php(753): Illuminate/Routing/Router->dispatchToRoute(Object(Illuminate/Http/Request))
#25 G:/Mursalin_1295365/Laravel/ecommerce/vendor/laravel/framework/src/Illuminate/Foundation/Http/Kernel.php(200): Illuminate/Routing/Router->dispatch(Object(Illuminate/Http/Request))
#26 G:/Mursalin_1295365/Laravel/ecommerce/vendor/laravel/framework/src/Illuminate/Pipeline/Pipeline.php(180): Illuminate/Foundation/Http/Kernel->{closure:Illuminate/Foundation/Http/Kernel::dispatchToRouter():197}(Object(Illuminate/Http/Request))
#27 G:/Mursalin_1295365/Laravel/ecommerce/vendor/laravel/framework/src/Illuminate/Foundation/Http/Middleware/TransformsRequest.php(21): Illuminate/Pipeline/Pipeline->{closure:Illuminate/Pipeline/Pipeline::prepareDestination():178}(Object(Illuminate/Http/Request))
#28 G:/Mursalin_1295365/Laravel/ecommerce/vendor/laravel/framework/src/Illuminate/Foundation/Http/Middleware/ConvertEmptyStringsToNull.php(31): Illuminate/Foundation/Http/Middleware/TransformsRequest->handle(Object(Illuminate/Http/Request), Object(Closure))
#29 G:/Mursalin_1295365/Laravel/ecommerce/vendor/laravel/framework/src/Illuminate/Pipeline/Pipeline.php(219): Illuminate/Foundation/Http/Middleware/ConvertEmptyStringsToNull->handle(Object(Illuminate/Http/Request), Object(Closure))
#30 G:/Mursalin_1295365/Laravel/ecommerce/vendor/laravel/framework/src/Illuminate/Foundation/Http/Middleware/TransformsRequest.php(21): Illuminate/Pipeline/Pipeline->{closure:{closure:Illuminate/Pipeline/Pipeline::carry():194}:195}(Object(Illuminate/Http/Request))
#31 G:/Mursalin_1295365/Laravel/ecommerce/vendor/laravel/framework/src/Illuminate/Foundation/Http/Middleware/TrimStrings.php(51): Illuminate/Foundation/Http/Middleware/TransformsRequest->handle(Object(Illuminate/Http/Request), Object(Closure))
#32 G:/Mursalin_1295365/Laravel/ecommerce/vendor/laravel/framework/src/Illuminate/Pipeline/Pipeline.php(219): Illuminate/Foundation/Http/Middleware/TrimStrings->handle(Object(Illuminate/Http/Request), Object(Closure))
#33 G:/Mursalin_1295365/Laravel/ecommerce/vendor/laravel/framework/src/Illuminate/Http/Middleware/ValidatePostSize.php(27): Illuminate/Pipeline/Pipeline->{closure:{closure:Illuminate/Pipeline/Pipeline::carry():194}:195}(Object(Illuminate/Http/Request))
#34 G:/Mursalin_1295365/Laravel/ecommerce/vendor/laravel/framework/src/Illuminate/Pipeline/Pipeline.php(219): Illuminate/Http/Middleware/ValidatePostSize->handle(Object(Illuminate/Http/Request), Object(Closure))
#35 G:/Mursalin_1295365/Laravel/ecommerce/vendor/laravel/framework/src/Illuminate/Foundation/Http/Middleware/PreventRequestsDuringMaintenance.php(110): Illuminate/Pipeline/Pipeline->{closure:{closure:Illuminate/Pipeline/Pipeline::carry():194}:195}(Object(Illuminate/Http/Request))
#36 G:/Mursalin_1295365/Laravel/ecommerce/vendor/laravel/framework/src/Illuminate/Pipeline/Pipeline.php(219): Illuminate/Foundation/Http/Middleware/PreventRequestsDuringMaintenance->handle(Object(Illuminate/Http/Request), Object(Closure))
#37 G:/Mursalin_1295365/Laravel/ecommerce/vendor/laravel/framework/src/Illuminate/Http/Middleware/HandleCors.php(61): Illuminate/Pipeline/Pipeline->{closure:{closure:Illuminate/Pipeline/Pipeline::carry():194}:195}(Object(Illuminate/Http/Request))
#38 G:/Mursalin_1295365/Laravel/ecommerce/vendor/laravel/framework/src/Illuminate/Pipeline/Pipeline.php(219): Illuminate/Http/Middleware/HandleCors->handle(Object(Illuminate/Http/Request), Object(Closure))
#39 G:/Mursalin_1295365/Laravel/ecommerce/vendor/laravel/framework/src/Illuminate/Http/Middleware/TrustProxies.php(58): Illuminate/Pipeline/Pipeline->{closure:{closure:Illuminate/Pipeline/Pipeline::carry():194}:195}(Object(Illuminate/Http/Request))
#40 G:/Mursalin_1295365/Laravel/ecommerce/vendor/laravel/framework/src/Illuminate/Pipeline/Pipeline.php(219): Illuminate/Http/Middleware/TrustProxies->handle(Object(Illuminate/Http/Request), Object(Closure))
#41 G:/Mursalin_1295365/Laravel/ecommerce/vendor/laravel/framework/src/Illuminate/Foundation/Http/Middleware/InvokeDeferredCallbacks.php(22): Illuminate/Pipeline/Pipeline->{closure:{closure:Illuminate/Pipeline/Pipeline::carry():194}:195}(Object(Illuminate/Http/Request))
#42 G:/Mursalin_1295365/Laravel/ecommerce/vendor/laravel/framework/src/Illuminate/Pipeline/Pipeline.php(219): Illuminate/Foundation/Http/Middleware/InvokeDeferredCallbacks->handle(Object(Illuminate/Http/Request), Object(Closure))
#43 G:/Mursalin_1295365/Laravel/ecommerce/vendor/laravel/framework/src/Illuminate/Http/Middleware/ValidatePathEncoding.php(28): Illuminate/Pipeline/Pipeline->{closure:{closure:Illuminate/Pipeline/Pipeline::carry():194}:195}(Object(Illuminate/Http/Request))
#44 G:/Mursalin_1295365/Laravel/ecommerce/vendor/laravel/framework/src/Illuminate/Pipeline/Pipeline.php(219): Illuminate/Http/Middleware/ValidatePathEncoding->handle(Object(Illuminate/Http/Request), Object(Closure))
#45 G:/Mursalin_1295365/Laravel/ecommerce/vendor/laravel/framework/src/Illuminate/Pipeline/Pipeline.php(137): Illuminate/Pipeline/Pipeline->{closure:{closure:Illuminate/Pipeline/Pipeline::carry():194}:195}(Object(Illuminate/Http/Request))
#46 G:/Mursalin_1295365/Laravel/ecommerce/vendor/laravel/framework/src/Illuminate/Foundation/Http/Kernel.php(175): Illuminate/Pipeline/Pipeline->then(Object(Closure))
#47 G:/Mursalin_1295365/Laravel/ecommerce/vendor/laravel/framework/src/Illuminate/Foundation/Http/Kernel.php(144): Illuminate/Foundation/Http/Kernel->sendRequestThroughRouter(Object(Illuminate/Http/Request))
#48 G:/Mursalin_1295365/Laravel/ecommerce/vendor/laravel/framework/src/Illuminate/Foundation/Application.php(1227): Illuminate/Foundation/Http/Kernel->handle(Object(Illuminate/Http/Request))
#49 G:/Mursalin_1295365/Laravel/ecommerce/public/index.php(20): Illuminate/Foundation/Application->handleRequest(Object(Illuminate/Http/Request))
#50 G:/Mursalin_1295365/Laravel/ecommerce/vendor/laravel/framework/src/Illuminate/Foundation/resources/server.php(23): require_once('G://Mursalin_129...')
#51 {main}

[previous exception] [object] (Illuminate\\Database\\SQLiteDatabaseDoesNotExistException(code: 0): Database file at path [G:\\Mursalin_1295365\\Laravel\\ecommerce\\database\\database.sqlite] does not exist. Ensure this is an absolute path to the database. at G:/Mursalin_1295365/Laravel/ecommerce/vendor/laravel/framework/src/Illuminate/Database/Connectors/SQLiteConnector.php:61)
[stacktrace]
#0 G:/Mursalin_1295365/Laravel/ecommerce/vendor/laravel/framework/src/Illuminate/Database/Connectors/SQLiteConnector.php(19): Illuminate/Database/Connectors/SQLiteConnector->parseDatabasePath(false)
#1 G:/Mursalin_1295365/Laravel/ecommerce/vendor/laravel/framework/src/Illuminate/Database/Connectors/ConnectionFactory.php(259): Illuminate/Database/Connectors/SQLiteConnector->connect(Array)
#2 [internal function]: Illuminate/Database/Connectors/ConnectionFactory->{closure:Illuminate/Database/Connectors/ConnectionFactory::createPdoResolverWithoutHosts():259}()
#3 G:/Mursalin_1295365/Laravel/ecommerce/vendor/laravel/framework/src/Illuminate/Database/Connection.php(1298): call_user_func(Object(Closure))
#4 G:/Mursalin_1295365/Laravel/ecommerce/vendor/laravel/framework/src/Illuminate/Database/Connection.php(542): Illuminate/Database/Connection->getPdo()
#5 G:/Mursalin_1295365/Laravel/ecommerce/vendor/laravel/framework/src/Illuminate/Database/Connection.php(435): Illuminate/Database/Connection->getPdoForSelect(false)
#6 G:/Mursalin_1295365/Laravel/ecommerce/vendor/laravel/framework/src/Illuminate/Database/Connection.php(846): Illuminate/Database/Connection->{closure:Illuminate/Database/Connection::select():426}('select * from \"...', Array)
#7 G:/Mursalin_1295365/Laravel/ecommerce/vendor/laravel/framework/src/Illuminate/Database/Connection.php(813): Illuminate/Database/Connection->runQueryCallback('select * from \"...', Array, Object(Closure))
#8 G:/Mursalin_1295365/Laravel/ecommerce/vendor/laravel/framework/src/Illuminate/Database/Connection.php(426): Illuminate/Database/Connection->run('select * from \"...', Array, Object(Closure))
#9 G:/Mursalin_1295365/Laravel/ecommerce/vendor/laravel/framework/src/Illuminate/Database/Query/Builder.php(3629): Illuminate/Database/Connection->select('select * from \"...', Array, false, Array)
#10 G:/Mursalin_1295365/Laravel/ecommerce/vendor/laravel/framework/src/Illuminate/Database/Query/Builder.php(3613): Illuminate/Database/Query/Builder->runSelect()
#11 G:/Mursalin_1295365/Laravel/ecommerce/vendor/laravel/framework/src/Illuminate/Database/Concerns/BuildsQueries.php(408): Illuminate/Database/Query/Builder->get(Array)
#12 G:/Mursalin_1295365/Laravel/ecommerce/vendor/laravel/framework/src/Illuminate/Database/Query/Builder.php(3531): Illuminate/Database/Query/Builder->first(Array)
#13 G:/Mursalin_1295365/Laravel/ecommerce/vendor/laravel/framework/src/Illuminate/Session/DatabaseSessionHandler.php(96): Illuminate/Database/Query/Builder->find('u57svhWdtw8TmBc...')
#14 G:/Mursalin_1295365/Laravel/ecommerce/vendor/laravel/framework/src/Illuminate/Session/Store.php(128): Illuminate/Session/DatabaseSessionHandler->read('u57svhWdtw8TmBc...')
#15 G:/Mursalin_1295365/Laravel/ecommerce/vendor/laravel/framework/src/Illuminate/Session/Store.php(116): Illuminate/Session/Store->readFromHandler()
#16 G:/Mursalin_1295365/Laravel/ecommerce/vendor/laravel/framework/src/Illuminate/Session/Store.php(100): Illuminate/Session/Store->loadSession()
#17 G:/Mursalin_1295365/Laravel/ecommerce/vendor/laravel/framework/src/Illuminate/Session/Middleware/StartSession.php(146): Illuminate/Session/Store->start()
#18 G:/Mursalin_1295365/Laravel/ecommerce/vendor/laravel/framework/src/Illuminate/Support/helpers.php(393): Illuminate/Session/Middleware/StartSession->{closure:Illuminate/Session/Middleware/StartSession::startSession():143}(Object(Illuminate/Session/Store))
#19 G:/Mursalin_1295365/Laravel/ecommerce/vendor/laravel/framework/src/Illuminate/Session/Middleware/StartSession.php(143): tap(Object(Illuminate/Session/Store), Object(Closure))
#20 G:/Mursalin_1295365/Laravel/ecommerce/vendor/laravel/framework/src/Illuminate/Session/Middleware/StartSession.php(115): Illuminate/Session/Middleware/StartSession->startSession(Object(Illuminate/Http/Request), Object(Illuminate/Session/Store))
#21 G:/Mursalin_1295365/Laravel/ecommerce/vendor/laravel/framework/src/Illuminate/Session/Middleware/StartSession.php(63): Illuminate/Session/Middleware/StartSession->handleStatefulRequest(Object(Illuminate/Http/Request), Object(Illuminate/Session/Store), Object(Closure))
#22 G:/Mursalin_1295365/Laravel/ecommerce/vendor/laravel/framework/src/Illuminate/Pipeline/Pipeline.php(219): Illuminate/Session/Middleware/StartSession->handle(Object(Illuminate/Http/Request), Object(Closure))
#23 G:/Mursalin_1295365/Laravel/ecommerce/vendor/laravel/framework/src/Illuminate/Cookie/Middleware/AddQueuedCookiesToResponse.php(36): Illuminate/Pipeline/Pipeline->{closure:{closure:Illuminate/Pipeline/Pipeline::carry():194}:195}(Object(Illuminate/Http/Request))
#24 G:/Mursalin_1295365/Laravel/ecommerce/vendor/laravel/framework/src/Illuminate/Pipeline/Pipeline.php(219): Illuminate/Cookie/Middleware/AddQueuedCookiesToResponse->handle(Object(Illuminate/Http/Request), Object(Closure))
#25 G:/Mursalin_1295365/Laravel/ecommerce/vendor/laravel/framework/src/Illuminate/Cookie/Middleware/EncryptCookies.php(74): Illuminate/Pipeline/Pipeline->{closure:{closure:Illuminate/Pipeline/Pipeline::carry():194}:195}(Object(Illuminate/Http/Request))
#26 G:/Mursalin_1295365/Laravel/ecommerce/vendor/laravel/framework/src/Illuminate/Pipeline/Pipeline.php(219): Illuminate/Cookie/Middleware/EncryptCookies->handle(Object(Illuminate/Http/Request), Object(Closure))
#27 G:/Mursalin_1295365/Laravel/ecommerce/vendor/laravel/framework/src/Illuminate/Pipeline/Pipeline.php(137): Illuminate/Pipeline/Pipeline->{closure:{closure:Illuminate/Pipeline/Pipeline::carry():194}:195}(Object(Illuminate/Http/Request))
#28 G:/Mursalin_1295365/Laravel/ecommerce/vendor/laravel/framework/src/Illuminate/Routing/Router.php(821): Illuminate/Pipeline/Pipeline->then(Object(Closure))
#29 G:/Mursalin_1295365/Laravel/ecommerce/vendor/laravel/framework/src/Illuminate/Routing/Router.php(800): Illuminate/Routing/Router->runRouteWithinStack(Object(Illuminate/Routing/Route), Object(Illuminate/Http/Request))
#30 G:/Mursalin_1295365/Laravel/ecommerce/vendor/laravel/framework/src/Illuminate/Routing/Router.php(764): Illuminate/Routing/Router->runRoute(Object(Illuminate/Http/Request), Object(Illuminate/Routing/Route))
#31 G:/Mursalin_1295365/Laravel/ecommerce/vendor/laravel/framework/src/Illuminate/Routing/Router.php(753): Illuminate/Routing/Router->dispatchToRoute(Object(Illuminate/Http/Request))
#32 G:/Mursalin_1295365/Laravel/ecommerce/vendor/laravel/framework/src/Illuminate/Foundation/Http/Kernel.php(200): Illuminate/Routing/Router->dispatch(Object(Illuminate/Http/Request))
#33 G:/Mursalin_1295365/Laravel/ecommerce/vendor/laravel/framework/src/Illuminate/Pipeline/Pipeline.php(180): Illuminate/Foundation/Http/Kernel->{closure:Illuminate/Foundation/Http/Kernel::dispatchToRouter():197}(Object(Illuminate/Http/Request))
#34 G:/Mursalin_1295365/Laravel/ecommerce/vendor/laravel/framework/src/Illuminate/Foundation/Http/Middleware/TransformsRequest.php(21): Illuminate/Pipeline/Pipeline->{closure:Illuminate/Pipeline/Pipeline::prepareDestination():178}(Object(Illuminate/Http/Request))
#35 G:/Mursalin_1295365/Laravel/ecommerce/vendor/laravel/framework/src/Illuminate/Foundation/Http/Middleware/ConvertEmptyStringsToNull.php(31): Illuminate/Foundation/Http/Middleware/TransformsRequest->handle(Object(Illuminate/Http/Request), Object(Closure))
#36 G:/Mursalin_1295365/Laravel/ecommerce/vendor/laravel/framework/src/Illuminate/Pipeline/Pipeline.php(219): Illuminate/Foundation/Http/Middleware/ConvertEmptyStringsToNull->handle(Object(Illuminate/Http/Request), Object(Closure))
#37 G:/Mursalin_1295365/Laravel/ecommerce/vendor/laravel/framework/src/Illuminate/Foundation/Http/Middleware/TransformsRequest.php(21): Illuminate/Pipeline/Pipeline->{closure:{closure:Illuminate/Pipeline/Pipeline::carry():194}:195}(Object(Illuminate/Http/Request))
#38 G:/Mursalin_1295365/Laravel/ecommerce/vendor/laravel/framework/src/Illuminate/Foundation/Http/Middleware/TrimStrings.php(51): Illuminate/Foundation/Http/Middleware/TransformsRequest->handle(Object(Illuminate/Http/Request), Object(Closure))
#39 G:/Mursalin_1295365/Laravel/ecommerce/vendor/laravel/framework/src/Illuminate/Pipeline/Pipeline.php(219): Illuminate/Foundation/Http/Middleware/TrimStrings->handle(Object(Illuminate/Http/Request), Object(Closure))
#40 G:/Mursalin_1295365/Laravel/ecommerce/vendor/laravel/framework/src/Illuminate/Http/Middleware/ValidatePostSize.php(27): Illuminate/Pipeline/Pipeline->{closure:{closure:Illuminate/Pipeline/Pipeline::carry():194}:195}(Object(Illuminate/Http/Request))
#41 G:/Mursalin_1295365/Laravel/ecommerce/vendor/laravel/framework/src/Illuminate/Pipeline/Pipeline.php(219): Illuminate/Http/Middleware/ValidatePostSize->handle(Object(Illuminate/Http/Request), Object(Closure))
#42 G:/Mursalin_1295365/Laravel/ecommerce/vendor/laravel/framework/src/Illuminate/Foundation/Http/Middleware/PreventRequestsDuringMaintenance.php(110): Illuminate/Pipeline/Pipeline->{closure:{closure:Illuminate/Pipeline/Pipeline::carry():194}:195}(Object(Illuminate/Http/Request))
#43 G:/Mursalin_1295365/Laravel/ecommerce/vendor/laravel/framework/src/Illuminate/Pipeline/Pipeline.php(219): Illuminate/Foundation/Http/Middleware/PreventRequestsDuringMaintenance->handle(Object(Illuminate/Http/Request), Object(Closure))
#44 G:/Mursalin_1295365/Laravel/ecommerce/vendor/laravel/framework/src/Illuminate/Http/Middleware/HandleCors.php(61): Illuminate/Pipeline/Pipeline->{closure:{closure:Illuminate/Pipeline/Pipeline::carry():194}:195}(Object(Illuminate/Http/Request))
#45 G:/Mursalin_1295365/Laravel/ecommerce/vendor/laravel/framework/src/Illuminate/Pipeline/Pipeline.php(219): Illuminate/Http/Middleware/HandleCors->handle(Object(Illuminate/Http/Request), Object(Closure))
#46 G:/Mursalin_1295365/Laravel/ecommerce/vendor/laravel/framework/src/Illuminate/Http/Middleware/TrustProxies.php(58): Illuminate/Pipeline/Pipeline->{closure:{closure:Illuminate/Pipeline/Pipeline::carry():194}:195}(Object(Illuminate/Http/Request))
#47 G:/Mursalin_1295365/Laravel/ecommerce/vendor/laravel/framework/src/Illuminate/Pipeline/Pipeline.php(219): Illuminate/Http/Middleware/TrustProxies->handle(Object(Illuminate/Http/Request), Object(Closure))
#48 G:/Mursalin_1295365/Laravel/ecommerce/vendor/laravel/framework/src/Illuminate/Foundation/Http/Middleware/InvokeDeferredCallbacks.php(22): Illuminate/Pipeline/Pipeline->{closure:{closure:Illuminate/Pipeline/Pipeline::carry():194}:195}(Object(Illuminate/Http/Request))
#49 G:/Mursalin_1295365/Laravel/ecommerce/vendor/laravel/framework/src/Illuminate/Pipeline/Pipeline.php(219): Illuminate/Foundation/Http/Middleware/InvokeDeferredCallbacks->handle(Object(Illuminate/Http/Request), Object(Closure))
#50 G:/Mursalin_1295365/Laravel/ecommerce/vendor/laravel/framework/src/Illuminate/Http/Middleware/ValidatePathEncoding.php(28): Illuminate/Pipeline/Pipeline->{closure:{closure:Illuminate/Pipeline/Pipeline::carry():194}:195}(Object(Illuminate/Http/Request))
#51 G:/Mursalin_1295365/Laravel/ecommerce/vendor/laravel/framework/src/Illuminate/Pipeline/Pipeline.php(219): Illuminate/Http/Middleware/ValidatePathEncoding->handle(Object(Illuminate/Http/Request), Object(Closure))
#52 G:/Mursalin_1295365/Laravel/ecommerce/vendor/laravel/framework/src/Illuminate/Pipeline/Pipeline.php(137): Illuminate/Pipeline/Pipeline->{closure:{closure:Illuminate/Pipeline/Pipeline::carry():194}:195}(Object(Illuminate/Http/Request))
#53 G:/Mursalin_1295365/Laravel/ecommerce/vendor/laravel/framework/src/Illuminate/Foundation/Http/Kernel.php(175): Illuminate/Pipeline/Pipeline->then(Object(Closure))
#54 G:/Mursalin_1295365/Laravel/ecommerce/vendor/laravel/framework/src/Illuminate/Foundation/Http/Kernel.php(144): Illuminate/Foundation/Http/Kernel->sendRequestThroughRouter(Object(Illuminate/Http/Request))
#55 G:/Mursalin_1295365/Laravel/ecommerce/vendor/laravel/framework/src/Illuminate/Foundation/Application.php(1227): Illuminate/Foundation/Http/Kernel->handle(Object(Illuminate/Http/Request))
#56 G:/Mursalin_1295365/Laravel/ecommerce/public/index.php(20): Illuminate/Foundation/Application->handleRequest(Object(Illuminate/Http/Request))
#57 G:/Mursalin_1295365/Laravel/ecommerce/vendor/laravel/framework/src/Illuminate/Foundation/resources/server.php(23): require_once('G://Mursalin_129...')
#58 {main}
"} 
[2026-09-12 03:21:07] local.ERROR: Database file at path [G:\Mursalin_1295365\Laravel\ecommerce\database\database.sqlite] does not exist. Ensure this is an absolute path to the database. (Connection: sqlite, Database: G:\Mursalin_1295365\Laravel\ecommerce\database\database.sqlite, SQL: select * from "sessions" where "id" = JiJht6DasyngdC1AtEMIxoNQ8QQFAZm73mx0oKwO limit 1) {"exception":"[object] (Illuminate\\Database\\QueryException(code: 0): Database file at path [G:\\Mursalin_1295365\\Laravel\\ecommerce\\database\\database.sqlite] does not exist. Ensure this is an absolute path to the database. (Connection: sqlite, Database: G:\\Mursalin_1295365\\Laravel\\ecommerce\\database\\database.sqlite, SQL: select * from \"sessions\" where \"id\" = JiJht6DasyngdC1AtEMIxoNQ8QQFAZm73mx0oKwO limit 1) at G:/Mursalin_1295365/Laravel/ecommerce/vendor/laravel/framework/src/Illuminate/Database/Connection.php:857)
[stacktrace]
#0 G:/Mursalin_1295365/Laravel/ecommerce/vendor/laravel/framework/src/Illuminate/Database/Connection.php(813): Illuminate/Database/Connection->runQueryCallback('select * from \"...', Array, Object(Closure))
#1 G:/Mursalin_1295365/Laravel/ecommerce/vendor/laravel/framework/src/Illuminate/Database/Connection.php(426): Illuminate/Database/Connection->run('select * from \"...', Array, Object(Closure))
#2 G:/Mursalin_1295365/Laravel/ecommerce/vendor/laravel/framework/src/Illuminate/Database/Query/Builder.php(3629): Illuminate/Database/Connection->select('select * from \"...', Array, false, Array)
#3 G:/Mursalin_1295365/Laravel/ecommerce/vendor/laravel/framework/src/Illuminate/Database/Query/Builder.php(3613): Illuminate/Database/Query/Builder->runSelect()
#4 G:/Mursalin_1295365/Laravel/ecommerce/vendor/laravel/framework/src/Illuminate/Database/Concerns/BuildsQueries.php(408): Illuminate/Database/Query/Builder->get(Array)
#5 G:/Mursalin_1295365/Laravel/ecommerce/vendor/laravel/framework/src/Illuminate/Database/Query/Builder.php(3531): Illuminate/Database/Query/Builder->first(Array)
#6 G:/Mursalin_1295365/Laravel/ecommerce/vendor/laravel/framework/src/Illuminate/Session/DatabaseSessionHandler.php(96): Illuminate/Database/Query/Builder->find('JiJht6DasyngdC1...')
#7 G:/Mursalin_1295365/Laravel/ecommerce/vendor/laravel/framework/src/Illuminate/Session/Store.php(128): Illuminate/Session/DatabaseSessionHandler->read('JiJht6DasyngdC1...')
#8 G:/Mursalin_1295365/Laravel/ecommerce/vendor/laravel/framework/src/Illuminate/Session/Store.php(116): Illuminate/Session/Store->readFromHandler()
#9 G:/Mursalin_1295365/Laravel/ecommerce/vendor/laravel/framework/src/Illuminate/Session/Store.php(100): Illuminate/Session/Store->loadSession()
#10 G:/Mursalin_1295365/Laravel/ecommerce/vendor/laravel/framework/src/Illuminate/Session/Middleware/StartSession.php(146): Illuminate/Session/Store->start()
#11 G:/Mursalin_1295365/Laravel/ecommerce/vendor/laravel/framework/src/Illuminate/Support/helpers.php(393): Illuminate/Session/Middleware/StartSession->{closure:Illuminate/Session/Middleware/StartSession::startSession():143}(Object(Illuminate/Session/Store))
#12 G:/Mursalin_1295365/Laravel/ecommerce/vendor/laravel/framework/src/Illuminate/Session/Middleware/StartSession.php(143): tap(Object(Illuminate/Session/Store), Object(Closure))
#13 G:/Mursalin_1295365/Laravel/ecommerce/vendor/laravel/framework/src/Illuminate/Session/Middleware/StartSession.php(115): Illuminate/Session/Middleware/StartSession->startSession(Object(Illuminate/Http/Request), Object(Illuminate/Session/Store))
#14 G:/Mursalin_1295365/Laravel/ecommerce/vendor/laravel/framework/src/Illuminate/Session/Middleware/StartSession.php(63): Illuminate/Session/Middleware/StartSession->handleStatefulRequest(Object(Illuminate/Http/Request), Object(Illuminate/Session/Store), Object(Closure))
#15 G:/Mursalin_1295365/Laravel/ecommerce/vendor/laravel/framework/src/Illuminate/Pipeline/Pipeline.php(219): Illuminate/Session/Middleware/StartSession->handle(Object(Illuminate/Http/Request), Object(Closure))
#16 G:/Mursalin_1295365/Laravel/ecommerce/vendor/laravel/framework/src/Illuminate/Cookie/Middleware/AddQueuedCookiesToResponse.php(36): Illuminate/Pipeline/Pipeline->{closure:{closure:Illuminate/Pipeline/Pipeline::carry():194}:195}(Object(Illuminate/Http/Request))
#17 G:/Mursalin_1295365/Laravel/ecommerce/vendor/laravel/framework/src/Illuminate/Pipeline/Pipeline.php(219): Illuminate/Cookie/Middleware/AddQueuedCookiesToResponse->handle(Object(Illuminate/Http/Request), Object(Closure))
#18 G:/Mursalin_1295365/Laravel/ecommerce/vendor/laravel/framework/src/Illuminate/Cookie/Middleware/EncryptCookies.php(74): Illuminate/Pipeline/Pipeline->{closure:{closure:Illuminate/Pipeline/Pipeline::carry():194}:195}(Object(Illuminate/Http/Request))
#19 G:/Mursalin_1295365/Laravel/ecommerce/vendor/laravel/framework/src/Illuminate/Pipeline/Pipeline.php(219): Illuminate/Cookie/Middleware/EncryptCookies->handle(Object(Illuminate/Http/Request), Object(Closure))
#20 G:/Mursalin_1295365/Laravel/ecommerce/vendor/laravel/framework/src/Illuminate/Pipeline/Pipeline.php(137): Illuminate/Pipeline/Pipeline->{closure:{closure:Illuminate/Pipeline/Pipeline::carry():194}:195}(Object(Illuminate/Http/Request))
#21 G:/Mursalin_1295365/Laravel/ecommerce/vendor/laravel/framework/src/Illuminate/Routing/Router.php(821): Illuminate/Pipeline/Pipeline->then(Object(Closure))
#22 G:/Mursalin_1295365/Laravel/ecommerce/vendor/laravel/framework/src/Illuminate/Routing/Router.php(800): Illuminate/Routing/Router->runRouteWithinStack(Object(Illuminate/Routing/Route), Object(Illuminate/Http/Request))
#23 G:/Mursalin_1295365/Laravel/ecommerce/vendor/laravel/framework/src/Illuminate/Routing/Router.php(764): Illuminate/Routing/Router->runRoute(Object(Illuminate/Http/Request), Object(Illuminate/Routing/Route))
#24 G:/Mursalin_1295365/Laravel/ecommerce/vendor/laravel/framework/src/Illuminate/Routing/Router.php(753): Illuminate/Routing/Router->dispatchToRoute(Object(Illuminate/Http/Request))
#25 G:/Mursalin_1295365/Laravel/ecommerce/vendor/laravel/framework/src/Illuminate/Foundation/Http/Kernel.php(200): Illuminate/Routing/Router->dispatch(Object(Illuminate/Http/Request))
#26 G:/Mursalin_1295365/Laravel/ecommerce/vendor/laravel/framework/src/Illuminate/Pipeline/Pipeline.php(180): Illuminate/Foundation/Http/Kernel->{closure:Illuminate/Foundation/Http/Kernel::dispatchToRouter():197}(Object(Illuminate/Http/Request))
#27 G:/Mursalin_1295365/Laravel/ecommerce/vendor/laravel/framework/src/Illuminate/Foundation/Http/Middleware/TransformsRequest.php(21): Illuminate/Pipeline/Pipeline->{closure:Illuminate/Pipeline/Pipeline::prepareDestination():178}(Object(Illuminate/Http/Request))
#28 G:/Mursalin_1295365/Laravel/ecommerce/vendor/laravel/framework/src/Illuminate/Foundation/Http/Middleware/ConvertEmptyStringsToNull.php(31): Illuminate/Foundation/Http/Middleware/TransformsRequest->handle(Object(Illuminate/Http/Request), Object(Closure))
#29 G:/Mursalin_1295365/Laravel/ecommerce/vendor/laravel/framework/src/Illuminate/Pipeline/Pipeline.php(219): Illuminate/Foundation/Http/Middleware/ConvertEmptyStringsToNull->handle(Object(Illuminate/Http/Request), Object(Closure))
#30 G:/Mursalin_1295365/Laravel/ecommerce/vendor/laravel/framework/src/Illuminate/Foundation/Http/Middleware/TransformsRequest.php(21): Illuminate/Pipeline/Pipeline->{closure:{closure:Illuminate/Pipeline/Pipeline::carry():194}:195}(Object(Illuminate/Http/Request))
#31 G:/Mursalin_1295365/Laravel/ecommerce/vendor/laravel/framework/src/Illuminate/Foundation/Http/Middleware/TrimStrings.php(51): Illuminate/Foundation/Http/Middleware/TransformsRequest->handle(Object(Illuminate/Http/Request), Object(Closure))
#32 G:/Mursalin_1295365/Laravel/ecommerce/vendor/laravel/framework/src/Illuminate/Pipeline/Pipeline.php(219): Illuminate/Foundation/Http/Middleware/TrimStrings->handle(Object(Illuminate/Http/Request), Object(Closure))
#33 G:/Mursalin_1295365/Laravel/ecommerce/vendor/laravel/framework/src/Illuminate/Http/Middleware/ValidatePostSize.php(27): Illuminate/Pipeline/Pipeline->{closure:{closure:Illuminate/Pipeline/Pipeline::carry():194}:195}(Object(Illuminate/Http/Request))
#34 G:/Mursalin_1295365/Laravel/ecommerce/vendor/laravel/framework/src/Illuminate/Pipeline/Pipeline.php(219): Illuminate/Http/Middleware/ValidatePostSize->handle(Object(Illuminate/Http/Request), Object(Closure))
#35 G:/Mursalin_1295365/Laravel/ecommerce/vendor/laravel/framework/src/Illuminate/Foundation/Http/Middleware/PreventRequestsDuringMaintenance.php(110): Illuminate/Pipeline/Pipeline->{closure:{closure:Illuminate/Pipeline/Pipeline::carry():194}:195}(Object(Illuminate/Http/Request))
#36 G:/Mursalin_1295365/Laravel/ecommerce/vendor/laravel/framework/src/Illuminate/Pipeline/Pipeline.php(219): Illuminate/Foundation/Http/Middleware/PreventRequestsDuringMaintenance->handle(Object(Illuminate/Http/Request), Object(Closure))
#37 G:/Mursalin_1295365/Laravel/ecommerce/vendor/laravel/framework/src/Illuminate/Http/Middleware/HandleCors.php(61): Illuminate/Pipeline/Pipeline->{closure:{closure:Illuminate/Pipeline/Pipeline::carry():194}:195}(Object(Illuminate/Http/Request))
#38 G:/Mursalin_1295365/Laravel/ecommerce/vendor/laravel/framework/src/Illuminate/Pipeline/Pipeline.php(219): Illuminate/Http/Middleware/HandleCors->handle(Object(Illuminate/Http/Request), Object(Closure))
#39 G:/Mursalin_1295365/Laravel/ecommerce/vendor/laravel/framework/src/Illuminate/Http/Middleware/TrustProxies.php(58): Illuminate/Pipeline/Pipeline->{closure:{closure:Illuminate/Pipeline/Pipeline::carry():194}:195}(Object(Illuminate/Http/Request))
#40 G:/Mursalin_1295365/Laravel/ecommerce/vendor/laravel/framework/src/Illuminate/Pipeline/Pipeline.php(219): Illuminate/Http/Middleware/TrustProxies->handle(Object(Illuminate/Http/Request), Object(Closure))
#41 G:/Mursalin_1295365/Laravel/ecommerce/vendor/laravel/framework/src/Illuminate/Foundation/Http/Middleware/InvokeDeferredCallbacks.php(22): Illuminate/Pipeline/Pipeline->{closure:{closure:Illuminate/Pipeline/Pipeline::carry():194}:195}(Object(Illuminate/Http/Request))
#42 G:/Mursalin_1295365/Laravel/ecommerce/vendor/laravel/framework/src/Illuminate/Pipeline/Pipeline.php(219): Illuminate/Foundation/Http/Middleware/InvokeDeferredCallbacks->handle(Object(Illuminate/Http/Request), Object(Closure))
#43 G:/Mursalin_1295365/Laravel/ecommerce/vendor/laravel/framework/src/Illuminate/Http/Middleware/ValidatePathEncoding.php(28): Illuminate/Pipeline/Pipeline->{closure:{closure:Illuminate/Pipeline/Pipeline::carry():194}:195}(Object(Illuminate/Http/Request))
#44 G:/Mursalin_1295365/Laravel/ecommerce/vendor/laravel/framework/src/Illuminate/Pipeline/Pipeline.php(219): Illuminate/Http/Middleware/ValidatePathEncoding->handle(Object(Illuminate/Http/Request), Object(Closure))
#45 G:/Mursalin_1295365/Laravel/ecommerce/vendor/laravel/framework/src/Illuminate/Pipeline/Pipeline.php(137): Illuminate/Pipeline/Pipeline->{closure:{closure:Illuminate/Pipeline/Pipeline::carry():194}:195}(Object(Illuminate/Http/Request))
#46 G:/Mursalin_1295365/Laravel/ecommerce/vendor/laravel/framework/src/Illuminate/Foundation/Http/Kernel.php(175): Illuminate/Pipeline/Pipeline->then(Object(Closure))
#47 G:/Mursalin_1295365/Laravel/ecommerce/vendor/laravel/framework/src/Illuminate/Foundation/Http/Kernel.php(144): Illuminate/Foundation/Http/Kernel->sendRequestThroughRouter(Object(Illuminate/Http/Request))
#48 G:/Mursalin_1295365/Laravel/ecommerce/vendor/laravel/framework/src/Illuminate/Foundation/Application.php(1227): Illuminate/Foundation/Http/Kernel->handle(Object(Illuminate/Http/Request))
#49 G:/Mursalin_1295365/Laravel/ecommerce/public/index.php(20): Illuminate/Foundation/Application->handleRequest(Object(Illuminate/Http/Request))
#50 G:/Mursalin_1295365/Laravel/ecommerce/vendor/laravel/framework/src/Illuminate/Foundation/resources/server.php(23): require_once('G://Mursalin_129...')
#51 {main}

[previous exception] [object] (Illuminate\\Database\\SQLiteDatabaseDoesNotExistException(code: 0): Database file at path [G:\\Mursalin_1295365\\Laravel\\ecommerce\\database\\database.sqlite] does not exist. Ensure this is an absolute path to the database. at G:/Mursalin_1295365/Laravel/ecommerce/vendor/laravel/framework/src/Illuminate/Database/Connectors/SQLiteConnector.php:61)
[stacktrace]
#0 G:/Mursalin_1295365/Laravel/ecommerce/vendor/laravel/framework/src/Illuminate/Database/Connectors/SQLiteConnector.php(19): Illuminate/Database/Connectors/SQLiteConnector->parseDatabasePath(false)
#1 G:/Mursalin_1295365/Laravel/ecommerce/vendor/laravel/framework/src/Illuminate/Database/Connectors/ConnectionFactory.php(259): Illuminate/Database/Connectors/SQLiteConnector->connect(Array)
#2 [internal function]: Illuminate/Database/Connectors/ConnectionFactory->{closure:Illuminate/Database/Connectors/ConnectionFactory::createPdoResolverWithoutHosts():259}()
#3 G:/Mursalin_1295365/Laravel/ecommerce/vendor/laravel/framework/src/Illuminate/Database/Connection.php(1298): call_user_func(Object(Closure))
#4 G:/Mursalin_1295365/Laravel/ecommerce/vendor/laravel/framework/src/Illuminate/Database/Connection.php(542): Illuminate/Database/Connection->getPdo()
#5 G:/Mursalin_1295365/Laravel/ecommerce/vendor/laravel/framework/src/Illuminate/Database/Connection.php(435): Illuminate/Database/Connection->getPdoForSelect(false)
#6 G:/Mursalin_1295365/Laravel/ecommerce/vendor/laravel/framework/src/Illuminate/Database/Connection.php(846): Illuminate/Database/Connection->{closure:Illuminate/Database/Connection::select():426}('select * from \"...', Array)
#7 G:/Mursalin_1295365/Laravel/ecommerce/vendor/laravel/framework/src/Illuminate/Database/Connection.php(813): Illuminate/Database/Connection->runQueryCallback('select * from \"...', Array, Object(Closure))
#8 G:/Mursalin_1295365/Laravel/ecommerce/vendor/laravel/framework/src/Illuminate/Database/Connection.php(426): Illuminate/Database/Connection->run('select * from \"...', Array, Object(Closure))
#9 G:/Mursalin_1295365/Laravel/ecommerce/vendor/laravel/framework/src/Illuminate/Database/Query/Builder.php(3629): Illuminate/Database/Connection->select('select * from \"...', Array, false, Array)
#10 G:/Mursalin_1295365/Laravel/ecommerce/vendor/laravel/framework/src/Illuminate/Database/Query/Builder.php(3613): Illuminate/Database/Query/Builder->runSelect()
#11 G:/Mursalin_1295365/Laravel/ecommerce/vendor/laravel/framework/src/Illuminate/Database/Concerns/BuildsQueries.php(408): Illuminate/Database/Query/Builder->get(Array)
#12 G:/Mursalin_1295365/Laravel/ecommerce/vendor/laravel/framework/src/Illuminate/Database/Query/Builder.php(3531): Illuminate/Database/Query/Builder->first(Array)
#13 G:/Mursalin_1295365/Laravel/ecommerce/vendor/laravel/framework/src/Illuminate/Session/DatabaseSessionHandler.php(96): Illuminate/Database/Query/Builder->find('JiJht6DasyngdC1...')
#14 G:/Mursalin_1295365/Laravel/ecommerce/vendor/laravel/framework/src/Illuminate/Session/Store.php(128): Illuminate/Session/DatabaseSessionHandler->read('JiJht6DasyngdC1...')
#15 G:/Mursalin_1295365/Laravel/ecommerce/vendor/laravel/framework/src/Illuminate/Session/Store.php(116): Illuminate/Session/Store->readFromHandler()
#16 G:/Mursalin_1295365/Laravel/ecommerce/vendor/laravel/framework/src/Illuminate/Session/Store.php(100): Illuminate/Session/Store->loadSession()
#17 G:/Mursalin_1295365/Laravel/ecommerce/vendor/laravel/framework/src/Illuminate/Session/Middleware/StartSession.php(146): Illuminate/Session/Store->start()
#18 G:/Mursalin_1295365/Laravel/ecommerce/vendor/laravel/framework/src/Illuminate/Support/helpers.php(393): Illuminate/Session/Middleware/StartSession->{closure:Illuminate/Session/Middleware/StartSession::startSession():143}(Object(Illuminate/Session/Store))
#19 G:/Mursalin_1295365/Laravel/ecommerce/vendor/laravel/framework/src/Illuminate/Session/Middleware/StartSession.php(143): tap(Object(Illuminate/Session/Store), Object(Closure))
#20 G:/Mursalin_1295365/Laravel/ecommerce/vendor/laravel/framework/src/Illuminate/Session/Middleware/StartSession.php(115): Illuminate/Session/Middleware/StartSession->startSession(Object(Illuminate/Http/Request), Object(Illuminate/Session/Store))
#21 G:/Mursalin_1295365/Laravel/ecommerce/vendor/laravel/framework/src/Illuminate/Session/Middleware/StartSession.php(63): Illuminate/Session/Middleware/StartSession->handleStatefulRequest(Object(Illuminate/Http/Request), Object(Illuminate/Session/Store), Object(Closure))
#22 G:/Mursalin_1295365/Laravel/ecommerce/vendor/laravel/framework/src/Illuminate/Pipeline/Pipeline.php(219): Illuminate/Session/Middleware/StartSession->handle(Object(Illuminate/Http/Request), Object(Closure))
#23 G:/Mursalin_1295365/Laravel/ecommerce/vendor/laravel/framework/src/Illuminate/Cookie/Middleware/AddQueuedCookiesToResponse.php(36): Illuminate/Pipeline/Pipeline->{closure:{closure:Illuminate/Pipeline/Pipeline::carry():194}:195}(Object(Illuminate/Http/Request))
#24 G:/Mursalin_1295365/Laravel/ecommerce/vendor/laravel/framework/src/Illuminate/Pipeline/Pipeline.php(219): Illuminate/Cookie/Middleware/AddQueuedCookiesToResponse->handle(Object(Illuminate/Http/Request), Object(Closure))
#25 G:/Mursalin_1295365/Laravel/ecommerce/vendor/laravel/framework/src/Illuminate/Cookie/Middleware/EncryptCookies.php(74): Illuminate/Pipeline/Pipeline->{closure:{closure:Illuminate/Pipeline/Pipeline::carry():194}:195}(Object(Illuminate/Http/Request))
#26 G:/Mursalin_1295365/Laravel/ecommerce/vendor/laravel/framework/src/Illuminate/Pipeline/Pipeline.php(219): Illuminate/Cookie/Middleware/EncryptCookies->handle(Object(Illuminate/Http/Request), Object(Closure))
#27 G:/Mursalin_1295365/Laravel/ecommerce/vendor/laravel/framework/src/Illuminate/Pipeline/Pipeline.php(137): Illuminate/Pipeline/Pipeline->{closure:{closure:Illuminate/Pipeline/Pipeline::carry():194}:195}(Object(Illuminate/Http/Request))
#28 G:/Mursalin_1295365/Laravel/ecommerce/vendor/laravel/framework/src/Illuminate/Routing/Router.php(821): Illuminate/Pipeline/Pipeline->then(Object(Closure))
#29 G:/Mursalin_1295365/Laravel/ecommerce/vendor/laravel/framework/src/Illuminate/Routing/Router.php(800): Illuminate/Routing/Router->runRouteWithinStack(Object(Illuminate/Routing/Route), Object(Illuminate/Http/Request))
#30 G:/Mursalin_1295365/Laravel/ecommerce/vendor/laravel/framework/src/Illuminate/Routing/Router.php(764): Illuminate/Routing/Router->runRoute(Object(Illuminate/Http/Request), Object(Illuminate/Routing/Route))
#31 G:/Mursalin_1295365/Laravel/ecommerce/vendor/laravel/framework/src/Illuminate/Routing/Router.php(753): Illuminate/Routing/Router->dispatchToRoute(Object(Illuminate/Http/Request))
#32 G:/Mursalin_1295365/Laravel/ecommerce/vendor/laravel/framework/src/Illuminate/Foundation/Http/Kernel.php(200): Illuminate/Routing/Router->dispatch(Object(Illuminate/Http/Request))
#33 G:/Mursalin_1295365/Laravel/ecommerce/vendor/laravel/framework/src/Illuminate/Pipeline/Pipeline.php(180): Illuminate/Foundation/Http/Kernel->{closure:Illuminate/Foundation/Http/Kernel::dispatchToRouter():197}(Object(Illuminate/Http/Request))
#34 G:/Mursalin_1295365/Laravel/ecommerce/vendor/laravel/framework/src/Illuminate/Foundation/Http/Middleware/TransformsRequest.php(21): Illuminate/Pipeline/Pipeline->{closure:Illuminate/Pipeline/Pipeline::prepareDestination():178}(Object(Illuminate/Http/Request))
#35 G:/Mursalin_1295365/Laravel/ecommerce/vendor/laravel/framework/src/Illuminate/Foundation/Http/Middleware/ConvertEmptyStringsToNull.php(31): Illuminate/Foundation/Http/Middleware/TransformsRequest->handle(Object(Illuminate/Http/Request), Object(Closure))
#36 G:/Mursalin_1295365/Laravel/ecommerce/vendor/laravel/framework/src/Illuminate/Pipeline/Pipeline.php(219): Illuminate/Foundation/Http/Middleware/ConvertEmptyStringsToNull->handle(Object(Illuminate/Http/Request), Object(Closure))
#37 G:/Mursalin_1295365/Laravel/ecommerce/vendor/laravel/framework/src/Illuminate/Foundation/Http/Middleware/TransformsRequest.php(21): Illuminate/Pipeline/Pipeline->{closure:{closure:Illuminate/Pipeline/Pipeline::carry():194}:195}(Object(Illuminate/Http/Request))
#38 G:/Mursalin_1295365/Laravel/ecommerce/vendor/laravel/framework/src/Illuminate/Foundation/Http/Middleware/TrimStrings.php(51): Illuminate/Foundation/Http/Middleware/TransformsRequest->handle(Object(Illuminate/Http/Request), Object(Closure))
#39 G:/Mursalin_1295365/Laravel/ecommerce/vendor/laravel/framework/src/Illuminate/Pipeline/Pipeline.php(219): Illuminate/Foundation/Http/Middleware/TrimStrings->handle(Object(Illuminate/Http/Request), Object(Closure))
#40 G:/Mursalin_1295365/Laravel/ecommerce/vendor/laravel/framework/src/Illuminate/Http/Middleware/ValidatePostSize.php(27): Illuminate/Pipeline/Pipeline->{closure:{closure:Illuminate/Pipeline/Pipeline::carry():194}:195}(Object(Illuminate/Http/Request))
#41 G:/Mursalin_1295365/Laravel/ecommerce/vendor/laravel/framework/src/Illuminate/Pipeline/Pipeline.php(219): Illuminate/Http/Middleware/ValidatePostSize->handle(Object(Illuminate/Http/Request), Object(Closure))
#42 G:/Mursalin_1295365/Laravel/ecommerce/vendor/laravel/framework/src/Illuminate/Foundation/Http/Middleware/PreventRequestsDuringMaintenance.php(110): Illuminate/Pipeline/Pipeline->{closure:{closure:Illuminate/Pipeline/Pipeline::carry():194}:195}(Object(Illuminate/Http/Request))
#43 G:/Mursalin_1295365/Laravel/ecommerce/vendor/laravel/framework/src/Illuminate/Pipeline/Pipeline.php(219): Illuminate/Foundation/Http/Middleware/PreventRequestsDuringMaintenance->handle(Object(Illuminate/Http/Request), Object(Closure))
#44 G:/Mursalin_1295365/Laravel/ecommerce/vendor/laravel/framework/src/Illuminate/Http/Middleware/HandleCors.php(61): Illuminate/Pipeline/Pipeline->{closure:{closure:Illuminate/Pipeline/Pipeline::carry():194}:195}(Object(Illuminate/Http/Request))
#45 G:/Mursalin_1295365/Laravel/ecommerce/vendor/laravel/framework/src/Illuminate/Pipeline/Pipeline.php(219): Illuminate/Http/Middleware/HandleCors->handle(Object(Illuminate/Http/Request), Object(Closure))
#46 G:/Mursalin_1295365/Laravel/ecommerce/vendor/laravel/framework/src/Illuminate/Http/Middleware/TrustProxies.php(58): Illuminate/Pipeline/Pipeline->{closure:{closure:Illuminate/Pipeline/Pipeline::carry():194}:195}(Object(Illuminate/Http/Request))
#47 G:/Mursalin_1295365/Laravel/ecommerce/vendor/laravel/framework/src/Illuminate/Pipeline/Pipeline.php(219): Illuminate/Http/Middleware/TrustProxies->handle(Object(Illuminate/Http/Request), Object(Closure))
#48 G:/Mursalin_1295365/Laravel/ecommerce/vendor/laravel/framework/src/Illuminate/Foundation/Http/Middleware/InvokeDeferredCallbacks.php(22): Illuminate/Pipeline/Pipeline->{closure:{closure:Illuminate/Pipeline/Pipeline::carry():194}:195}(Object(Illuminate/Http/Request))
#49 G:/Mursalin_1295365/Laravel/ecommerce/vendor/laravel/framework/src/Illuminate/Pipeline/Pipeline.php(219): Illuminate/Foundation/Http/Middleware/InvokeDeferredCallbacks->handle(Object(Illuminate/Http/Request), Object(Closure))
#50 G:/Mursalin_1295365/Laravel/ecommerce/vendor/laravel/framework/src/Illuminate/Http/Middleware/ValidatePathEncoding.php(28): Illuminate/Pipeline/Pipeline->{closure:{closure:Illuminate/Pipeline/Pipeline::carry():194}:195}(Object(Illuminate/Http/Request))
#51 G:/Mursalin_1295365/Laravel/ecommerce/vendor/laravel/framework/src/Illuminate/Pipeline/Pipeline.php(219): Illuminate/Http/Middleware/ValidatePathEncoding->handle(Object(Illuminate/Http/Request), Object(Closure))
#52 G:/Mursalin_1295365/Laravel/ecommerce/vendor/laravel/framework/src/Illuminate/Pipeline/Pipeline.php(137): Illuminate/Pipeline/Pipeline->{closure:{closure:Illuminate/Pipeline/Pipeline::carry():194}:195}(Object(Illuminate/Http/Request))
#53 G:/Mursalin_1295365/Laravel/ecommerce/vendor/laravel/framework/src/Illuminate/Foundation/Http/Kernel.php(175): Illuminate/Pipeline/Pipeline->then(Object(Closure))
#54 G:/Mursalin_1295365/Laravel/ecommerce/vendor/laravel/framework/src/Illuminate/Foundation/Http/Kernel.php(144): Illuminate/Foundation/Http/Kernel->sendRequestThroughRouter(Object(Illuminate/Http/Request))
#55 G:/Mursalin_1295365/Laravel/ecommerce/vendor/laravel/framework/src/Illuminate/Foundation/Application.php(1227): Illuminate/Foundation/Http/Kernel->handle(Object(Illuminate/Http/Request))
#56 G:/Mursalin_1295365/Laravel/ecommerce/public/index.php(20): Illuminate/Foundation/Application->handleRequest(Object(Illuminate/Http/Request))
#57 G:/Mursalin_1295365/Laravel/ecommerce/vendor/laravel/framework/src/Illuminate/Foundation/resources/server.php(23): require_once('G://Mursalin_129...')
#58 {main}
"} 
[2026-09-12 03:26:28] local.ERROR: SQLSTATE[HY000]: General error: 1 no such table: sessions (Connection: sqlite, Database: G:\Mursalin_1295365\Laravel\ecommerce\database\database.sqlite, SQL: select * from "sessions" where "id" = rLhmoPgwuvHtKRApOvU8EnEgT6Cxw4YElCoELI6c limit 1) {"exception":"[object] (Illuminate\\Database\\QueryException(code: HY000): SQLSTATE[HY000]: General error: 1 no such table: sessions (Connection: sqlite, Database: G:\\Mursalin_1295365\\Laravel\\ecommerce\\database\\database.sqlite, SQL: select * from \"sessions\" where \"id\" = rLhmoPgwuvHtKRApOvU8EnEgT6Cxw4YElCoELI6c limit 1) at G:/Mursalin_1295365/Laravel/ecommerce/vendor/laravel/framework/src/Illuminate/Database/Connection.php:857)
[stacktrace]
#0 G:/Mursalin_1295365/Laravel/ecommerce/vendor/laravel/framework/src/Illuminate/Database/Connection.php(813): Illuminate/Database/Connection->runQueryCallback('select * from \"...', Array, Object(Closure))
#1 G:/Mursalin_1295365/Laravel/ecommerce/vendor/laravel/framework/src/Illuminate/Database/Connection.php(426): Illuminate/Database/Connection->run('select * from \"...', Array, Object(Closure))
#2 G:/Mursalin_1295365/Laravel/ecommerce/vendor/laravel/framework/src/Illuminate/Database/Query/Builder.php(3629): Illuminate/Database/Connection->select('select * from \"...', Array, false, Array)
#3 G:/Mursalin_1295365/Laravel/ecommerce/vendor/laravel/framework/src/Illuminate/Database/Query/Builder.php(3613): Illuminate/Database/Query/Builder->runSelect()
#4 G:/Mursalin_1295365/Laravel/ecommerce/vendor/laravel/framework/src/Illuminate/Database/Concerns/BuildsQueries.php(408): Illuminate/Database/Query/Builder->get(Array)
#5 G:/Mursalin_1295365/Laravel/ecommerce/vendor/laravel/framework/src/Illuminate/Database/Query/Builder.php(3531): Illuminate/Database/Query/Builder->first(Array)
#6 G:/Mursalin_1295365/Laravel/ecommerce/vendor/laravel/framework/src/Illuminate/Session/DatabaseSessionHandler.php(96): Illuminate/Database/Query/Builder->find('rLhmoPgwuvHtKRA...')
#7 G:/Mursalin_1295365/Laravel/ecommerce/vendor/laravel/framework/src/Illuminate/Session/Store.php(128): Illuminate/Session/DatabaseSessionHandler->read('rLhmoPgwuvHtKRA...')
#8 G:/Mursalin_1295365/Laravel/ecommerce/vendor/laravel/framework/src/Illuminate/Session/Store.php(116): Illuminate/Session/Store->readFromHandler()
#9 G:/Mursalin_1295365/Laravel/ecommerce/vendor/laravel/framework/src/Illuminate/Session/Store.php(100): Illuminate/Session/Store->loadSession()
#10 G:/Mursalin_1295365/Laravel/ecommerce/vendor/laravel/framework/src/Illuminate/Session/Middleware/StartSession.php(146): Illuminate/Session/Store->start()
#11 G:/Mursalin_1295365/Laravel/ecommerce/vendor/laravel/framework/src/Illuminate/Support/helpers.php(393): Illuminate/Session/Middleware/StartSession->{closure:Illuminate/Session/Middleware/StartSession::startSession():143}(Object(Illuminate/Session/Store))
#12 G:/Mursalin_1295365/Laravel/ecommerce/vendor/laravel/framework/src/Illuminate/Session/Middleware/StartSession.php(143): tap(Object(Illuminate/Session/Store), Object(Closure))
#13 G:/Mursalin_1295365/Laravel/ecommerce/vendor/laravel/framework/src/Illuminate/Session/Middleware/StartSession.php(115): Illuminate/Session/Middleware/StartSession->startSession(Object(Illuminate/Http/Request), Object(Illuminate/Session/Store))
#14 G:/Mursalin_1295365/Laravel/ecommerce/vendor/laravel/framework/src/Illuminate/Session/Middleware/StartSession.php(63): Illuminate/Session/Middleware/StartSession->handleStatefulRequest(Object(Illuminate/Http/Request), Object(Illuminate/Session/Store), Object(Closure))
#15 G:/Mursalin_1295365/Laravel/ecommerce/vendor/laravel/framework/src/Illuminate/Pipeline/Pipeline.php(219): Illuminate/Session/Middleware/StartSession->handle(Object(Illuminate/Http/Request), Object(Closure))
#16 G:/Mursalin_1295365/Laravel/ecommerce/vendor/laravel/framework/src/Illuminate/Cookie/Middleware/AddQueuedCookiesToResponse.php(36): Illuminate/Pipeline/Pipeline->{closure:{closure:Illuminate/Pipeline/Pipeline::carry():194}:195}(Object(Illuminate/Http/Request))
#17 G:/Mursalin_1295365/Laravel/ecommerce/vendor/laravel/framework/src/Illuminate/Pipeline/Pipeline.php(219): Illuminate/Cookie/Middleware/AddQueuedCookiesToResponse->handle(Object(Illuminate/Http/Request), Object(Closure))
#18 G:/Mursalin_1295365/Laravel/ecommerce/vendor/laravel/framework/src/Illuminate/Cookie/Middleware/EncryptCookies.php(74): Illuminate/Pipeline/Pipeline->{closure:{closure:Illuminate/Pipeline/Pipeline::carry():194}:195}(Object(Illuminate/Http/Request))
#19 G:/Mursalin_1295365/Laravel/ecommerce/vendor/laravel/framework/src/Illuminate/Pipeline/Pipeline.php(219): Illuminate/Cookie/Middleware/EncryptCookies->handle(Object(Illuminate/Http/Request), Object(Closure))
#20 G:/Mursalin_1295365/Laravel/ecommerce/vendor/laravel/framework/src/Illuminate/Pipeline/Pipeline.php(137): Illuminate/Pipeline/Pipeline->{closure:{closure:Illuminate/Pipeline/Pipeline::carry():194}:195}(Object(Illuminate/Http/Request))
#21 G:/Mursalin_1295365/Laravel/ecommerce/vendor/laravel/framework/src/Illuminate/Routing/Router.php(821): Illuminate/Pipeline/Pipeline->then(Object(Closure))
#22 G:/Mursalin_1295365/Laravel/ecommerce/vendor/laravel/framework/src/Illuminate/Routing/Router.php(800): Illuminate/Routing/Router->runRouteWithinStack(Object(Illuminate/Routing/Route), Object(Illuminate/Http/Request))
#23 G:/Mursalin_1295365/Laravel/ecommerce/vendor/laravel/framework/src/Illuminate/Routing/Router.php(764): Illuminate/Routing/Router->runRoute(Object(Illuminate/Http/Request), Object(Illuminate/Routing/Route))
#24 G:/Mursalin_1295365/Laravel/ecommerce/vendor/laravel/framework/src/Illuminate/Routing/Router.php(753): Illuminate/Routing/Router->dispatchToRoute(Object(Illuminate/Http/Request))
#25 G:/Mursalin_1295365/Laravel/ecommerce/vendor/laravel/framework/src/Illuminate/Foundation/Http/Kernel.php(200): Illuminate/Routing/Router->dispatch(Object(Illuminate/Http/Request))
#26 G:/Mursalin_1295365/Laravel/ecommerce/vendor/laravel/framework/src/Illuminate/Pipeline/Pipeline.php(180): Illuminate/Foundation/Http/Kernel->{closure:Illuminate/Foundation/Http/Kernel::dispatchToRouter():197}(Object(Illuminate/Http/Request))
#27 G:/Mursalin_1295365/Laravel/ecommerce/vendor/laravel/framework/src/Illuminate/Foundation/Http/Middleware/TransformsRequest.php(21): Illuminate/Pipeline/Pipeline->{closure:Illuminate/Pipeline/Pipeline::prepareDestination():178}(Object(Illuminate/Http/Request))
#28 G:/Mursalin_1295365/Laravel/ecommerce/vendor/laravel/framework/src/Illuminate/Foundation/Http/Middleware/ConvertEmptyStringsToNull.php(31): Illuminate/Foundation/Http/Middleware/TransformsRequest->handle(Object(Illuminate/Http/Request), Object(Closure))
#29 G:/Mursalin_1295365/Laravel/ecommerce/vendor/laravel/framework/src/Illuminate/Pipeline/Pipeline.php(219): Illuminate/Foundation/Http/Middleware/ConvertEmptyStringsToNull->handle(Object(Illuminate/Http/Request), Object(Closure))
#30 G:/Mursalin_1295365/Laravel/ecommerce/vendor/laravel/framework/src/Illuminate/Foundation/Http/Middleware/TransformsRequest.php(21): Illuminate/Pipeline/Pipeline->{closure:{closure:Illuminate/Pipeline/Pipeline::carry():194}:195}(Object(Illuminate/Http/Request))
#31 G:/Mursalin_1295365/Laravel/ecommerce/vendor/laravel/framework/src/Illuminate/Foundation/Http/Middleware/TrimStrings.php(51): Illuminate/Foundation/Http/Middleware/TransformsRequest->handle(Object(Illuminate/Http/Request), Object(Closure))
#32 G:/Mursalin_1295365/Laravel/ecommerce/vendor/laravel/framework/src/Illuminate/Pipeline/Pipeline.php(219): Illuminate/Foundation/Http/Middleware/TrimStrings->handle(Object(Illuminate/Http/Request), Object(Closure))
#33 G:/Mursalin_1295365/Laravel/ecommerce/vendor/laravel/framework/src/Illuminate/Http/Middleware/ValidatePostSize.php(27): Illuminate/Pipeline/Pipeline->{closure:{closure:Illuminate/Pipeline/Pipeline::carry():194}:195}(Object(Illuminate/Http/Request))
#34 G:/Mursalin_1295365/Laravel/ecommerce/vendor/laravel/framework/src/Illuminate/Pipeline/Pipeline.php(219): Illuminate/Http/Middleware/ValidatePostSize->handle(Object(Illuminate/Http/Request), Object(Closure))
#35 G:/Mursalin_1295365/Laravel/ecommerce/vendor/laravel/framework/src/Illuminate/Foundation/Http/Middleware/PreventRequestsDuringMaintenance.php(110): Illuminate/Pipeline/Pipeline->{closure:{closure:Illuminate/Pipeline/Pipeline::carry():194}:195}(Object(Illuminate/Http/Request))
#36 G:/Mursalin_1295365/Laravel/ecommerce/vendor/laravel/framework/src/Illuminate/Pipeline/Pipeline.php(219): Illuminate/Foundation/Http/Middleware/PreventRequestsDuringMaintenance->handle(Object(Illuminate/Http/Request), Object(Closure))
#37 G:/Mursalin_1295365/Laravel/ecommerce/vendor/laravel/framework/src/Illuminate/Http/Middleware/HandleCors.php(61): Illuminate/Pipeline/Pipeline->{closure:{closure:Illuminate/Pipeline/Pipeline::carry():194}:195}(Object(Illuminate/Http/Request))
#38 G:/Mursalin_1295365/Laravel/ecommerce/vendor/laravel/framework/src/Illuminate/Pipeline/Pipeline.php(219): Illuminate/Http/Middleware/HandleCors->handle(Object(Illuminate/Http/Request), Object(Closure))
#39 G:/Mursalin_1295365/Laravel/ecommerce/vendor/laravel/framework/src/Illuminate/Http/Middleware/TrustProxies.php(58): Illuminate/Pipeline/Pipeline->{closure:{closure:Illuminate/Pipeline/Pipeline::carry():194}:195}(Object(Illuminate/Http/Request))
#40 G:/Mursalin_1295365/Laravel/ecommerce/vendor/laravel/framework/src/Illuminate/Pipeline/Pipeline.php(219): Illuminate/Http/Middleware/TrustProxies->handle(Object(Illuminate/Http/Request), Object(Closure))
#41 G:/Mursalin_1295365/Laravel/ecommerce/vendor/laravel/framework/src/Illuminate/Foundation/Http/Middleware/InvokeDeferredCallbacks.php(22): Illuminate/Pipeline/Pipeline->{closure:{closure:Illuminate/Pipeline/Pipeline::carry():194}:195}(Object(Illuminate/Http/Request))
#42 G:/Mursalin_1295365/Laravel/ecommerce/vendor/laravel/framework/src/Illuminate/Pipeline/Pipeline.php(219): Illuminate/Foundation/Http/Middleware/InvokeDeferredCallbacks->handle(Object(Illuminate/Http/Request), Object(Closure))
#43 G:/Mursalin_1295365/Laravel/ecommerce/vendor/laravel/framework/src/Illuminate/Http/Middleware/ValidatePathEncoding.php(28): Illuminate/Pipeline/Pipeline->{closure:{closure:Illuminate/Pipeline/Pipeline::carry():194}:195}(Object(Illuminate/Http/Request))
#44 G:/Mursalin_1295365/Laravel/ecommerce/vendor/laravel/framework/src/Illuminate/Pipeline/Pipeline.php(219): Illuminate/Http/Middleware/ValidatePathEncoding->handle(Object(Illuminate/Http/Request), Object(Closure))
#45 G:/Mursalin_1295365/Laravel/ecommerce/vendor/laravel/framework/src/Illuminate/Pipeline/Pipeline.php(137): Illuminate/Pipeline/Pipeline->{closure:{closure:Illuminate/Pipeline/Pipeline::carry():194}:195}(Object(Illuminate/Http/Request))
#46 G:/Mursalin_1295365/Laravel/ecommerce/vendor/laravel/framework/src/Illuminate/Foundation/Http/Kernel.php(175): Illuminate/Pipeline/Pipeline->then(Object(Closure))
#47 G:/Mursalin_1295365/Laravel/ecommerce/vendor/laravel/framework/src/Illuminate/Foundation/Http/Kernel.php(144): Illuminate/Foundation/Http/Kernel->sendRequestThroughRouter(Object(Illuminate/Http/Request))
#48 G:/Mursalin_1295365/Laravel/ecommerce/vendor/laravel/framework/src/Illuminate/Foundation/Application.php(1227): Illuminate/Foundation/Http/Kernel->handle(Object(Illuminate/Http/Request))
#49 G:/Mursalin_1295365/Laravel/ecommerce/public/index.php(20): Illuminate/Foundation/Application->handleRequest(Object(Illuminate/Http/Request))
#50 G:/Mursalin_1295365/Laravel/ecommerce/vendor/laravel/framework/src/Illuminate/Foundation/resources/server.php(23): require_once('G://Mursalin_129...')
#51 {main}

[previous exception] [object] (PDOException(code: HY000): SQLSTATE[HY000]: General error: 1 no such table: sessions at G:/Mursalin_1295365/Laravel/ecommerce/vendor/laravel/framework/src/Illuminate/Database/Connection.php:435)
[stacktrace]
#0 G:/Mursalin_1295365/Laravel/ecommerce/vendor/laravel/framework/src/Illuminate/Database/Connection.php(435): PDO->prepare('select * from \"...')
#1 G:/Mursalin_1295365/Laravel/ecommerce/vendor/laravel/framework/src/Illuminate/Database/Connection.php(846): Illuminate/Database/Connection->{closure:Illuminate/Database/Connection::select():426}('select * from \"...', Array)
#2 G:/Mursalin_1295365/Laravel/ecommerce/vendor/laravel/framework/src/Illuminate/Database/Connection.php(813): Illuminate/Database/Connection->runQueryCallback('select * from \"...', Array, Object(Closure))
#3 G:/Mursalin_1295365/Laravel/ecommerce/vendor/laravel/framework/src/Illuminate/Database/Connection.php(426): Illuminate/Database/Connection->run('select * from \"...', Array, Object(Closure))
#4 G:/Mursalin_1295365/Laravel/ecommerce/vendor/laravel/framework/src/Illuminate/Database/Query/Builder.php(3629): Illuminate/Database/Connection->select('select * from \"...', Array, false, Array)
#5 G:/Mursalin_1295365/Laravel/ecommerce/vendor/laravel/framework/src/Illuminate/Database/Query/Builder.php(3613): Illuminate/Database/Query/Builder->runSelect()
#6 G:/Mursalin_1295365/Laravel/ecommerce/vendor/laravel/framework/src/Illuminate/Database/Concerns/BuildsQueries.php(408): Illuminate/Database/Query/Builder->get(Array)
#7 G:/Mursalin_1295365/Laravel/ecommerce/vendor/laravel/framework/src/Illuminate/Database/Query/Builder.php(3531): Illuminate/Database/Query/Builder->first(Array)
#8 G:/Mursalin_1295365/Laravel/ecommerce/vendor/laravel/framework/src/Illuminate/Session/DatabaseSessionHandler.php(96): Illuminate/Database/Query/Builder->find('rLhmoPgwuvHtKRA...')
#9 G:/Mursalin_1295365/Laravel/ecommerce/vendor/laravel/framework/src/Illuminate/Session/Store.php(128): Illuminate/Session/DatabaseSessionHandler->read('rLhmoPgwuvHtKRA...')
#10 G:/Mursalin_1295365/Laravel/ecommerce/vendor/laravel/framework/src/Illuminate/Session/Store.php(116): Illuminate/Session/Store->readFromHandler()
#11 G:/Mursalin_1295365/Laravel/ecommerce/vendor/laravel/framework/src/Illuminate/Session/Store.php(100): Illuminate/Session/Store->loadSession()
#12 G:/Mursalin_1295365/Laravel/ecommerce/vendor/laravel/framework/src/Illuminate/Session/Middleware/StartSession.php(146): Illuminate/Session/Store->start()
#13 G:/Mursalin_1295365/Laravel/ecommerce/vendor/laravel/framework/src/Illuminate/Support/helpers.php(393): Illuminate/Session/Middleware/StartSession->{closure:Illuminate/Session/Middleware/StartSession::startSession():143}(Object(Illuminate/Session/Store))
#14 G:/Mursalin_1295365/Laravel/ecommerce/vendor/laravel/framework/src/Illuminate/Session/Middleware/StartSession.php(143): tap(Object(Illuminate/Session/Store), Object(Closure))
#15 G:/Mursalin_1295365/Laravel/ecommerce/vendor/laravel/framework/src/Illuminate/Session/Middleware/StartSession.php(115): Illuminate/Session/Middleware/StartSession->startSession(Object(Illuminate/Http/Request), Object(Illuminate/Session/Store))
#16 G:/Mursalin_1295365/Laravel/ecommerce/vendor/laravel/framework/src/Illuminate/Session/Middleware/StartSession.php(63): Illuminate/Session/Middleware/StartSession->handleStatefulRequest(Object(Illuminate/Http/Request), Object(Illuminate/Session/Store), Object(Closure))
#17 G:/Mursalin_1295365/Laravel/ecommerce/vendor/laravel/framework/src/Illuminate/Pipeline/Pipeline.php(219): Illuminate/Session/Middleware/StartSession->handle(Object(Illuminate/Http/Request), Object(Closure))
#18 G:/Mursalin_1295365/Laravel/ecommerce/vendor/laravel/framework/src/Illuminate/Cookie/Middleware/AddQueuedCookiesToResponse.php(36): Illuminate/Pipeline/Pipeline->{closure:{closure:Illuminate/Pipeline/Pipeline::carry():194}:195}(Object(Illuminate/Http/Request))
#19 G:/Mursalin_1295365/Laravel/ecommerce/vendor/laravel/framework/src/Illuminate/Pipeline/Pipeline.php(219): Illuminate/Cookie/Middleware/AddQueuedCookiesToResponse->handle(Object(Illuminate/Http/Request), Object(Closure))
#20 G:/Mursalin_1295365/Laravel/ecommerce/vendor/laravel/framework/src/Illuminate/Cookie/Middleware/EncryptCookies.php(74): Illuminate/Pipeline/Pipeline->{closure:{closure:Illuminate/Pipeline/Pipeline::carry():194}:195}(Object(Illuminate/Http/Request))
#21 G:/Mursalin_1295365/Laravel/ecommerce/vendor/laravel/framework/src/Illuminate/Pipeline/Pipeline.php(219): Illuminate/Cookie/Middleware/EncryptCookies->handle(Object(Illuminate/Http/Request), Object(Closure))
#22 G:/Mursalin_1295365/Laravel/ecommerce/vendor/laravel/framework/src/Illuminate/Pipeline/Pipeline.php(137): Illuminate/Pipeline/Pipeline->{closure:{closure:Illuminate/Pipeline/Pipeline::carry():194}:195}(Object(Illuminate/Http/Request))
#23 G:/Mursalin_1295365/Laravel/ecommerce/vendor/laravel/framework/src/Illuminate/Routing/Router.php(821): Illuminate/Pipeline/Pipeline->then(Object(Closure))
#24 G:/Mursalin_1295365/Laravel/ecommerce/vendor/laravel/framework/src/Illuminate/Routing/Router.php(800): Illuminate/Routing/Router->runRouteWithinStack(Object(Illuminate/Routing/Route), Object(Illuminate/Http/Request))
#25 G:/Mursalin_1295365/Laravel/ecommerce/vendor/laravel/framework/src/Illuminate/Routing/Router.php(764): Illuminate/Routing/Router->runRoute(Object(Illuminate/Http/Request), Object(Illuminate/Routing/Route))
#26 G:/Mursalin_1295365/Laravel/ecommerce/vendor/laravel/framework/src/Illuminate/Routing/Router.php(753): Illuminate/Routing/Router->dispatchToRoute(Object(Illuminate/Http/Request))
#27 G:/Mursalin_1295365/Laravel/ecommerce/vendor/laravel/framework/src/Illuminate/Foundation/Http/Kernel.php(200): Illuminate/Routing/Router->dispatch(Object(Illuminate/Http/Request))
#28 G:/Mursalin_1295365/Laravel/ecommerce/vendor/laravel/framework/src/Illuminate/Pipeline/Pipeline.php(180): Illuminate/Foundation/Http/Kernel->{closure:Illuminate/Foundation/Http/Kernel::dispatchToRouter():197}(Object(Illuminate/Http/Request))
#29 G:/Mursalin_1295365/Laravel/ecommerce/vendor/laravel/framework/src/Illuminate/Foundation/Http/Middleware/TransformsRequest.php(21): Illuminate/Pipeline/Pipeline->{closure:Illuminate/Pipeline/Pipeline::prepareDestination():178}(Object(Illuminate/Http/Request))
#30 G:/Mursalin_1295365/Laravel/ecommerce/vendor/laravel/framework/src/Illuminate/Foundation/Http/Middleware/ConvertEmptyStringsToNull.php(31): Illuminate/Foundation/Http/Middleware/TransformsRequest->handle(Object(Illuminate/Http/Request), Object(Closure))
#31 G:/Mursalin_1295365/Laravel/ecommerce/vendor/laravel/framework/src/Illuminate/Pipeline/Pipeline.php(219): Illuminate/Foundation/Http/Middleware/ConvertEmptyStringsToNull->handle(Object(Illuminate/Http/Request), Object(Closure))
#32 G:/Mursalin_1295365/Laravel/ecommerce/vendor/laravel/framework/src/Illuminate/Foundation/Http/Middleware/TransformsRequest.php(21): Illuminate/Pipeline/Pipeline->{closure:{closure:Illuminate/Pipeline/Pipeline::carry():194}:195}(Object(Illuminate/Http/Request))
#33 G:/Mursalin_1295365/Laravel/ecommerce/vendor/laravel/framework/src/Illuminate/Foundation/Http/Middleware/TrimStrings.php(51): Illuminate/Foundation/Http/Middleware/TransformsRequest->handle(Object(Illuminate/Http/Request), Object(Closure))
#34 G:/Mursalin_1295365/Laravel/ecommerce/vendor/laravel/framework/src/Illuminate/Pipeline/Pipeline.php(219): Illuminate/Foundation/Http/Middleware/TrimStrings->handle(Object(Illuminate/Http/Request), Object(Closure))
#35 G:/Mursalin_1295365/Laravel/ecommerce/vendor/laravel/framework/src/Illuminate/Http/Middleware/ValidatePostSize.php(27): Illuminate/Pipeline/Pipeline->{closure:{closure:Illuminate/Pipeline/Pipeline::carry():194}:195}(Object(Illuminate/Http/Request))
#36 G:/Mursalin_1295365/Laravel/ecommerce/vendor/laravel/framework/src/Illuminate/Pipeline/Pipeline.php(219): Illuminate/Http/Middleware/ValidatePostSize->handle(Object(Illuminate/Http/Request), Object(Closure))
#37 G:/Mursalin_1295365/Laravel/ecommerce/vendor/laravel/framework/src/Illuminate/Foundation/Http/Middleware/PreventRequestsDuringMaintenance.php(110): Illuminate/Pipeline/Pipeline->{closure:{closure:Illuminate/Pipeline/Pipeline::carry():194}:195}(Object(Illuminate/Http/Request))
#38 G:/Mursalin_1295365/Laravel/ecommerce/vendor/laravel/framework/src/Illuminate/Pipeline/Pipeline.php(219): Illuminate/Foundation/Http/Middleware/PreventRequestsDuringMaintenance->handle(Object(Illuminate/Http/Request), Object(Closure))
#39 G:/Mursalin_1295365/Laravel/ecommerce/vendor/laravel/framework/src/Illuminate/Http/Middleware/HandleCors.php(61): Illuminate/Pipeline/Pipeline->{closure:{closure:Illuminate/Pipeline/Pipeline::carry():194}:195}(Object(Illuminate/Http/Request))
#40 G:/Mursalin_1295365/Laravel/ecommerce/vendor/laravel/framework/src/Illuminate/Pipeline/Pipeline.php(219): Illuminate/Http/Middleware/HandleCors->handle(Object(Illuminate/Http/Request), Object(Closure))
#41 G:/Mursalin_1295365/Laravel/ecommerce/vendor/laravel/framework/src/Illuminate/Http/Middleware/TrustProxies.php(58): Illuminate/Pipeline/Pipeline->{closure:{closure:Illuminate/Pipeline/Pipeline::carry():194}:195}(Object(Illuminate/Http/Request))
#42 G:/Mursalin_1295365/Laravel/ecommerce/vendor/laravel/framework/src/Illuminate/Pipeline/Pipeline.php(219): Illuminate/Http/Middleware/TrustProxies->handle(Object(Illuminate/Http/Request), Object(Closure))
#43 G:/Mursalin_1295365/Laravel/ecommerce/vendor/laravel/framework/src/Illuminate/Foundation/Http/Middleware/InvokeDeferredCallbacks.php(22): Illuminate/Pipeline/Pipeline->{closure:{closure:Illuminate/Pipeline/Pipeline::carry():194}:195}(Object(Illuminate/Http/Request))
#44 G:/Mursalin_1295365/Laravel/ecommerce/vendor/laravel/framework/src/Illuminate/Pipeline/Pipeline.php(219): Illuminate/Foundation/Http/Middleware/InvokeDeferredCallbacks->handle(Object(Illuminate/Http/Request), Object(Closure))
#45 G:/Mursalin_1295365/Laravel/ecommerce/vendor/laravel/framework/src/Illuminate/Http/Middleware/ValidatePathEncoding.php(28): Illuminate/Pipeline/Pipeline->{closure:{closure:Illuminate/Pipeline/Pipeline::carry():194}:195}(Object(Illuminate/Http/Request))
#46 G:/Mursalin_1295365/Laravel/ecommerce/vendor/laravel/framework/src/Illuminate/Pipeline/Pipeline.php(219): Illuminate/Http/Middleware/ValidatePathEncoding->handle(Object(Illuminate/Http/Request), Object(Closure))
#47 G:/Mursalin_1295365/Laravel/ecommerce/vendor/laravel/framework/src/Illuminate/Pipeline/Pipeline.php(137): Illuminate/Pipeline/Pipeline->{closure:{closure:Illuminate/Pipeline/Pipeline::carry():194}:195}(Object(Illuminate/Http/Request))
#48 G:/Mursalin_1295365/Laravel/ecommerce/vendor/laravel/framework/src/Illuminate/Foundation/Http/Kernel.php(175): Illuminate/Pipeline/Pipeline->then(Object(Closure))
#49 G:/Mursalin_1295365/Laravel/ecommerce/vendor/laravel/framework/src/Illuminate/Foundation/Http/Kernel.php(144): Illuminate/Foundation/Http/Kernel->sendRequestThroughRouter(Object(Illuminate/Http/Request))
#50 G:/Mursalin_1295365/Laravel/ecommerce/vendor/laravel/framework/src/Illuminate/Foundation/Application.php(1227): Illuminate/Foundation/Http/Kernel->handle(Object(Illuminate/Http/Request))
#51 G:/Mursalin_1295365/Laravel/ecommerce/public/index.php(20): Illuminate/Foundation/Application->handleRequest(Object(Illuminate/Http/Request))
#52 G:/Mursalin_1295365/Laravel/ecommerce/vendor/laravel/framework/src/Illuminate/Foundation/resources/server.php(23): require_once('G://Mursalin_129...')
#53 {main}
"} 
[2026-09-12 03:26:51] local.ERROR: SQLSTATE[HY000]: General error: 1 no such table: sessions (Connection: sqlite, Database: G:\Mursalin_1295365\Laravel\ecommerce\database\database.sqlite, SQL: select * from "sessions" where "id" = Qk3NhLKjZb3sTULojBe3hVDywIjErXFXT2JScld3 limit 1) {"exception":"[object] (Illuminate\\Database\\QueryException(code: HY000): SQLSTATE[HY000]: General error: 1 no such table: sessions (Connection: sqlite, Database: G:\\Mursalin_1295365\\Laravel\\ecommerce\\database\\database.sqlite, SQL: select * from \"sessions\" where \"id\" = Qk3NhLKjZb3sTULojBe3hVDywIjErXFXT2JScld3 limit 1) at G:/Mursalin_1295365/Laravel/ecommerce/vendor/laravel/framework/src/Illuminate/Database/Connection.php:857)
[stacktrace]
#0 G:/Mursalin_1295365/Laravel/ecommerce/vendor/laravel/framework/src/Illuminate/Database/Connection.php(813): Illuminate/Database/Connection->runQueryCallback('select * from \"...', Array, Object(Closure))
#1 G:/Mursalin_1295365/Laravel/ecommerce/vendor/laravel/framework/src/Illuminate/Database/Connection.php(426): Illuminate/Database/Connection->run('select * from \"...', Array, Object(Closure))
#2 G:/Mursalin_1295365/Laravel/ecommerce/vendor/laravel/framework/src/Illuminate/Database/Query/Builder.php(3629): Illuminate/Database/Connection->select('select * from \"...', Array, false, Array)
#3 G:/Mursalin_1295365/Laravel/ecommerce/vendor/laravel/framework/src/Illuminate/Database/Query/Builder.php(3613): Illuminate/Database/Query/Builder->runSelect()
#4 G:/Mursalin_1295365/Laravel/ecommerce/vendor/laravel/framework/src/Illuminate/Database/Concerns/BuildsQueries.php(408): Illuminate/Database/Query/Builder->get(Array)
#5 G:/Mursalin_1295365/Laravel/ecommerce/vendor/laravel/framework/src/Illuminate/Database/Query/Builder.php(3531): Illuminate/Database/Query/Builder->first(Array)
#6 G:/Mursalin_1295365/Laravel/ecommerce/vendor/laravel/framework/src/Illuminate/Session/DatabaseSessionHandler.php(96): Illuminate/Database/Query/Builder->find('Qk3NhLKjZb3sTUL...')
#7 G:/Mursalin_1295365/Laravel/ecommerce/vendor/laravel/framework/src/Illuminate/Session/Store.php(128): Illuminate/Session/DatabaseSessionHandler->read('Qk3NhLKjZb3sTUL...')
#8 G:/Mursalin_1295365/Laravel/ecommerce/vendor/laravel/framework/src/Illuminate/Session/Store.php(116): Illuminate/Session/Store->readFromHandler()
#9 G:/Mursalin_1295365/Laravel/ecommerce/vendor/laravel/framework/src/Illuminate/Session/Store.php(100): Illuminate/Session/Store->loadSession()
#10 G:/Mursalin_1295365/Laravel/ecommerce/vendor/laravel/framework/src/Illuminate/Session/Middleware/StartSession.php(146): Illuminate/Session/Store->start()
#11 G:/Mursalin_1295365/Laravel/ecommerce/vendor/laravel/framework/src/Illuminate/Support/helpers.php(393): Illuminate/Session/Middleware/StartSession->{closure:Illuminate/Session/Middleware/StartSession::startSession():143}(Object(Illuminate/Session/Store))
#12 G:/Mursalin_1295365/Laravel/ecommerce/vendor/laravel/framework/src/Illuminate/Session/Middleware/StartSession.php(143): tap(Object(Illuminate/Session/Store), Object(Closure))
#13 G:/Mursalin_1295365/Laravel/ecommerce/vendor/laravel/framework/src/Illuminate/Session/Middleware/StartSession.php(115): Illuminate/Session/Middleware/StartSession->startSession(Object(Illuminate/Http/Request), Object(Illuminate/Session/Store))
#14 G:/Mursalin_1295365/Laravel/ecommerce/vendor/laravel/framework/src/Illuminate/Session/Middleware/StartSession.php(63): Illuminate/Session/Middleware/StartSession->handleStatefulRequest(Object(Illuminate/Http/Request), Object(Illuminate/Session/Store), Object(Closure))
#15 G:/Mursalin_1295365/Laravel/ecommerce/vendor/laravel/framework/src/Illuminate/Pipeline/Pipeline.php(219): Illuminate/Session/Middleware/StartSession->handle(Object(Illuminate/Http/Request), Object(Closure))
#16 G:/Mursalin_1295365/Laravel/ecommerce/vendor/laravel/framework/src/Illuminate/Cookie/Middleware/AddQueuedCookiesToResponse.php(36): Illuminate/Pipeline/Pipeline->{closure:{closure:Illuminate/Pipeline/Pipeline::carry():194}:195}(Object(Illuminate/Http/Request))
#17 G:/Mursalin_1295365/Laravel/ecommerce/vendor/laravel/framework/src/Illuminate/Pipeline/Pipeline.php(219): Illuminate/Cookie/Middleware/AddQueuedCookiesToResponse->handle(Object(Illuminate/Http/Request), Object(Closure))
#18 G:/Mursalin_1295365/Laravel/ecommerce/vendor/laravel/framework/src/Illuminate/Cookie/Middleware/EncryptCookies.php(74): Illuminate/Pipeline/Pipeline->{closure:{closure:Illuminate/Pipeline/Pipeline::carry():194}:195}(Object(Illuminate/Http/Request))
#19 G:/Mursalin_1295365/Laravel/ecommerce/vendor/laravel/framework/src/Illuminate/Pipeline/Pipeline.php(219): Illuminate/Cookie/Middleware/EncryptCookies->handle(Object(Illuminate/Http/Request), Object(Closure))
#20 G:/Mursalin_1295365/Laravel/ecommerce/vendor/laravel/framework/src/Illuminate/Pipeline/Pipeline.php(137): Illuminate/Pipeline/Pipeline->{closure:{closure:Illuminate/Pipeline/Pipeline::carry():194}:195}(Object(Illuminate/Http/Request))
#21 G:/Mursalin_1295365/Laravel/ecommerce/vendor/laravel/framework/src/Illuminate/Routing/Router.php(821): Illuminate/Pipeline/Pipeline->then(Object(Closure))
#22 G:/Mursalin_1295365/Laravel/ecommerce/vendor/laravel/framework/src/Illuminate/Routing/Router.php(800): Illuminate/Routing/Router->runRouteWithinStack(Object(Illuminate/Routing/Route), Object(Illuminate/Http/Request))
#23 G:/Mursalin_1295365/Laravel/ecommerce/vendor/laravel/framework/src/Illuminate/Routing/Router.php(764): Illuminate/Routing/Router->runRoute(Object(Illuminate/Http/Request), Object(Illuminate/Routing/Route))
#24 G:/Mursalin_1295365/Laravel/ecommerce/vendor/laravel/framework/src/Illuminate/Routing/Router.php(753): Illuminate/Routing/Router->dispatchToRoute(Object(Illuminate/Http/Request))
#25 G:/Mursalin_1295365/Laravel/ecommerce/vendor/laravel/framework/src/Illuminate/Foundation/Http/Kernel.php(200): Illuminate/Routing/Router->dispatch(Object(Illuminate/Http/Request))
#26 G:/Mursalin_1295365/Laravel/ecommerce/vendor/laravel/framework/src/Illuminate/Pipeline/Pipeline.php(180): Illuminate/Foundation/Http/Kernel->{closure:Illuminate/Foundation/Http/Kernel::dispatchToRouter():197}(Object(Illuminate/Http/Request))
#27 G:/Mursalin_1295365/Laravel/ecommerce/vendor/laravel/framework/src/Illuminate/Foundation/Http/Middleware/TransformsRequest.php(21): Illuminate/Pipeline/Pipeline->{closure:Illuminate/Pipeline/Pipeline::prepareDestination():178}(Object(Illuminate/Http/Request))
#28 G:/Mursalin_1295365/Laravel/ecommerce/vendor/laravel/framework/src/Illuminate/Foundation/Http/Middleware/ConvertEmptyStringsToNull.php(31): Illuminate/Foundation/Http/Middleware/TransformsRequest->handle(Object(Illuminate/Http/Request), Object(Closure))
#29 G:/Mursalin_1295365/Laravel/ecommerce/vendor/laravel/framework/src/Illuminate/Pipeline/Pipeline.php(219): Illuminate/Foundation/Http/Middleware/ConvertEmptyStringsToNull->handle(Object(Illuminate/Http/Request), Object(Closure))
#30 G:/Mursalin_1295365/Laravel/ecommerce/vendor/laravel/framework/src/Illuminate/Foundation/Http/Middleware/TransformsRequest.php(21): Illuminate/Pipeline/Pipeline->{closure:{closure:Illuminate/Pipeline/Pipeline::carry():194}:195}(Object(Illuminate/Http/Request))
#31 G:/Mursalin_1295365/Laravel/ecommerce/vendor/laravel/framework/src/Illuminate/Foundation/Http/Middleware/TrimStrings.php(51): Illuminate/Foundation/Http/Middleware/TransformsRequest->handle(Object(Illuminate/Http/Request), Object(Closure))
#32 G:/Mursalin_1295365/Laravel/ecommerce/vendor/laravel/framework/src/Illuminate/Pipeline/Pipeline.php(219): Illuminate/Foundation/Http/Middleware/TrimStrings->handle(Object(Illuminate/Http/Request), Object(Closure))
#33 G:/Mursalin_1295365/Laravel/ecommerce/vendor/laravel/framework/src/Illuminate/Http/Middleware/ValidatePostSize.php(27): Illuminate/Pipeline/Pipeline->{closure:{closure:Illuminate/Pipeline/Pipeline::carry():194}:195}(Object(Illuminate/Http/Request))
#34 G:/Mursalin_1295365/Laravel/ecommerce/vendor/laravel/framework/src/Illuminate/Pipeline/Pipeline.php(219): Illuminate/Http/Middleware/ValidatePostSize->handle(Object(Illuminate/Http/Request), Object(Closure))
#35 G:/Mursalin_1295365/Laravel/ecommerce/vendor/laravel/framework/src/Illuminate/Foundation/Http/Middleware/PreventRequestsDuringMaintenance.php(110): Illuminate/Pipeline/Pipeline->{closure:{closure:Illuminate/Pipeline/Pipeline::carry():194}:195}(Object(Illuminate/Http/Request))
#36 G:/Mursalin_1295365/Laravel/ecommerce/vendor/laravel/framework/src/Illuminate/Pipeline/Pipeline.php(219): Illuminate/Foundation/Http/Middleware/PreventRequestsDuringMaintenance->handle(Object(Illuminate/Http/Request), Object(Closure))
#37 G:/Mursalin_1295365/Laravel/ecommerce/vendor/laravel/framework/src/Illuminate/Http/Middleware/HandleCors.php(61): Illuminate/Pipeline/Pipeline->{closure:{closure:Illuminate/Pipeline/Pipeline::carry():194}:195}(Object(Illuminate/Http/Request))
#38 G:/Mursalin_1295365/Laravel/ecommerce/vendor/laravel/framework/src/Illuminate/Pipeline/Pipeline.php(219): Illuminate/Http/Middleware/HandleCors->handle(Object(Illuminate/Http/Request), Object(Closure))
#39 G:/Mursalin_1295365/Laravel/ecommerce/vendor/laravel/framework/src/Illuminate/Http/Middleware/TrustProxies.php(58): Illuminate/Pipeline/Pipeline->{closure:{closure:Illuminate/Pipeline/Pipeline::carry():194}:195}(Object(Illuminate/Http/Request))
#40 G:/Mursalin_1295365/Laravel/ecommerce/vendor/laravel/framework/src/Illuminate/Pipeline/Pipeline.php(219): Illuminate/Http/Middleware/TrustProxies->handle(Object(Illuminate/Http/Request), Object(Closure))
#41 G:/Mursalin_1295365/Laravel/ecommerce/vendor/laravel/framework/src/Illuminate/Foundation/Http/Middleware/InvokeDeferredCallbacks.php(22): Illuminate/Pipeline/Pipeline->{closure:{closure:Illuminate/Pipeline/Pipeline::carry():194}:195}(Object(Illuminate/Http/Request))
#42 G:/Mursalin_1295365/Laravel/ecommerce/vendor/laravel/framework/src/Illuminate/Pipeline/Pipeline.php(219): Illuminate/Foundation/Http/Middleware/InvokeDeferredCallbacks->handle(Object(Illuminate/Http/Request), Object(Closure))
#43 G:/Mursalin_1295365/Laravel/ecommerce/vendor/laravel/framework/src/Illuminate/Http/Middleware/ValidatePathEncoding.php(28): Illuminate/Pipeline/Pipeline->{closure:{closure:Illuminate/Pipeline/Pipeline::carry():194}:195}(Object(Illuminate/Http/Request))
#44 G:/Mursalin_1295365/Laravel/ecommerce/vendor/laravel/framework/src/Illuminate/Pipeline/Pipeline.php(219): Illuminate/Http/Middleware/ValidatePathEncoding->handle(Object(Illuminate/Http/Request), Object(Closure))
#45 G:/Mursalin_1295365/Laravel/ecommerce/vendor/laravel/framework/src/Illuminate/Pipeline/Pipeline.php(137): Illuminate/Pipeline/Pipeline->{closure:{closure:Illuminate/Pipeline/Pipeline::carry():194}:195}(Object(Illuminate/Http/Request))
#46 G:/Mursalin_1295365/Laravel/ecommerce/vendor/laravel/framework/src/Illuminate/Foundation/Http/Kernel.php(175): Illuminate/Pipeline/Pipeline->then(Object(Closure))
#47 G:/Mursalin_1295365/Laravel/ecommerce/vendor/laravel/framework/src/Illuminate/Foundation/Http/Kernel.php(144): Illuminate/Foundation/Http/Kernel->sendRequestThroughRouter(Object(Illuminate/Http/Request))
#48 G:/Mursalin_1295365/Laravel/ecommerce/vendor/laravel/framework/src/Illuminate/Foundation/Application.php(1227): Illuminate/Foundation/Http/Kernel->handle(Object(Illuminate/Http/Request))
#49 G:/Mursalin_1295365/Laravel/ecommerce/public/index.php(20): Illuminate/Foundation/Application->handleRequest(Object(Illuminate/Http/Request))
#50 G:/Mursalin_1295365/Laravel/ecommerce/vendor/laravel/framework/src/Illuminate/Foundation/resources/server.php(23): require_once('G://Mursalin_129...')
#51 {main}

[previous exception] [object] (PDOException(code: HY000): SQLSTATE[HY000]: General error: 1 no such table: sessions at G:/Mursalin_1295365/Laravel/ecommerce/vendor/laravel/framework/src/Illuminate/Database/Connection.php:435)
[stacktrace]
#0 G:/Mursalin_1295365/Laravel/ecommerce/vendor/laravel/framework/src/Illuminate/Database/Connection.php(435): PDO->prepare('select * from \"...')
#1 G:/Mursalin_1295365/Laravel/ecommerce/vendor/laravel/framework/src/Illuminate/Database/Connection.php(846): Illuminate/Database/Connection->{closure:Illuminate/Database/Connection::select():426}('select * from \"...', Array)
#2 G:/Mursalin_1295365/Laravel/ecommerce/vendor/laravel/framework/src/Illuminate/Database/Connection.php(813): Illuminate/Database/Connection->runQueryCallback('select * from \"...', Array, Object(Closure))
#3 G:/Mursalin_1295365/Laravel/ecommerce/vendor/laravel/framework/src/Illuminate/Database/Connection.php(426): Illuminate/Database/Connection->run('select * from \"...', Array, Object(Closure))
#4 G:/Mursalin_1295365/Laravel/ecommerce/vendor/laravel/framework/src/Illuminate/Database/Query/Builder.php(3629): Illuminate/Database/Connection->select('select * from \"...', Array, false, Array)
#5 G:/Mursalin_1295365/Laravel/ecommerce/vendor/laravel/framework/src/Illuminate/Database/Query/Builder.php(3613): Illuminate/Database/Query/Builder->runSelect()
#6 G:/Mursalin_1295365/Laravel/ecommerce/vendor/laravel/framework/src/Illuminate/Database/Concerns/BuildsQueries.php(408): Illuminate/Database/Query/Builder->get(Array)
#7 G:/Mursalin_1295365/Laravel/ecommerce/vendor/laravel/framework/src/Illuminate/Database/Query/Builder.php(3531): Illuminate/Database/Query/Builder->first(Array)
#8 G:/Mursalin_1295365/Laravel/ecommerce/vendor/laravel/framework/src/Illuminate/Session/DatabaseSessionHandler.php(96): Illuminate/Database/Query/Builder->find('Qk3NhLKjZb3sTUL...')
#9 G:/Mursalin_1295365/Laravel/ecommerce/vendor/laravel/framework/src/Illuminate/Session/Store.php(128): Illuminate/Session/DatabaseSessionHandler->read('Qk3NhLKjZb3sTUL...')
#10 G:/Mursalin_1295365/Laravel/ecommerce/vendor/laravel/framework/src/Illuminate/Session/Store.php(116): Illuminate/Session/Store->readFromHandler()
#11 G:/Mursalin_1295365/Laravel/ecommerce/vendor/laravel/framework/src/Illuminate/Session/Store.php(100): Illuminate/Session/Store->loadSession()
#12 G:/Mursalin_1295365/Laravel/ecommerce/vendor/laravel/framework/src/Illuminate/Session/Middleware/StartSession.php(146): Illuminate/Session/Store->start()
#13 G:/Mursalin_1295365/Laravel/ecommerce/vendor/laravel/framework/src/Illuminate/Support/helpers.php(393): Illuminate/Session/Middleware/StartSession->{closure:Illuminate/Session/Middleware/StartSession::startSession():143}(Object(Illuminate/Session/Store))
#14 G:/Mursalin_1295365/Laravel/ecommerce/vendor/laravel/framework/src/Illuminate/Session/Middleware/StartSession.php(143): tap(Object(Illuminate/Session/Store), Object(Closure))
#15 G:/Mursalin_1295365/Laravel/ecommerce/vendor/laravel/framework/src/Illuminate/Session/Middleware/StartSession.php(115): Illuminate/Session/Middleware/StartSession->startSession(Object(Illuminate/Http/Request), Object(Illuminate/Session/Store))
#16 G:/Mursalin_1295365/Laravel/ecommerce/vendor/laravel/framework/src/Illuminate/Session/Middleware/StartSession.php(63): Illuminate/Session/Middleware/StartSession->handleStatefulRequest(Object(Illuminate/Http/Request), Object(Illuminate/Session/Store), Object(Closure))
#17 G:/Mursalin_1295365/Laravel/ecommerce/vendor/laravel/framework/src/Illuminate/Pipeline/Pipeline.php(219): Illuminate/Session/Middleware/StartSession->handle(Object(Illuminate/Http/Request), Object(Closure))
#18 G:/Mursalin_1295365/Laravel/ecommerce/vendor/laravel/framework/src/Illuminate/Cookie/Middleware/AddQueuedCookiesToResponse.php(36): Illuminate/Pipeline/Pipeline->{closure:{closure:Illuminate/Pipeline/Pipeline::carry():194}:195}(Object(Illuminate/Http/Request))
#19 G:/Mursalin_1295365/Laravel/ecommerce/vendor/laravel/framework/src/Illuminate/Pipeline/Pipeline.php(219): Illuminate/Cookie/Middleware/AddQueuedCookiesToResponse->handle(Object(Illuminate/Http/Request), Object(Closure))
#20 G:/Mursalin_1295365/Laravel/ecommerce/vendor/laravel/framework/src/Illuminate/Cookie/Middleware/EncryptCookies.php(74): Illuminate/Pipeline/Pipeline->{closure:{closure:Illuminate/Pipeline/Pipeline::carry():194}:195}(Object(Illuminate/Http/Request))
#21 G:/Mursalin_1295365/Laravel/ecommerce/vendor/laravel/framework/src/Illuminate/Pipeline/Pipeline.php(219): Illuminate/Cookie/Middleware/EncryptCookies->handle(Object(Illuminate/Http/Request), Object(Closure))
#22 G:/Mursalin_1295365/Laravel/ecommerce/vendor/laravel/framework/src/Illuminate/Pipeline/Pipeline.php(137): Illuminate/Pipeline/Pipeline->{closure:{closure:Illuminate/Pipeline/Pipeline::carry():194}:195}(Object(Illuminate/Http/Request))
#23 G:/Mursalin_1295365/Laravel/ecommerce/vendor/laravel/framework/src/Illuminate/Routing/Router.php(821): Illuminate/Pipeline/Pipeline->then(Object(Closure))
#24 G:/Mursalin_1295365/Laravel/ecommerce/vendor/laravel/framework/src/Illuminate/Routing/Router.php(800): Illuminate/Routing/Router->runRouteWithinStack(Object(Illuminate/Routing/Route), Object(Illuminate/Http/Request))
#25 G:/Mursalin_1295365/Laravel/ecommerce/vendor/laravel/framework/src/Illuminate/Routing/Router.php(764): Illuminate/Routing/Router->runRoute(Object(Illuminate/Http/Request), Object(Illuminate/Routing/Route))
#26 G:/Mursalin_1295365/Laravel/ecommerce/vendor/laravel/framework/src/Illuminate/Routing/Router.php(753): Illuminate/Routing/Router->dispatchToRoute(Object(Illuminate/Http/Request))
#27 G:/Mursalin_1295365/Laravel/ecommerce/vendor/laravel/framework/src/Illuminate/Foundation/Http/Kernel.php(200): Illuminate/Routing/Router->dispatch(Object(Illuminate/Http/Request))
#28 G:/Mursalin_1295365/Laravel/ecommerce/vendor/laravel/framework/src/Illuminate/Pipeline/Pipeline.php(180): Illuminate/Foundation/Http/Kernel->{closure:Illuminate/Foundation/Http/Kernel::dispatchToRouter():197}(Object(Illuminate/Http/Request))
#29 G:/Mursalin_1295365/Laravel/ecommerce/vendor/laravel/framework/src/Illuminate/Foundation/Http/Middleware/TransformsRequest.php(21): Illuminate/Pipeline/Pipeline->{closure:Illuminate/Pipeline/Pipeline::prepareDestination():178}(Object(Illuminate/Http/Request))
#30 G:/Mursalin_1295365/Laravel/ecommerce/vendor/laravel/framework/src/Illuminate/Foundation/Http/Middleware/ConvertEmptyStringsToNull.php(31): Illuminate/Foundation/Http/Middleware/TransformsRequest->handle(Object(Illuminate/Http/Request), Object(Closure))
#31 G:/Mursalin_1295365/Laravel/ecommerce/vendor/laravel/framework/src/Illuminate/Pipeline/Pipeline.php(219): Illuminate/Foundation/Http/Middleware/ConvertEmptyStringsToNull->handle(Object(Illuminate/Http/Request), Object(Closure))
#32 G:/Mursalin_1295365/Laravel/ecommerce/vendor/laravel/framework/src/Illuminate/Foundation/Http/Middleware/TransformsRequest.php(21): Illuminate/Pipeline/Pipeline->{closure:{closure:Illuminate/Pipeline/Pipeline::carry():194}:195}(Object(Illuminate/Http/Request))
#33 G:/Mursalin_1295365/Laravel/ecommerce/vendor/laravel/framework/src/Illuminate/Foundation/Http/Middleware/TrimStrings.php(51): Illuminate/Foundation/Http/Middleware/TransformsRequest->handle(Object(Illuminate/Http/Request), Object(Closure))
#34 G:/Mursalin_1295365/Laravel/ecommerce/vendor/laravel/framework/src/Illuminate/Pipeline/Pipeline.php(219): Illuminate/Foundation/Http/Middleware/TrimStrings->handle(Object(Illuminate/Http/Request), Object(Closure))
#35 G:/Mursalin_1295365/Laravel/ecommerce/vendor/laravel/framework/src/Illuminate/Http/Middleware/ValidatePostSize.php(27): Illuminate/Pipeline/Pipeline->{closure:{closure:Illuminate/Pipeline/Pipeline::carry():194}:195}(Object(Illuminate/Http/Request))
#36 G:/Mursalin_1295365/Laravel/ecommerce/vendor/laravel/framework/src/Illuminate/Pipeline/Pipeline.php(219): Illuminate/Http/Middleware/ValidatePostSize->handle(Object(Illuminate/Http/Request), Object(Closure))
#37 G:/Mursalin_1295365/Laravel/ecommerce/vendor/laravel/framework/src/Illuminate/Foundation/Http/Middleware/PreventRequestsDuringMaintenance.php(110): Illuminate/Pipeline/Pipeline->{closure:{closure:Illuminate/Pipeline/Pipeline::carry():194}:195}(Object(Illuminate/Http/Request))
#38 G:/Mursalin_1295365/Laravel/ecommerce/vendor/laravel/framework/src/Illuminate/Pipeline/Pipeline.php(219): Illuminate/Foundation/Http/Middleware/PreventRequestsDuringMaintenance->handle(Object(Illuminate/Http/Request), Object(Closure))
#39 G:/Mursalin_1295365/Laravel/ecommerce/vendor/laravel/framework/src/Illuminate/Http/Middleware/HandleCors.php(61): Illuminate/Pipeline/Pipeline->{closure:{closure:Illuminate/Pipeline/Pipeline::carry():194}:195}(Object(Illuminate/Http/Request))
#40 G:/Mursalin_1295365/Laravel/ecommerce/vendor/laravel/framework/src/Illuminate/Pipeline/Pipeline.php(219): Illuminate/Http/Middleware/HandleCors->handle(Object(Illuminate/Http/Request), Object(Closure))
#41 G:/Mursalin_1295365/Laravel/ecommerce/vendor/laravel/framework/src/Illuminate/Http/Middleware/TrustProxies.php(58): Illuminate/Pipeline/Pipeline->{closure:{closure:Illuminate/Pipeline/Pipeline::carry():194}:195}(Object(Illuminate/Http/Request))
#42 G:/Mursalin_1295365/Laravel/ecommerce/vendor/laravel/framework/src/Illuminate/Pipeline/Pipeline.php(219): Illuminate/Http/Middleware/TrustProxies->handle(Object(Illuminate/Http/Request), Object(Closure))
#43 G:/Mursalin_1295365/Laravel/ecommerce/vendor/laravel/framework/src/Illuminate/Foundation/Http/Middleware/InvokeDeferredCallbacks.php(22): Illuminate/Pipeline/Pipeline->{closure:{closure:Illuminate/Pipeline/Pipeline::carry():194}:195}(Object(Illuminate/Http/Request))
#44 G:/Mursalin_1295365/Laravel/ecommerce/vendor/laravel/framework/src/Illuminate/Pipeline/Pipeline.php(219): Illuminate/Foundation/Http/Middleware/InvokeDeferredCallbacks->handle(Object(Illuminate/Http/Request), Object(Closure))
#45 G:/Mursalin_1295365/Laravel/ecommerce/vendor/laravel/framework/src/Illuminate/Http/Middleware/ValidatePathEncoding.php(28): Illuminate/Pipeline/Pipeline->{closure:{closure:Illuminate/Pipeline/Pipeline::carry():194}:195}(Object(Illuminate/Http/Request))
#46 G:/Mursalin_1295365/Laravel/ecommerce/vendor/laravel/framework/src/Illuminate/Pipeline/Pipeline.php(219): Illuminate/Http/Middleware/ValidatePathEncoding->handle(Object(Illuminate/Http/Request), Object(Closure))
#47 G:/Mursalin_1295365/Laravel/ecommerce/vendor/laravel/framework/src/Illuminate/Pipeline/Pipeline.php(137): Illuminate/Pipeline/Pipeline->{closure:{closure:Illuminate/Pipeline/Pipeline::carry():194}:195}(Object(Illuminate/Http/Request))
#48 G:/Mursalin_1295365/Laravel/ecommerce/vendor/laravel/framework/src/Illuminate/Foundation/Http/Kernel.php(175): Illuminate/Pipeline/Pipeline->then(Object(Closure))
#49 G:/Mursalin_1295365/Laravel/ecommerce/vendor/laravel/framework/src/Illuminate/Foundation/Http/Kernel.php(144): Illuminate/Foundation/Http/Kernel->sendRequestThroughRouter(Object(Illuminate/Http/Request))
#50 G:/Mursalin_1295365/Laravel/ecommerce/vendor/laravel/framework/src/Illuminate/Foundation/Application.php(1227): Illuminate/Foundation/Http/Kernel->handle(Object(Illuminate/Http/Request))
#51 G:/Mursalin_1295365/Laravel/ecommerce/public/index.php(20): Illuminate/Foundation/Application->handleRequest(Object(Illuminate/Http/Request))
#52 G:/Mursalin_1295365/Laravel/ecommerce/vendor/laravel/framework/src/Illuminate/Foundation/resources/server.php(23): require_once('G://Mursalin_129...')
#53 {main}
"} 
[2026-09-15 04:55:23] local.ERROR: Route [admin.dashboard] not defined. (View: G:\Mursalin_1295365\Laravel\ecommerce\resources\views\errors\404.blade.php) {"exception":"[object] (Illuminate\\View\\ViewException(code: 0): Route [admin.dashboard] not defined. (View: G:\\Mursalin_1295365\\Laravel\\ecommerce\\resources\\views\\errors\\404.blade.php) at G:/Mursalin_1295365/Laravel/ecommerce/vendor/laravel/framework/src/Illuminate/Routing/UrlGenerator.php:542)
[stacktrace]
#0 G:/Mursalin_1295365/Laravel/ecommerce/vendor/laravel/framework/src/Illuminate/View/Engines/PhpEngine.php(59): Illuminate/View/Engines/CompilerEngine->handleViewException(Object(Symfony/Component/Routing/Exception/RouteNotFoundException), 1)
#1 G:/Mursalin_1295365/Laravel/ecommerce/vendor/laravel/framework/src/Illuminate/View/Engines/CompilerEngine.php(76): Illuminate/View/Engines/PhpEngine->evaluatePath('G://Mursalin_129...', Array)
#2 G:/Mursalin_1295365/Laravel/ecommerce/vendor/laravel/framework/src/Illuminate/View/View.php(208): Illuminate/View/Engines/CompilerEngine->get('G://Mursalin_129...', Array)
#3 G:/Mursalin_1295365/Laravel/ecommerce/vendor/laravel/framework/src/Illuminate/View/View.php(191): Illuminate/View/View->getContents()
#4 G:/Mursalin_1295365/Laravel/ecommerce/vendor/laravel/framework/src/Illuminate/View/View.php(160): Illuminate/View/View->renderContents()
#5 G:/Mursalin_1295365/Laravel/ecommerce/vendor/laravel/framework/src/Illuminate/Http/Response.php(82): Illuminate/View/View->render()
#6 G:/Mursalin_1295365/Laravel/ecommerce/vendor/laravel/framework/src/Illuminate/Http/Response.php(40): Illuminate/Http/Response->setContent(Object(Illuminate/View/View))
#7 G:/Mursalin_1295365/Laravel/ecommerce/vendor/laravel/framework/src/Illuminate/Routing/ResponseFactory.php(61): Illuminate/Http/Response->__construct(Object(Illuminate/View/View), 404, Array)
#8 G:/Mursalin_1295365/Laravel/ecommerce/vendor/laravel/framework/src/Illuminate/Routing/ResponseFactory.php(91): Illuminate/Routing/ResponseFactory->make(Object(Illuminate/View/View), 404, Array)
#9 G:/Mursalin_1295365/Laravel/ecommerce/vendor/laravel/framework/src/Illuminate/Foundation/Exceptions/Handler.php(1042): Illuminate/Routing/ResponseFactory->view('errors::404', Array, 404, Array)
#10 G:/Mursalin_1295365/Laravel/ecommerce/vendor/laravel/framework/src/Illuminate/Foundation/Exceptions/Handler.php(961): Illuminate/Foundation/Exceptions/Handler->renderHttpException(Object(Symfony/Component/HttpKernel/Exception/NotFoundHttpException))
#11 G:/Mursalin_1295365/Laravel/ecommerce/vendor/laravel/framework/src/Illuminate/Foundation/Exceptions/Handler.php(844): Illuminate/Foundation/Exceptions/Handler->prepareResponse(Object(Illuminate/Http/Request), Object(Symfony/Component/HttpKernel/Exception/NotFoundHttpException))
#12 G:/Mursalin_1295365/Laravel/ecommerce/vendor/laravel/framework/src/Illuminate/Foundation/Exceptions/Handler.php(731): Illuminate/Foundation/Exceptions/Handler->renderExceptionResponse(Object(Illuminate/Http/Request), Object(Symfony/Component/HttpKernel/Exception/NotFoundHttpException))
#13 G:/Mursalin_1295365/Laravel/ecommerce/vendor/laravel/framework/src/Illuminate/Routing/Pipeline.php(51): Illuminate/Foundation/Exceptions/Handler->render(Object(Illuminate/Http/Request), Object(Symfony/Component/HttpKernel/Exception/NotFoundHttpException))
#14 G:/Mursalin_1295365/Laravel/ecommerce/vendor/laravel/framework/src/Illuminate/Pipeline/Pipeline.php(182): Illuminate/Routing/Pipeline->handleException(Object(Illuminate/Http/Request), Object(Symfony/Component/HttpKernel/Exception/NotFoundHttpException))
#15 G:/Mursalin_1295365/Laravel/ecommerce/vendor/laravel/framework/src/Illuminate/Foundation/Http/Middleware/TransformsRequest.php(21): Illuminate/Pipeline/Pipeline->{closure:Illuminate/Pipeline/Pipeline::prepareDestination():178}(Object(Illuminate/Http/Request))
#16 G:/Mursalin_1295365/Laravel/ecommerce/vendor/laravel/framework/src/Illuminate/Foundation/Http/Middleware/ConvertEmptyStringsToNull.php(31): Illuminate/Foundation/Http/Middleware/TransformsRequest->handle(Object(Illuminate/Http/Request), Object(Closure))
#17 G:/Mursalin_1295365/Laravel/ecommerce/vendor/laravel/framework/src/Illuminate/Pipeline/Pipeline.php(219): Illuminate/Foundation/Http/Middleware/ConvertEmptyStringsToNull->handle(Object(Illuminate/Http/Request), Object(Closure))
#18 G:/Mursalin_1295365/Laravel/ecommerce/vendor/laravel/framework/src/Illuminate/Foundation/Http/Middleware/TransformsRequest.php(21): Illuminate/Pipeline/Pipeline->{closure:{closure:Illuminate/Pipeline/Pipeline::carry():194}:195}(Object(Illuminate/Http/Request))
#19 G:/Mursalin_1295365/Laravel/ecommerce/vendor/laravel/framework/src/Illuminate/Foundation/Http/Middleware/TrimStrings.php(51): Illuminate/Foundation/Http/Middleware/TransformsRequest->handle(Object(Illuminate/Http/Request), Object(Closure))
#20 G:/Mursalin_1295365/Laravel/ecommerce/vendor/laravel/framework/src/Illuminate/Pipeline/Pipeline.php(219): Illuminate/Foundation/Http/Middleware/TrimStrings->handle(Object(Illuminate/Http/Request), Object(Closure))
#21 G:/Mursalin_1295365/Laravel/ecommerce/vendor/laravel/framework/src/Illuminate/Http/Middleware/ValidatePostSize.php(27): Illuminate/Pipeline/Pipeline->{closure:{closure:Illuminate/Pipeline/Pipeline::carry():194}:195}(Object(Illuminate/Http/Request))
#22 G:/Mursalin_1295365/Laravel/ecommerce/vendor/laravel/framework/src/Illuminate/Pipeline/Pipeline.php(219): Illuminate/Http/Middleware/ValidatePostSize->handle(Object(Illuminate/Http/Request), Object(Closure))
#23 G:/Mursalin_1295365/Laravel/ecommerce/vendor/laravel/framework/src/Illuminate/Foundation/Http/Middleware/PreventRequestsDuringMaintenance.php(110): Illuminate/Pipeline/Pipeline->{closure:{closure:Illuminate/Pipeline/Pipeline::carry():194}:195}(Object(Illuminate/Http/Request))
#24 G:/Mursalin_1295365/Laravel/ecommerce/vendor/laravel/framework/src/Illuminate/Pipeline/Pipeline.php(219): Illuminate/Foundation/Http/Middleware/PreventRequestsDuringMaintenance->handle(Object(Illuminate/Http/Request), Object(Closure))
#25 G:/Mursalin_1295365/Laravel/ecommerce/vendor/laravel/framework/src/Illuminate/Http/Middleware/HandleCors.php(61): Illuminate/Pipeline/Pipeline->{closure:{closure:Illuminate/Pipeline/Pipeline::carry():194}:195}(Object(Illuminate/Http/Request))
#26 G:/Mursalin_1295365/Laravel/ecommerce/vendor/laravel/framework/src/Illuminate/Pipeline/Pipeline.php(219): Illuminate/Http/Middleware/HandleCors->handle(Object(Illuminate/Http/Request), Object(Closure))
#27 G:/Mursalin_1295365/Laravel/ecommerce/vendor/laravel/framework/src/Illuminate/Http/Middleware/TrustProxies.php(58): Illuminate/Pipeline/Pipeline->{closure:{closure:Illuminate/Pipeline/Pipeline::carry():194}:195}(Object(Illuminate/Http/Request))
#28 G:/Mursalin_1295365/Laravel/ecommerce/vendor/laravel/framework/src/Illuminate/Pipeline/Pipeline.php(219): Illuminate/Http/Middleware/TrustProxies->handle(Object(Illuminate/Http/Request), Object(Closure))
#29 G:/Mursalin_1295365/Laravel/ecommerce/vendor/laravel/framework/src/Illuminate/Foundation/Http/Middleware/InvokeDeferredCallbacks.php(22): Illuminate/Pipeline/Pipeline->{closure:{closure:Illuminate/Pipeline/Pipeline::carry():194}:195}(Object(Illuminate/Http/Request))
#30 G:/Mursalin_1295365/Laravel/ecommerce/vendor/laravel/framework/src/Illuminate/Pipeline/Pipeline.php(219): Illuminate/Foundation/Http/Middleware/InvokeDeferredCallbacks->handle(Object(Illuminate/Http/Request), Object(Closure))
#31 G:/Mursalin_1295365/Laravel/ecommerce/vendor/laravel/framework/src/Illuminate/Http/Middleware/ValidatePathEncoding.php(28): Illuminate/Pipeline/Pipeline->{closure:{closure:Illuminate/Pipeline/Pipeline::carry():194}:195}(Object(Illuminate/Http/Request))
#32 G:/Mursalin_1295365/Laravel/ecommerce/vendor/laravel/framework/src/Illuminate/Pipeline/Pipeline.php(219): Illuminate/Http/Middleware/ValidatePathEncoding->handle(Object(Illuminate/Http/Request), Object(Closure))
#33 G:/Mursalin_1295365/Laravel/ecommerce/vendor/laravel/framework/src/Illuminate/Pipeline/Pipeline.php(137): Illuminate/Pipeline/Pipeline->{closure:{closure:Illuminate/Pipeline/Pipeline::carry():194}:195}(Object(Illuminate/Http/Request))
#34 G:/Mursalin_1295365/Laravel/ecommerce/vendor/laravel/framework/src/Illuminate/Foundation/Http/Kernel.php(175): Illuminate/Pipeline/Pipeline->then(Object(Closure))
#35 G:/Mursalin_1295365/Laravel/ecommerce/vendor/laravel/framework/src/Illuminate/Foundation/Http/Kernel.php(144): Illuminate/Foundation/Http/Kernel->sendRequestThroughRouter(Object(Illuminate/Http/Request))
#36 G:/Mursalin_1295365/Laravel/ecommerce/vendor/laravel/framework/src/Illuminate/Foundation/Application.php(1227): Illuminate/Foundation/Http/Kernel->handle(Object(Illuminate/Http/Request))
#37 G:/Mursalin_1295365/Laravel/ecommerce/public/index.php(20): Illuminate/Foundation/Application->handleRequest(Object(Illuminate/Http/Request))
#38 C:/Program Files/Herd/resources/app.asar.unpacked/resources/valet/server.php(140): require('G://Mursalin_129...')
#39 {main}

[previous exception] [object] (Symfony\\Component\\Routing\\Exception\\RouteNotFoundException(code: 0): Route [admin.dashboard] not defined. at G:/Mursalin_1295365/Laravel/ecommerce/vendor/laravel/framework/src/Illuminate/Routing/UrlGenerator.php:542)
[stacktrace]
#0 G:/Mursalin_1295365/Laravel/ecommerce/vendor/laravel/framework/src/Illuminate/Foundation/helpers.php(870): Illuminate/Routing/UrlGenerator->route('admin.dashboard', Array, true)
#1 G:/Mursalin_1295365/Laravel/ecommerce/storage/framework/views/e482b1d84801c9e1803f37a27d43524e.php(43): route('admin.dashboard')
#2 G:/Mursalin_1295365/Laravel/ecommerce/vendor/laravel/framework/src/Illuminate/Filesystem/Filesystem.php(123): require('G://Mursalin_129...')
#3 G:/Mursalin_1295365/Laravel/ecommerce/vendor/laravel/framework/src/Illuminate/Filesystem/Filesystem.php(124): Illuminate/Filesystem/Filesystem::{closure:Illuminate/Filesystem/Filesystem::getRequire():120}()
#4 G:/Mursalin_1295365/Laravel/ecommerce/vendor/laravel/framework/src/Illuminate/View/Engines/PhpEngine.php(57): Illuminate/Filesystem/Filesystem->getRequire('G://Mursalin_129...', Array)
#5 G:/Mursalin_1295365/Laravel/ecommerce/vendor/laravel/framework/src/Illuminate/View/Engines/CompilerEngine.php(76): Illuminate/View/Engines/PhpEngine->evaluatePath('G://Mursalin_129...', Array)
#6 G:/Mursalin_1295365/Laravel/ecommerce/vendor/laravel/framework/src/Illuminate/View/View.php(208): Illuminate/View/Engines/CompilerEngine->get('G://Mursalin_129...', Array)
#7 G:/Mursalin_1295365/Laravel/ecommerce/vendor/laravel/framework/src/Illuminate/View/View.php(191): Illuminate/View/View->getContents()
#8 G:/Mursalin_1295365/Laravel/ecommerce/vendor/laravel/framework/src/Illuminate/View/View.php(160): Illuminate/View/View->renderContents()
#9 G:/Mursalin_1295365/Laravel/ecommerce/vendor/laravel/framework/src/Illuminate/Http/Response.php(82): Illuminate/View/View->render()
#10 G:/Mursalin_1295365/Laravel/ecommerce/vendor/laravel/framework/src/Illuminate/Http/Response.php(40): Illuminate/Http/Response->setContent(Object(Illuminate/View/View))
#11 G:/Mursalin_1295365/Laravel/ecommerce/vendor/laravel/framework/src/Illuminate/Routing/ResponseFactory.php(61): Illuminate/Http/Response->__construct(Object(Illuminate/View/View), 404, Array)
#12 G:/Mursalin_1295365/Laravel/ecommerce/vendor/laravel/framework/src/Illuminate/Routing/ResponseFactory.php(91): Illuminate/Routing/ResponseFactory->make(Object(Illuminate/View/View), 404, Array)
#13 G:/Mursalin_1295365/Laravel/ecommerce/vendor/laravel/framework/src/Illuminate/Foundation/Exceptions/Handler.php(1042): Illuminate/Routing/ResponseFactory->view('errors::404', Array, 404, Array)
#14 G:/Mursalin_1295365/Laravel/ecommerce/vendor/laravel/framework/src/Illuminate/Foundation/Exceptions/Handler.php(961): Illuminate/Foundation/Exceptions/Handler->renderHttpException(Object(Symfony/Component/HttpKernel/Exception/NotFoundHttpException))
#15 G:/Mursalin_1295365/Laravel/ecommerce/vendor/laravel/framework/src/Illuminate/Foundation/Exceptions/Handler.php(844): Illuminate/Foundation/Exceptions/Handler->prepareResponse(Object(Illuminate/Http/Request), Object(Symfony/Component/HttpKernel/Exception/NotFoundHttpException))
#16 G:/Mursalin_1295365/Laravel/ecommerce/vendor/laravel/framework/src/Illuminate/Foundation/Exceptions/Handler.php(731): Illuminate/Foundation/Exceptions/Handler->renderExceptionResponse(Object(Illuminate/Http/Request), Object(Symfony/Component/HttpKernel/Exception/NotFoundHttpException))
#17 G:/Mursalin_1295365/Laravel/ecommerce/vendor/laravel/framework/src/Illuminate/Routing/Pipeline.php(51): Illuminate/Foundation/Exceptions/Handler->render(Object(Illuminate/Http/Request), Object(Symfony/Component/HttpKernel/Exception/NotFoundHttpException))
#18 G:/Mursalin_1295365/Laravel/ecommerce/vendor/laravel/framework/src/Illuminate/Pipeline/Pipeline.php(182): Illuminate/Routing/Pipeline->handleException(Object(Illuminate/Http/Request), Object(Symfony/Component/HttpKernel/Exception/NotFoundHttpException))
#19 G:/Mursalin_1295365/Laravel/ecommerce/vendor/laravel/framework/src/Illuminate/Foundation/Http/Middleware/TransformsRequest.php(21): Illuminate/Pipeline/Pipeline->{closure:Illuminate/Pipeline/Pipeline::prepareDestination():178}(Object(Illuminate/Http/Request))
#20 G:/Mursalin_1295365/Laravel/ecommerce/vendor/laravel/framework/src/Illuminate/Foundation/Http/Middleware/ConvertEmptyStringsToNull.php(31): Illuminate/Foundation/Http/Middleware/TransformsRequest->handle(Object(Illuminate/Http/Request), Object(Closure))
#21 G:/Mursalin_1295365/Laravel/ecommerce/vendor/laravel/framework/src/Illuminate/Pipeline/Pipeline.php(219): Illuminate/Foundation/Http/Middleware/ConvertEmptyStringsToNull->handle(Object(Illuminate/Http/Request), Object(Closure))
#22 G:/Mursalin_1295365/Laravel/ecommerce/vendor/laravel/framework/src/Illuminate/Foundation/Http/Middleware/TransformsRequest.php(21): Illuminate/Pipeline/Pipeline->{closure:{closure:Illuminate/Pipeline/Pipeline::carry():194}:195}(Object(Illuminate/Http/Request))
#23 G:/Mursalin_1295365/Laravel/ecommerce/vendor/laravel/framework/src/Illuminate/Foundation/Http/Middleware/TrimStrings.php(51): Illuminate/Foundation/Http/Middleware/TransformsRequest->handle(Object(Illuminate/Http/Request), Object(Closure))
#24 G:/Mursalin_1295365/Laravel/ecommerce/vendor/laravel/framework/src/Illuminate/Pipeline/Pipeline.php(219): Illuminate/Foundation/Http/Middleware/TrimStrings->handle(Object(Illuminate/Http/Request), Object(Closure))
#25 G:/Mursalin_1295365/Laravel/ecommerce/vendor/laravel/framework/src/Illuminate/Http/Middleware/ValidatePostSize.php(27): Illuminate/Pipeline/Pipeline->{closure:{closure:Illuminate/Pipeline/Pipeline::carry():194}:195}(Object(Illuminate/Http/Request))
#26 G:/Mursalin_1295365/Laravel/ecommerce/vendor/laravel/framework/src/Illuminate/Pipeline/Pipeline.php(219): Illuminate/Http/Middleware/ValidatePostSize->handle(Object(Illuminate/Http/Request), Object(Closure))
#27 G:/Mursalin_1295365/Laravel/ecommerce/vendor/laravel/framework/src/Illuminate/Foundation/Http/Middleware/PreventRequestsDuringMaintenance.php(110): Illuminate/Pipeline/Pipeline->{closure:{closure:Illuminate/Pipeline/Pipeline::carry():194}:195}(Object(Illuminate/Http/Request))
#28 G:/Mursalin_1295365/Laravel/ecommerce/vendor/laravel/framework/src/Illuminate/Pipeline/Pipeline.php(219): Illuminate/Foundation/Http/Middleware/PreventRequestsDuringMaintenance->handle(Object(Illuminate/Http/Request), Object(Closure))
#29 G:/Mursalin_1295365/Laravel/ecommerce/vendor/laravel/framework/src/Illuminate/Http/Middleware/HandleCors.php(61): Illuminate/Pipeline/Pipeline->{closure:{closure:Illuminate/Pipeline/Pipeline::carry():194}:195}(Object(Illuminate/Http/Request))
#30 G:/Mursalin_1295365/Laravel/ecommerce/vendor/laravel/framework/src/Illuminate/Pipeline/Pipeline.php(219): Illuminate/Http/Middleware/HandleCors->handle(Object(Illuminate/Http/Request), Object(Closure))
#31 G:/Mursalin_1295365/Laravel/ecommerce/vendor/laravel/framework/src/Illuminate/Http/Middleware/TrustProxies.php(58): Illuminate/Pipeline/Pipeline->{closure:{closure:Illuminate/Pipeline/Pipeline::carry():194}:195}(Object(Illuminate/Http/Request))
#32 G:/Mursalin_1295365/Laravel/ecommerce/vendor/laravel/framework/src/Illuminate/Pipeline/Pipeline.php(219): Illuminate/Http/Middleware/TrustProxies->handle(Object(Illuminate/Http/Request), Object(Closure))
#33 G:/Mursalin_1295365/Laravel/ecommerce/vendor/laravel/framework/src/Illuminate/Foundation/Http/Middleware/InvokeDeferredCallbacks.php(22): Illuminate/Pipeline/Pipeline->{closure:{closure:Illuminate/Pipeline/Pipeline::carry():194}:195}(Object(Illuminate/Http/Request))
#34 G:/Mursalin_1295365/Laravel/ecommerce/vendor/laravel/framework/src/Illuminate/Pipeline/Pipeline.php(219): Illuminate/Foundation/Http/Middleware/InvokeDeferredCallbacks->handle(Object(Illuminate/Http/Request), Object(Closure))
#35 G:/Mursalin_1295365/Laravel/ecommerce/vendor/laravel/framework/src/Illuminate/Http/Middleware/ValidatePathEncoding.php(28): Illuminate/Pipeline/Pipeline->{closure:{closure:Illuminate/Pipeline/Pipeline::carry():194}:195}(Object(Illuminate/Http/Request))
#36 G:/Mursalin_1295365/Laravel/ecommerce/vendor/laravel/framework/src/Illuminate/Pipeline/Pipeline.php(219): Illuminate/Http/Middleware/ValidatePathEncoding->handle(Object(Illuminate/Http/Request), Object(Closure))
#37 G:/Mursalin_1295365/Laravel/ecommerce/vendor/laravel/framework/src/Illuminate/Pipeline/Pipeline.php(137): Illuminate/Pipeline/Pipeline->{closure:{closure:Illuminate/Pipeline/Pipeline::carry():194}:195}(Object(Illuminate/Http/Request))
#38 G:/Mursalin_1295365/Laravel/ecommerce/vendor/laravel/framework/src/Illuminate/Foundation/Http/Kernel.php(175): Illuminate/Pipeline/Pipeline->then(Object(Closure))
#39 G:/Mursalin_1295365/Laravel/ecommerce/vendor/laravel/framework/src/Illuminate/Foundation/Http/Kernel.php(144): Illuminate/Foundation/Http/Kernel->sendRequestThroughRouter(Object(Illuminate/Http/Request))
#40 G:/Mursalin_1295365/Laravel/ecommerce/vendor/laravel/framework/src/Illuminate/Foundation/Application.php(1227): Illuminate/Foundation/Http/Kernel->handle(Object(Illuminate/Http/Request))
#41 G:/Mursalin_1295365/Laravel/ecommerce/public/index.php(20): Illuminate/Foundation/Application->handleRequest(Object(Illuminate/Http/Request))
#42 C:/Program Files/Herd/resources/app.asar.unpacked/resources/valet/server.php(140): require('G://Mursalin_129...')
#43 {main}
"} 
[2026-09-15 04:59:20] local.ERROR: Route [admin.pages.dashboard] not defined. (View: G:\Mursalin_1295365\Laravel\ecommerce\resources\views\errors\404.blade.php) {"exception":"[object] (Illuminate\\View\\ViewException(code: 0): Route [admin.pages.dashboard] not defined. (View: G:\\Mursalin_1295365\\Laravel\\ecommerce\\resources\\views\\errors\\404.blade.php) at G:/Mursalin_1295365/Laravel/ecommerce/vendor/laravel/framework/src/Illuminate/Routing/UrlGenerator.php:542)
[stacktrace]
#0 G:/Mursalin_1295365/Laravel/ecommerce/vendor/laravel/framework/src/Illuminate/View/Engines/PhpEngine.php(59): Illuminate/View/Engines/CompilerEngine->handleViewException(Object(Symfony/Component/Routing/Exception/RouteNotFoundException), 1)
#1 G:/Mursalin_1295365/Laravel/ecommerce/vendor/laravel/framework/src/Illuminate/View/Engines/CompilerEngine.php(76): Illuminate/View/Engines/PhpEngine->evaluatePath('G://Mursalin_129...', Array)
#2 G:/Mursalin_1295365/Laravel/ecommerce/vendor/laravel/framework/src/Illuminate/View/View.php(208): Illuminate/View/Engines/CompilerEngine->get('G://Mursalin_129...', Array)
#3 G:/Mursalin_1295365/Laravel/ecommerce/vendor/laravel/framework/src/Illuminate/View/View.php(191): Illuminate/View/View->getContents()
#4 G:/Mursalin_1295365/Laravel/ecommerce/vendor/laravel/framework/src/Illuminate/View/View.php(160): Illuminate/View/View->renderContents()
#5 G:/Mursalin_1295365/Laravel/ecommerce/vendor/laravel/framework/src/Illuminate/Http/Response.php(82): Illuminate/View/View->render()
#6 G:/Mursalin_1295365/Laravel/ecommerce/vendor/laravel/framework/src/Illuminate/Http/Response.php(40): Illuminate/Http/Response->setContent(Object(Illuminate/View/View))
#7 G:/Mursalin_1295365/Laravel/ecommerce/vendor/laravel/framework/src/Illuminate/Routing/ResponseFactory.php(61): Illuminate/Http/Response->__construct(Object(Illuminate/View/View), 404, Array)
#8 G:/Mursalin_1295365/Laravel/ecommerce/vendor/laravel/framework/src/Illuminate/Routing/ResponseFactory.php(91): Illuminate/Routing/ResponseFactory->make(Object(Illuminate/View/View), 404, Array)
#9 G:/Mursalin_1295365/Laravel/ecommerce/vendor/laravel/framework/src/Illuminate/Foundation/Exceptions/Handler.php(1042): Illuminate/Routing/ResponseFactory->view('errors::404', Array, 404, Array)
#10 G:/Mursalin_1295365/Laravel/ecommerce/vendor/laravel/framework/src/Illuminate/Foundation/Exceptions/Handler.php(961): Illuminate/Foundation/Exceptions/Handler->renderHttpException(Object(Symfony/Component/HttpKernel/Exception/NotFoundHttpException))
#11 G:/Mursalin_1295365/Laravel/ecommerce/vendor/laravel/framework/src/Illuminate/Foundation/Exceptions/Handler.php(844): Illuminate/Foundation/Exceptions/Handler->prepareResponse(Object(Illuminate/Http/Request), Object(Symfony/Component/HttpKernel/Exception/NotFoundHttpException))
#12 G:/Mursalin_1295365/Laravel/ecommerce/vendor/laravel/framework/src/Illuminate/Foundation/Exceptions/Handler.php(731): Illuminate/Foundation/Exceptions/Handler->renderExceptionResponse(Object(Illuminate/Http/Request), Object(Symfony/Component/HttpKernel/Exception/NotFoundHttpException))
#13 G:/Mursalin_1295365/Laravel/ecommerce/vendor/laravel/framework/src/Illuminate/Routing/Pipeline.php(51): Illuminate/Foundation/Exceptions/Handler->render(Object(Illuminate/Http/Request), Object(Symfony/Component/HttpKernel/Exception/NotFoundHttpException))
#14 G:/Mursalin_1295365/Laravel/ecommerce/vendor/laravel/framework/src/Illuminate/Pipeline/Pipeline.php(182): Illuminate/Routing/Pipeline->handleException(Object(Illuminate/Http/Request), Object(Symfony/Component/HttpKernel/Exception/NotFoundHttpException))
#15 G:/Mursalin_1295365/Laravel/ecommerce/vendor/laravel/framework/src/Illuminate/Foundation/Http/Middleware/TransformsRequest.php(21): Illuminate/Pipeline/Pipeline->{closure:Illuminate/Pipeline/Pipeline::prepareDestination():178}(Object(Illuminate/Http/Request))
#16 G:/Mursalin_1295365/Laravel/ecommerce/vendor/laravel/framework/src/Illuminate/Foundation/Http/Middleware/ConvertEmptyStringsToNull.php(31): Illuminate/Foundation/Http/Middleware/TransformsRequest->handle(Object(Illuminate/Http/Request), Object(Closure))
#17 G:/Mursalin_1295365/Laravel/ecommerce/vendor/laravel/framework/src/Illuminate/Pipeline/Pipeline.php(219): Illuminate/Foundation/Http/Middleware/ConvertEmptyStringsToNull->handle(Object(Illuminate/Http/Request), Object(Closure))
#18 G:/Mursalin_1295365/Laravel/ecommerce/vendor/laravel/framework/src/Illuminate/Foundation/Http/Middleware/TransformsRequest.php(21): Illuminate/Pipeline/Pipeline->{closure:{closure:Illuminate/Pipeline/Pipeline::carry():194}:195}(Object(Illuminate/Http/Request))
#19 G:/Mursalin_1295365/Laravel/ecommerce/vendor/laravel/framework/src/Illuminate/Foundation/Http/Middleware/TrimStrings.php(51): Illuminate/Foundation/Http/Middleware/TransformsRequest->handle(Object(Illuminate/Http/Request), Object(Closure))
#20 G:/Mursalin_1295365/Laravel/ecommerce/vendor/laravel/framework/src/Illuminate/Pipeline/Pipeline.php(219): Illuminate/Foundation/Http/Middleware/TrimStrings->handle(Object(Illuminate/Http/Request), Object(Closure))
#21 G:/Mursalin_1295365/Laravel/ecommerce/vendor/laravel/framework/src/Illuminate/Http/Middleware/ValidatePostSize.php(27): Illuminate/Pipeline/Pipeline->{closure:{closure:Illuminate/Pipeline/Pipeline::carry():194}:195}(Object(Illuminate/Http/Request))
#22 G:/Mursalin_1295365/Laravel/ecommerce/vendor/laravel/framework/src/Illuminate/Pipeline/Pipeline.php(219): Illuminate/Http/Middleware/ValidatePostSize->handle(Object(Illuminate/Http/Request), Object(Closure))
#23 G:/Mursalin_1295365/Laravel/ecommerce/vendor/laravel/framework/src/Illuminate/Foundation/Http/Middleware/PreventRequestsDuringMaintenance.php(110): Illuminate/Pipeline/Pipeline->{closure:{closure:Illuminate/Pipeline/Pipeline::carry():194}:195}(Object(Illuminate/Http/Request))
#24 G:/Mursalin_1295365/Laravel/ecommerce/vendor/laravel/framework/src/Illuminate/Pipeline/Pipeline.php(219): Illuminate/Foundation/Http/Middleware/PreventRequestsDuringMaintenance->handle(Object(Illuminate/Http/Request), Object(Closure))
#25 G:/Mursalin_1295365/Laravel/ecommerce/vendor/laravel/framework/src/Illuminate/Http/Middleware/HandleCors.php(61): Illuminate/Pipeline/Pipeline->{closure:{closure:Illuminate/Pipeline/Pipeline::carry():194}:195}(Object(Illuminate/Http/Request))
#26 G:/Mursalin_1295365/Laravel/ecommerce/vendor/laravel/framework/src/Illuminate/Pipeline/Pipeline.php(219): Illuminate/Http/Middleware/HandleCors->handle(Object(Illuminate/Http/Request), Object(Closure))
#27 G:/Mursalin_1295365/Laravel/ecommerce/vendor/laravel/framework/src/Illuminate/Http/Middleware/TrustProxies.php(58): Illuminate/Pipeline/Pipeline->{closure:{closure:Illuminate/Pipeline/Pipeline::carry():194}:195}(Object(Illuminate/Http/Request))
#28 G:/Mursalin_1295365/Laravel/ecommerce/vendor/laravel/framework/src/Illuminate/Pipeline/Pipeline.php(219): Illuminate/Http/Middleware/TrustProxies->handle(Object(Illuminate/Http/Request), Object(Closure))
#29 G:/Mursalin_1295365/Laravel/ecommerce/vendor/laravel/framework/src/Illuminate/Foundation/Http/Middleware/InvokeDeferredCallbacks.php(22): Illuminate/Pipeline/Pipeline->{closure:{closure:Illuminate/Pipeline/Pipeline::carry():194}:195}(Object(Illuminate/Http/Request))
#30 G:/Mursalin_1295365/Laravel/ecommerce/vendor/laravel/framework/src/Illuminate/Pipeline/Pipeline.php(219): Illuminate/Foundation/Http/Middleware/InvokeDeferredCallbacks->handle(Object(Illuminate/Http/Request), Object(Closure))
#31 G:/Mursalin_1295365/Laravel/ecommerce/vendor/laravel/framework/src/Illuminate/Http/Middleware/ValidatePathEncoding.php(28): Illuminate/Pipeline/Pipeline->{closure:{closure:Illuminate/Pipeline/Pipeline::carry():194}:195}(Object(Illuminate/Http/Request))
#32 G:/Mursalin_1295365/Laravel/ecommerce/vendor/laravel/framework/src/Illuminate/Pipeline/Pipeline.php(219): Illuminate/Http/Middleware/ValidatePathEncoding->handle(Object(Illuminate/Http/Request), Object(Closure))
#33 G:/Mursalin_1295365/Laravel/ecommerce/vendor/laravel/framework/src/Illuminate/Pipeline/Pipeline.php(137): Illuminate/Pipeline/Pipeline->{closure:{closure:Illuminate/Pipeline/Pipeline::carry():194}:195}(Object(Illuminate/Http/Request))
#34 G:/Mursalin_1295365/Laravel/ecommerce/vendor/laravel/framework/src/Illuminate/Foundation/Http/Kernel.php(175): Illuminate/Pipeline/Pipeline->then(Object(Closure))
#35 G:/Mursalin_1295365/Laravel/ecommerce/vendor/laravel/framework/src/Illuminate/Foundation/Http/Kernel.php(144): Illuminate/Foundation/Http/Kernel->sendRequestThroughRouter(Object(Illuminate/Http/Request))
#36 G:/Mursalin_1295365/Laravel/ecommerce/vendor/laravel/framework/src/Illuminate/Foundation/Application.php(1227): Illuminate/Foundation/Http/Kernel->handle(Object(Illuminate/Http/Request))
#37 G:/Mursalin_1295365/Laravel/ecommerce/public/index.php(20): Illuminate/Foundation/Application->handleRequest(Object(Illuminate/Http/Request))
#38 C:/Program Files/Herd/resources/app.asar.unpacked/resources/valet/server.php(140): require('G://Mursalin_129...')
#39 {main}

[previous exception] [object] (Symfony\\Component\\Routing\\Exception\\RouteNotFoundException(code: 0): Route [admin.pages.dashboard] not defined. at G:/Mursalin_1295365/Laravel/ecommerce/vendor/laravel/framework/src/Illuminate/Routing/UrlGenerator.php:542)
[stacktrace]
#0 G:/Mursalin_1295365/Laravel/ecommerce/vendor/laravel/framework/src/Illuminate/Foundation/helpers.php(870): Illuminate/Routing/UrlGenerator->route('admin.pages.das...', Array, true)
#1 G:/Mursalin_1295365/Laravel/ecommerce/storage/framework/views/e482b1d84801c9e1803f37a27d43524e.php(43): route('admin.pages.das...')
#2 G:/Mursalin_1295365/Laravel/ecommerce/vendor/laravel/framework/src/Illuminate/Filesystem/Filesystem.php(123): require('G://Mursalin_129...')
#3 G:/Mursalin_1295365/Laravel/ecommerce/vendor/laravel/framework/src/Illuminate/Filesystem/Filesystem.php(124): Illuminate/Filesystem/Filesystem::{closure:Illuminate/Filesystem/Filesystem::getRequire():120}()
#4 G:/Mursalin_1295365/Laravel/ecommerce/vendor/laravel/framework/src/Illuminate/View/Engines/PhpEngine.php(57): Illuminate/Filesystem/Filesystem->getRequire('G://Mursalin_129...', Array)
#5 G:/Mursalin_1295365/Laravel/ecommerce/vendor/laravel/framework/src/Illuminate/View/Engines/CompilerEngine.php(76): Illuminate/View/Engines/PhpEngine->evaluatePath('G://Mursalin_129...', Array)
#6 G:/Mursalin_1295365/Laravel/ecommerce/vendor/laravel/framework/src/Illuminate/View/View.php(208): Illuminate/View/Engines/CompilerEngine->get('G://Mursalin_129...', Array)
#7 G:/Mursalin_1295365/Laravel/ecommerce/vendor/laravel/framework/src/Illuminate/View/View.php(191): Illuminate/View/View->getContents()
#8 G:/Mursalin_1295365/Laravel/ecommerce/vendor/laravel/framework/src/Illuminate/View/View.php(160): Illuminate/View/View->renderContents()
#9 G:/Mursalin_1295365/Laravel/ecommerce/vendor/laravel/framework/src/Illuminate/Http/Response.php(82): Illuminate/View/View->render()
#10 G:/Mursalin_1295365/Laravel/ecommerce/vendor/laravel/framework/src/Illuminate/Http/Response.php(40): Illuminate/Http/Response->setContent(Object(Illuminate/View/View))
#11 G:/Mursalin_1295365/Laravel/ecommerce/vendor/laravel/framework/src/Illuminate/Routing/ResponseFactory.php(61): Illuminate/Http/Response->__construct(Object(Illuminate/View/View), 404, Array)
#12 G:/Mursalin_1295365/Laravel/ecommerce/vendor/laravel/framework/src/Illuminate/Routing/ResponseFactory.php(91): Illuminate/Routing/ResponseFactory->make(Object(Illuminate/View/View), 404, Array)
#13 G:/Mursalin_1295365/Laravel/ecommerce/vendor/laravel/framework/src/Illuminate/Foundation/Exceptions/Handler.php(1042): Illuminate/Routing/ResponseFactory->view('errors::404', Array, 404, Array)
#14 G:/Mursalin_1295365/Laravel/ecommerce/vendor/laravel/framework/src/Illuminate/Foundation/Exceptions/Handler.php(961): Illuminate/Foundation/Exceptions/Handler->renderHttpException(Object(Symfony/Component/HttpKernel/Exception/NotFoundHttpException))
#15 G:/Mursalin_1295365/Laravel/ecommerce/vendor/laravel/framework/src/Illuminate/Foundation/Exceptions/Handler.php(844): Illuminate/Foundation/Exceptions/Handler->prepareResponse(Object(Illuminate/Http/Request), Object(Symfony/Component/HttpKernel/Exception/NotFoundHttpException))
#16 G:/Mursalin_1295365/Laravel/ecommerce/vendor/laravel/framework/src/Illuminate/Foundation/Exceptions/Handler.php(731): Illuminate/Foundation/Exceptions/Handler->renderExceptionResponse(Object(Illuminate/Http/Request), Object(Symfony/Component/HttpKernel/Exception/NotFoundHttpException))
#17 G:/Mursalin_1295365/Laravel/ecommerce/vendor/laravel/framework/src/Illuminate/Routing/Pipeline.php(51): Illuminate/Foundation/Exceptions/Handler->render(Object(Illuminate/Http/Request), Object(Symfony/Component/HttpKernel/Exception/NotFoundHttpException))
#18 G:/Mursalin_1295365/Laravel/ecommerce/vendor/laravel/framework/src/Illuminate/Pipeline/Pipeline.php(182): Illuminate/Routing/Pipeline->handleException(Object(Illuminate/Http/Request), Object(Symfony/Component/HttpKernel/Exception/NotFoundHttpException))
#19 G:/Mursalin_1295365/Laravel/ecommerce/vendor/laravel/framework/src/Illuminate/Foundation/Http/Middleware/TransformsRequest.php(21): Illuminate/Pipeline/Pipeline->{closure:Illuminate/Pipeline/Pipeline::prepareDestination():178}(Object(Illuminate/Http/Request))
#20 G:/Mursalin_1295365/Laravel/ecommerce/vendor/laravel/framework/src/Illuminate/Foundation/Http/Middleware/ConvertEmptyStringsToNull.php(31): Illuminate/Foundation/Http/Middleware/TransformsRequest->handle(Object(Illuminate/Http/Request), Object(Closure))
#21 G:/Mursalin_1295365/Laravel/ecommerce/vendor/laravel/framework/src/Illuminate/Pipeline/Pipeline.php(219): Illuminate/Foundation/Http/Middleware/ConvertEmptyStringsToNull->handle(Object(Illuminate/Http/Request), Object(Closure))
#22 G:/Mursalin_1295365/Laravel/ecommerce/vendor/laravel/framework/src/Illuminate/Foundation/Http/Middleware/TransformsRequest.php(21): Illuminate/Pipeline/Pipeline->{closure:{closure:Illuminate/Pipeline/Pipeline::carry():194}:195}(Object(Illuminate/Http/Request))
#23 G:/Mursalin_1295365/Laravel/ecommerce/vendor/laravel/framework/src/Illuminate/Foundation/Http/Middleware/TrimStrings.php(51): Illuminate/Foundation/Http/Middleware/TransformsRequest->handle(Object(Illuminate/Http/Request), Object(Closure))
#24 G:/Mursalin_1295365/Laravel/ecommerce/vendor/laravel/framework/src/Illuminate/Pipeline/Pipeline.php(219): Illuminate/Foundation/Http/Middleware/TrimStrings->handle(Object(Illuminate/Http/Request), Object(Closure))
#25 G:/Mursalin_1295365/Laravel/ecommerce/vendor/laravel/framework/src/Illuminate/Http/Middleware/ValidatePostSize.php(27): Illuminate/Pipeline/Pipeline->{closure:{closure:Illuminate/Pipeline/Pipeline::carry():194}:195}(Object(Illuminate/Http/Request))
#26 G:/Mursalin_1295365/Laravel/ecommerce/vendor/laravel/framework/src/Illuminate/Pipeline/Pipeline.php(219): Illuminate/Http/Middleware/ValidatePostSize->handle(Object(Illuminate/Http/Request), Object(Closure))
#27 G:/Mursalin_1295365/Laravel/ecommerce/vendor/laravel/framework/src/Illuminate/Foundation/Http/Middleware/PreventRequestsDuringMaintenance.php(110): Illuminate/Pipeline/Pipeline->{closure:{closure:Illuminate/Pipeline/Pipeline::carry():194}:195}(Object(Illuminate/Http/Request))
#28 G:/Mursalin_1295365/Laravel/ecommerce/vendor/laravel/framework/src/Illuminate/Pipeline/Pipeline.php(219): Illuminate/Foundation/Http/Middleware/PreventRequestsDuringMaintenance->handle(Object(Illuminate/Http/Request), Object(Closure))
#29 G:/Mursalin_1295365/Laravel/ecommerce/vendor/laravel/framework/src/Illuminate/Http/Middleware/HandleCors.php(61): Illuminate/Pipeline/Pipeline->{closure:{closure:Illuminate/Pipeline/Pipeline::carry():194}:195}(Object(Illuminate/Http/Request))
#30 G:/Mursalin_1295365/Laravel/ecommerce/vendor/laravel/framework/src/Illuminate/Pipeline/Pipeline.php(219): Illuminate/Http/Middleware/HandleCors->handle(Object(Illuminate/Http/Request), Object(Closure))
#31 G:/Mursalin_1295365/Laravel/ecommerce/vendor/laravel/framework/src/Illuminate/Http/Middleware/TrustProxies.php(58): Illuminate/Pipeline/Pipeline->{closure:{closure:Illuminate/Pipeline/Pipeline::carry():194}:195}(Object(Illuminate/Http/Request))
#32 G:/Mursalin_1295365/Laravel/ecommerce/vendor/laravel/framework/src/Illuminate/Pipeline/Pipeline.php(219): Illuminate/Http/Middleware/TrustProxies->handle(Object(Illuminate/Http/Request), Object(Closure))
#33 G:/Mursalin_1295365/Laravel/ecommerce/vendor/laravel/framework/src/Illuminate/Foundation/Http/Middleware/InvokeDeferredCallbacks.php(22): Illuminate/Pipeline/Pipeline->{closure:{closure:Illuminate/Pipeline/Pipeline::carry():194}:195}(Object(Illuminate/Http/Request))
#34 G:/Mursalin_1295365/Laravel/ecommerce/vendor/laravel/framework/src/Illuminate/Pipeline/Pipeline.php(219): Illuminate/Foundation/Http/Middleware/InvokeDeferredCallbacks->handle(Object(Illuminate/Http/Request), Object(Closure))
#35 G:/Mursalin_1295365/Laravel/ecommerce/vendor/laravel/framework/src/Illuminate/Http/Middleware/ValidatePathEncoding.php(28): Illuminate/Pipeline/Pipeline->{closure:{closure:Illuminate/Pipeline/Pipeline::carry():194}:195}(Object(Illuminate/Http/Request))
#36 G:/Mursalin_1295365/Laravel/ecommerce/vendor/laravel/framework/src/Illuminate/Pipeline/Pipeline.php(219): Illuminate/Http/Middleware/ValidatePathEncoding->handle(Object(Illuminate/Http/Request), Object(Closure))
#37 G:/Mursalin_1295365/Laravel/ecommerce/vendor/laravel/framework/src/Illuminate/Pipeline/Pipeline.php(137): Illuminate/Pipeline/Pipeline->{closure:{closure:Illuminate/Pipeline/Pipeline::carry():194}:195}(Object(Illuminate/Http/Request))
#38 G:/Mursalin_1295365/Laravel/ecommerce/vendor/laravel/framework/src/Illuminate/Foundation/Http/Kernel.php(175): Illuminate/Pipeline/Pipeline->then(Object(Closure))
#39 G:/Mursalin_1295365/Laravel/ecommerce/vendor/laravel/framework/src/Illuminate/Foundation/Http/Kernel.php(144): Illuminate/Foundation/Http/Kernel->sendRequestThroughRouter(Object(Illuminate/Http/Request))
#40 G:/Mursalin_1295365/Laravel/ecommerce/vendor/laravel/framework/src/Illuminate/Foundation/Application.php(1227): Illuminate/Foundation/Http/Kernel->handle(Object(Illuminate/Http/Request))
#41 G:/Mursalin_1295365/Laravel/ecommerce/public/index.php(20): Illuminate/Foundation/Application->handleRequest(Object(Illuminate/Http/Request))
#42 C:/Program Files/Herd/resources/app.asar.unpacked/resources/valet/server.php(140): require('G://Mursalin_129...')
#43 {main}
"} 
[2026-09-15 05:00:30] local.ERROR: Route [admin.pages.dashboard] not defined. (View: G:\Mursalin_1295365\Laravel\ecommerce\resources\views\errors\404.blade.php) {"exception":"[object] (Illuminate\\View\\ViewException(code: 0): Route [admin.pages.dashboard] not defined. (View: G:\\Mursalin_1295365\\Laravel\\ecommerce\\resources\\views\\errors\\404.blade.php) at G:/Mursalin_1295365/Laravel/ecommerce/vendor/laravel/framework/src/Illuminate/Routing/UrlGenerator.php:542)
[stacktrace]
#0 G:/Mursalin_1295365/Laravel/ecommerce/vendor/laravel/framework/src/Illuminate/View/Engines/PhpEngine.php(59): Illuminate/View/Engines/CompilerEngine->handleViewException(Object(Symfony/Component/Routing/Exception/RouteNotFoundException), 1)
#1 G:/Mursalin_1295365/Laravel/ecommerce/vendor/laravel/framework/src/Illuminate/View/Engines/CompilerEngine.php(76): Illuminate/View/Engines/PhpEngine->evaluatePath('G://Mursalin_129...', Array)
#2 G:/Mursalin_1295365/Laravel/ecommerce/vendor/laravel/framework/src/Illuminate/View/View.php(208): Illuminate/View/Engines/CompilerEngine->get('G://Mursalin_129...', Array)
#3 G:/Mursalin_1295365/Laravel/ecommerce/vendor/laravel/framework/src/Illuminate/View/View.php(191): Illuminate/View/View->getContents()
#4 G:/Mursalin_1295365/Laravel/ecommerce/vendor/laravel/framework/src/Illuminate/View/View.php(160): Illuminate/View/View->renderContents()
#5 G:/Mursalin_1295365/Laravel/ecommerce/vendor/laravel/framework/src/Illuminate/Http/Response.php(82): Illuminate/View/View->render()
#6 G:/Mursalin_1295365/Laravel/ecommerce/vendor/laravel/framework/src/Illuminate/Http/Response.php(40): Illuminate/Http/Response->setContent(Object(Illuminate/View/View))
#7 G:/Mursalin_1295365/Laravel/ecommerce/vendor/laravel/framework/src/Illuminate/Routing/ResponseFactory.php(61): Illuminate/Http/Response->__construct(Object(Illuminate/View/View), 404, Array)
#8 G:/Mursalin_1295365/Laravel/ecommerce/vendor/laravel/framework/src/Illuminate/Routing/ResponseFactory.php(91): Illuminate/Routing/ResponseFactory->make(Object(Illuminate/View/View), 404, Array)
#9 G:/Mursalin_1295365/Laravel/ecommerce/vendor/laravel/framework/src/Illuminate/Foundation/Exceptions/Handler.php(1042): Illuminate/Routing/ResponseFactory->view('errors::404', Array, 404, Array)
#10 G:/Mursalin_1295365/Laravel/ecommerce/vendor/laravel/framework/src/Illuminate/Foundation/Exceptions/Handler.php(961): Illuminate/Foundation/Exceptions/Handler->renderHttpException(Object(Symfony/Component/HttpKernel/Exception/NotFoundHttpException))
#11 G:/Mursalin_1295365/Laravel/ecommerce/vendor/laravel/framework/src/Illuminate/Foundation/Exceptions/Handler.php(844): Illuminate/Foundation/Exceptions/Handler->prepareResponse(Object(Illuminate/Http/Request), Object(Symfony/Component/HttpKernel/Exception/NotFoundHttpException))
#12 G:/Mursalin_1295365/Laravel/ecommerce/vendor/laravel/framework/src/Illuminate/Foundation/Exceptions/Handler.php(731): Illuminate/Foundation/Exceptions/Handler->renderExceptionResponse(Object(Illuminate/Http/Request), Object(Symfony/Component/HttpKernel/Exception/NotFoundHttpException))
#13 G:/Mursalin_1295365/Laravel/ecommerce/vendor/laravel/framework/src/Illuminate/Routing/Pipeline.php(51): Illuminate/Foundation/Exceptions/Handler->render(Object(Illuminate/Http/Request), Object(Symfony/Component/HttpKernel/Exception/NotFoundHttpException))
#14 G:/Mursalin_1295365/Laravel/ecommerce/vendor/laravel/framework/src/Illuminate/Pipeline/Pipeline.php(182): Illuminate/Routing/Pipeline->handleException(Object(Illuminate/Http/Request), Object(Symfony/Component/HttpKernel/Exception/NotFoundHttpException))
#15 G:/Mursalin_1295365/Laravel/ecommerce/vendor/laravel/framework/src/Illuminate/Foundation/Http/Middleware/TransformsRequest.php(21): Illuminate/Pipeline/Pipeline->{closure:Illuminate/Pipeline/Pipeline::prepareDestination():178}(Object(Illuminate/Http/Request))
#16 G:/Mursalin_1295365/Laravel/ecommerce/vendor/laravel/framework/src/Illuminate/Foundation/Http/Middleware/ConvertEmptyStringsToNull.php(31): Illuminate/Foundation/Http/Middleware/TransformsRequest->handle(Object(Illuminate/Http/Request), Object(Closure))
#17 G:/Mursalin_1295365/Laravel/ecommerce/vendor/laravel/framework/src/Illuminate/Pipeline/Pipeline.php(219): Illuminate/Foundation/Http/Middleware/ConvertEmptyStringsToNull->handle(Object(Illuminate/Http/Request), Object(Closure))
#18 G:/Mursalin_1295365/Laravel/ecommerce/vendor/laravel/framework/src/Illuminate/Foundation/Http/Middleware/TransformsRequest.php(21): Illuminate/Pipeline/Pipeline->{closure:{closure:Illuminate/Pipeline/Pipeline::carry():194}:195}(Object(Illuminate/Http/Request))
#19 G:/Mursalin_1295365/Laravel/ecommerce/vendor/laravel/framework/src/Illuminate/Foundation/Http/Middleware/TrimStrings.php(51): Illuminate/Foundation/Http/Middleware/TransformsRequest->handle(Object(Illuminate/Http/Request), Object(Closure))
#20 G:/Mursalin_1295365/Laravel/ecommerce/vendor/laravel/framework/src/Illuminate/Pipeline/Pipeline.php(219): Illuminate/Foundation/Http/Middleware/TrimStrings->handle(Object(Illuminate/Http/Request), Object(Closure))
#21 G:/Mursalin_1295365/Laravel/ecommerce/vendor/laravel/framework/src/Illuminate/Http/Middleware/ValidatePostSize.php(27): Illuminate/Pipeline/Pipeline->{closure:{closure:Illuminate/Pipeline/Pipeline::carry():194}:195}(Object(Illuminate/Http/Request))
#22 G:/Mursalin_1295365/Laravel/ecommerce/vendor/laravel/framework/src/Illuminate/Pipeline/Pipeline.php(219): Illuminate/Http/Middleware/ValidatePostSize->handle(Object(Illuminate/Http/Request), Object(Closure))
#23 G:/Mursalin_1295365/Laravel/ecommerce/vendor/laravel/framework/src/Illuminate/Foundation/Http/Middleware/PreventRequestsDuringMaintenance.php(110): Illuminate/Pipeline/Pipeline->{closure:{closure:Illuminate/Pipeline/Pipeline::carry():194}:195}(Object(Illuminate/Http/Request))
#24 G:/Mursalin_1295365/Laravel/ecommerce/vendor/laravel/framework/src/Illuminate/Pipeline/Pipeline.php(219): Illuminate/Foundation/Http/Middleware/PreventRequestsDuringMaintenance->handle(Object(Illuminate/Http/Request), Object(Closure))
#25 G:/Mursalin_1295365/Laravel/ecommerce/vendor/laravel/framework/src/Illuminate/Http/Middleware/HandleCors.php(61): Illuminate/Pipeline/Pipeline->{closure:{closure:Illuminate/Pipeline/Pipeline::carry():194}:195}(Object(Illuminate/Http/Request))
#26 G:/Mursalin_1295365/Laravel/ecommerce/vendor/laravel/framework/src/Illuminate/Pipeline/Pipeline.php(219): Illuminate/Http/Middleware/HandleCors->handle(Object(Illuminate/Http/Request), Object(Closure))
#27 G:/Mursalin_1295365/Laravel/ecommerce/vendor/laravel/framework/src/Illuminate/Http/Middleware/TrustProxies.php(58): Illuminate/Pipeline/Pipeline->{closure:{closure:Illuminate/Pipeline/Pipeline::carry():194}:195}(Object(Illuminate/Http/Request))
#28 G:/Mursalin_1295365/Laravel/ecommerce/vendor/laravel/framework/src/Illuminate/Pipeline/Pipeline.php(219): Illuminate/Http/Middleware/TrustProxies->handle(Object(Illuminate/Http/Request), Object(Closure))
#29 G:/Mursalin_1295365/Laravel/ecommerce/vendor/laravel/framework/src/Illuminate/Foundation/Http/Middleware/InvokeDeferredCallbacks.php(22): Illuminate/Pipeline/Pipeline->{closure:{closure:Illuminate/Pipeline/Pipeline::carry():194}:195}(Object(Illuminate/Http/Request))
#30 G:/Mursalin_1295365/Laravel/ecommerce/vendor/laravel/framework/src/Illuminate/Pipeline/Pipeline.php(219): Illuminate/Foundation/Http/Middleware/InvokeDeferredCallbacks->handle(Object(Illuminate/Http/Request), Object(Closure))
#31 G:/Mursalin_1295365/Laravel/ecommerce/vendor/laravel/framework/src/Illuminate/Http/Middleware/ValidatePathEncoding.php(28): Illuminate/Pipeline/Pipeline->{closure:{closure:Illuminate/Pipeline/Pipeline::carry():194}:195}(Object(Illuminate/Http/Request))
#32 G:/Mursalin_1295365/Laravel/ecommerce/vendor/laravel/framework/src/Illuminate/Pipeline/Pipeline.php(219): Illuminate/Http/Middleware/ValidatePathEncoding->handle(Object(Illuminate/Http/Request), Object(Closure))
#33 G:/Mursalin_1295365/Laravel/ecommerce/vendor/laravel/framework/src/Illuminate/Pipeline/Pipeline.php(137): Illuminate/Pipeline/Pipeline->{closure:{closure:Illuminate/Pipeline/Pipeline::carry():194}:195}(Object(Illuminate/Http/Request))
#34 G:/Mursalin_1295365/Laravel/ecommerce/vendor/laravel/framework/src/Illuminate/Foundation/Http/Kernel.php(175): Illuminate/Pipeline/Pipeline->then(Object(Closure))
#35 G:/Mursalin_1295365/Laravel/ecommerce/vendor/laravel/framework/src/Illuminate/Foundation/Http/Kernel.php(144): Illuminate/Foundation/Http/Kernel->sendRequestThroughRouter(Object(Illuminate/Http/Request))
#36 G:/Mursalin_1295365/Laravel/ecommerce/vendor/laravel/framework/src/Illuminate/Foundation/Application.php(1227): Illuminate/Foundation/Http/Kernel->handle(Object(Illuminate/Http/Request))
#37 G:/Mursalin_1295365/Laravel/ecommerce/public/index.php(20): Illuminate/Foundation/Application->handleRequest(Object(Illuminate/Http/Request))
#38 C:/Program Files/Herd/resources/app.asar.unpacked/resources/valet/server.php(140): require('G://Mursalin_129...')
#39 {main}

[previous exception] [object] (Symfony\\Component\\Routing\\Exception\\RouteNotFoundException(code: 0): Route [admin.pages.dashboard] not defined. at G:/Mursalin_1295365/Laravel/ecommerce/vendor/laravel/framework/src/Illuminate/Routing/UrlGenerator.php:542)
[stacktrace]
#0 G:/Mursalin_1295365/Laravel/ecommerce/vendor/laravel/framework/src/Illuminate/Foundation/helpers.php(870): Illuminate/Routing/UrlGenerator->route('admin.pages.das...', Array, true)
#1 G:/Mursalin_1295365/Laravel/ecommerce/storage/framework/views/e482b1d84801c9e1803f37a27d43524e.php(43): route('admin.pages.das...')
#2 G:/Mursalin_1295365/Laravel/ecommerce/vendor/laravel/framework/src/Illuminate/Filesystem/Filesystem.php(123): require('G://Mursalin_129...')
#3 G:/Mursalin_1295365/Laravel/ecommerce/vendor/laravel/framework/src/Illuminate/Filesystem/Filesystem.php(124): Illuminate/Filesystem/Filesystem::{closure:Illuminate/Filesystem/Filesystem::getRequire():120}()
#4 G:/Mursalin_1295365/Laravel/ecommerce/vendor/laravel/framework/src/Illuminate/View/Engines/PhpEngine.php(57): Illuminate/Filesystem/Filesystem->getRequire('G://Mursalin_129...', Array)
#5 G:/Mursalin_1295365/Laravel/ecommerce/vendor/laravel/framework/src/Illuminate/View/Engines/CompilerEngine.php(76): Illuminate/View/Engines/PhpEngine->evaluatePath('G://Mursalin_129...', Array)
#6 G:/Mursalin_1295365/Laravel/ecommerce/vendor/laravel/framework/src/Illuminate/View/View.php(208): Illuminate/View/Engines/CompilerEngine->get('G://Mursalin_129...', Array)
#7 G:/Mursalin_1295365/Laravel/ecommerce/vendor/laravel/framework/src/Illuminate/View/View.php(191): Illuminate/View/View->getContents()
#8 G:/Mursalin_1295365/Laravel/ecommerce/vendor/laravel/framework/src/Illuminate/View/View.php(160): Illuminate/View/View->renderContents()
#9 G:/Mursalin_1295365/Laravel/ecommerce/vendor/laravel/framework/src/Illuminate/Http/Response.php(82): Illuminate/View/View->render()
#10 G:/Mursalin_1295365/Laravel/ecommerce/vendor/laravel/framework/src/Illuminate/Http/Response.php(40): Illuminate/Http/Response->setContent(Object(Illuminate/View/View))
#11 G:/Mursalin_1295365/Laravel/ecommerce/vendor/laravel/framework/src/Illuminate/Routing/ResponseFactory.php(61): Illuminate/Http/Response->__construct(Object(Illuminate/View/View), 404, Array)
#12 G:/Mursalin_1295365/Laravel/ecommerce/vendor/laravel/framework/src/Illuminate/Routing/ResponseFactory.php(91): Illuminate/Routing/ResponseFactory->make(Object(Illuminate/View/View), 404, Array)
#13 G:/Mursalin_1295365/Laravel/ecommerce/vendor/laravel/framework/src/Illuminate/Foundation/Exceptions/Handler.php(1042): Illuminate/Routing/ResponseFactory->view('errors::404', Array, 404, Array)
#14 G:/Mursalin_1295365/Laravel/ecommerce/vendor/laravel/framework/src/Illuminate/Foundation/Exceptions/Handler.php(961): Illuminate/Foundation/Exceptions/Handler->renderHttpException(Object(Symfony/Component/HttpKernel/Exception/NotFoundHttpException))
#15 G:/Mursalin_1295365/Laravel/ecommerce/vendor/laravel/framework/src/Illuminate/Foundation/Exceptions/Handler.php(844): Illuminate/Foundation/Exceptions/Handler->prepareResponse(Object(Illuminate/Http/Request), Object(Symfony/Component/HttpKernel/Exception/NotFoundHttpException))
#16 G:/Mursalin_1295365/Laravel/ecommerce/vendor/laravel/framework/src/Illuminate/Foundation/Exceptions/Handler.php(731): Illuminate/Foundation/Exceptions/Handler->renderExceptionResponse(Object(Illuminate/Http/Request), Object(Symfony/Component/HttpKernel/Exception/NotFoundHttpException))
#17 G:/Mursalin_1295365/Laravel/ecommerce/vendor/laravel/framework/src/Illuminate/Routing/Pipeline.php(51): Illuminate/Foundation/Exceptions/Handler->render(Object(Illuminate/Http/Request), Object(Symfony/Component/HttpKernel/Exception/NotFoundHttpException))
#18 G:/Mursalin_1295365/Laravel/ecommerce/vendor/laravel/framework/src/Illuminate/Pipeline/Pipeline.php(182): Illuminate/Routing/Pipeline->handleException(Object(Illuminate/Http/Request), Object(Symfony/Component/HttpKernel/Exception/NotFoundHttpException))
#19 G:/Mursalin_1295365/Laravel/ecommerce/vendor/laravel/framework/src/Illuminate/Foundation/Http/Middleware/TransformsRequest.php(21): Illuminate/Pipeline/Pipeline->{closure:Illuminate/Pipeline/Pipeline::prepareDestination():178}(Object(Illuminate/Http/Request))
#20 G:/Mursalin_1295365/Laravel/ecommerce/vendor/laravel/framework/src/Illuminate/Foundation/Http/Middleware/ConvertEmptyStringsToNull.php(31): Illuminate/Foundation/Http/Middleware/TransformsRequest->handle(Object(Illuminate/Http/Request), Object(Closure))
#21 G:/Mursalin_1295365/Laravel/ecommerce/vendor/laravel/framework/src/Illuminate/Pipeline/Pipeline.php(219): Illuminate/Foundation/Http/Middleware/ConvertEmptyStringsToNull->handle(Object(Illuminate/Http/Request), Object(Closure))
#22 G:/Mursalin_1295365/Laravel/ecommerce/vendor/laravel/framework/src/Illuminate/Foundation/Http/Middleware/TransformsRequest.php(21): Illuminate/Pipeline/Pipeline->{closure:{closure:Illuminate/Pipeline/Pipeline::carry():194}:195}(Object(Illuminate/Http/Request))
#23 G:/Mursalin_1295365/Laravel/ecommerce/vendor/laravel/framework/src/Illuminate/Foundation/Http/Middleware/TrimStrings.php(51): Illuminate/Foundation/Http/Middleware/TransformsRequest->handle(Object(Illuminate/Http/Request), Object(Closure))
#24 G:/Mursalin_1295365/Laravel/ecommerce/vendor/laravel/framework/src/Illuminate/Pipeline/Pipeline.php(219): Illuminate/Foundation/Http/Middleware/TrimStrings->handle(Object(Illuminate/Http/Request), Object(Closure))
#25 G:/Mursalin_1295365/Laravel/ecommerce/vendor/laravel/framework/src/Illuminate/Http/Middleware/ValidatePostSize.php(27): Illuminate/Pipeline/Pipeline->{closure:{closure:Illuminate/Pipeline/Pipeline::carry():194}:195}(Object(Illuminate/Http/Request))
#26 G:/Mursalin_1295365/Laravel/ecommerce/vendor/laravel/framework/src/Illuminate/Pipeline/Pipeline.php(219): Illuminate/Http/Middleware/ValidatePostSize->handle(Object(Illuminate/Http/Request), Object(Closure))
#27 G:/Mursalin_1295365/Laravel/ecommerce/vendor/laravel/framework/src/Illuminate/Foundation/Http/Middleware/PreventRequestsDuringMaintenance.php(110): Illuminate/Pipeline/Pipeline->{closure:{closure:Illuminate/Pipeline/Pipeline::carry():194}:195}(Object(Illuminate/Http/Request))
#28 G:/Mursalin_1295365/Laravel/ecommerce/vendor/laravel/framework/src/Illuminate/Pipeline/Pipeline.php(219): Illuminate/Foundation/Http/Middleware/PreventRequestsDuringMaintenance->handle(Object(Illuminate/Http/Request), Object(Closure))
#29 G:/Mursalin_1295365/Laravel/ecommerce/vendor/laravel/framework/src/Illuminate/Http/Middleware/HandleCors.php(61): Illuminate/Pipeline/Pipeline->{closure:{closure:Illuminate/Pipeline/Pipeline::carry():194}:195}(Object(Illuminate/Http/Request))
#30 G:/Mursalin_1295365/Laravel/ecommerce/vendor/laravel/framework/src/Illuminate/Pipeline/Pipeline.php(219): Illuminate/Http/Middleware/HandleCors->handle(Object(Illuminate/Http/Request), Object(Closure))
#31 G:/Mursalin_1295365/Laravel/ecommerce/vendor/laravel/framework/src/Illuminate/Http/Middleware/TrustProxies.php(58): Illuminate/Pipeline/Pipeline->{closure:{closure:Illuminate/Pipeline/Pipeline::carry():194}:195}(Object(Illuminate/Http/Request))
#32 G:/Mursalin_1295365/Laravel/ecommerce/vendor/laravel/framework/src/Illuminate/Pipeline/Pipeline.php(219): Illuminate/Http/Middleware/TrustProxies->handle(Object(Illuminate/Http/Request), Object(Closure))
#33 G:/Mursalin_1295365/Laravel/ecommerce/vendor/laravel/framework/src/Illuminate/Foundation/Http/Middleware/InvokeDeferredCallbacks.php(22): Illuminate/Pipeline/Pipeline->{closure:{closure:Illuminate/Pipeline/Pipeline::carry():194}:195}(Object(Illuminate/Http/Request))
#34 G:/Mursalin_1295365/Laravel/ecommerce/vendor/laravel/framework/src/Illuminate/Pipeline/Pipeline.php(219): Illuminate/Foundation/Http/Middleware/InvokeDeferredCallbacks->handle(Object(Illuminate/Http/Request), Object(Closure))
#35 G:/Mursalin_1295365/Laravel/ecommerce/vendor/laravel/framework/src/Illuminate/Http/Middleware/ValidatePathEncoding.php(28): Illuminate/Pipeline/Pipeline->{closure:{closure:Illuminate/Pipeline/Pipeline::carry():194}:195}(Object(Illuminate/Http/Request))
#36 G:/Mursalin_1295365/Laravel/ecommerce/vendor/laravel/framework/src/Illuminate/Pipeline/Pipeline.php(219): Illuminate/Http/Middleware/ValidatePathEncoding->handle(Object(Illuminate/Http/Request), Object(Closure))
#37 G:/Mursalin_1295365/Laravel/ecommerce/vendor/laravel/framework/src/Illuminate/Pipeline/Pipeline.php(137): Illuminate/Pipeline/Pipeline->{closure:{closure:Illuminate/Pipeline/Pipeline::carry():194}:195}(Object(Illuminate/Http/Request))
#38 G:/Mursalin_1295365/Laravel/ecommerce/vendor/laravel/framework/src/Illuminate/Foundation/Http/Kernel.php(175): Illuminate/Pipeline/Pipeline->then(Object(Closure))
#39 G:/Mursalin_1295365/Laravel/ecommerce/vendor/laravel/framework/src/Illuminate/Foundation/Http/Kernel.php(144): Illuminate/Foundation/Http/Kernel->sendRequestThroughRouter(Object(Illuminate/Http/Request))
#40 G:/Mursalin_1295365/Laravel/ecommerce/vendor/laravel/framework/src/Illuminate/Foundation/Application.php(1227): Illuminate/Foundation/Http/Kernel->handle(Object(Illuminate/Http/Request))
#41 G:/Mursalin_1295365/Laravel/ecommerce/public/index.php(20): Illuminate/Foundation/Application->handleRequest(Object(Illuminate/Http/Request))
#42 C:/Program Files/Herd/resources/app.asar.unpacked/resources/valet/server.php(140): require('G://Mursalin_129...')
#43 {main}
"} 
[2026-09-15 05:00:31] local.ERROR: Route [admin.pages.dashboard] not defined. (View: G:\Mursalin_1295365\Laravel\ecommerce\resources\views\errors\404.blade.php) {"exception":"[object] (Illuminate\\View\\ViewException(code: 0): Route [admin.pages.dashboard] not defined. (View: G:\\Mursalin_1295365\\Laravel\\ecommerce\\resources\\views\\errors\\404.blade.php) at G:/Mursalin_1295365/Laravel/ecommerce/vendor/laravel/framework/src/Illuminate/Routing/UrlGenerator.php:542)
[stacktrace]
#0 G:/Mursalin_1295365/Laravel/ecommerce/vendor/laravel/framework/src/Illuminate/View/Engines/PhpEngine.php(59): Illuminate/View/Engines/CompilerEngine->handleViewException(Object(Symfony/Component/Routing/Exception/RouteNotFoundException), 1)
#1 G:/Mursalin_1295365/Laravel/ecommerce/vendor/laravel/framework/src/Illuminate/View/Engines/CompilerEngine.php(76): Illuminate/View/Engines/PhpEngine->evaluatePath('G://Mursalin_129...', Array)
#2 G:/Mursalin_1295365/Laravel/ecommerce/vendor/laravel/framework/src/Illuminate/View/View.php(208): Illuminate/View/Engines/CompilerEngine->get('G://Mursalin_129...', Array)
#3 G:/Mursalin_1295365/Laravel/ecommerce/vendor/laravel/framework/src/Illuminate/View/View.php(191): Illuminate/View/View->getContents()
#4 G:/Mursalin_1295365/Laravel/ecommerce/vendor/laravel/framework/src/Illuminate/View/View.php(160): Illuminate/View/View->renderContents()
#5 G:/Mursalin_1295365/Laravel/ecommerce/vendor/laravel/framework/src/Illuminate/Http/Response.php(82): Illuminate/View/View->render()
#6 G:/Mursalin_1295365/Laravel/ecommerce/vendor/laravel/framework/src/Illuminate/Http/Response.php(40): Illuminate/Http/Response->setContent(Object(Illuminate/View/View))
#7 G:/Mursalin_1295365/Laravel/ecommerce/vendor/laravel/framework/src/Illuminate/Routing/ResponseFactory.php(61): Illuminate/Http/Response->__construct(Object(Illuminate/View/View), 404, Array)
#8 G:/Mursalin_1295365/Laravel/ecommerce/vendor/laravel/framework/src/Illuminate/Routing/ResponseFactory.php(91): Illuminate/Routing/ResponseFactory->make(Object(Illuminate/View/View), 404, Array)
#9 G:/Mursalin_1295365/Laravel/ecommerce/vendor/laravel/framework/src/Illuminate/Foundation/Exceptions/Handler.php(1042): Illuminate/Routing/ResponseFactory->view('errors::404', Array, 404, Array)
#10 G:/Mursalin_1295365/Laravel/ecommerce/vendor/laravel/framework/src/Illuminate/Foundation/Exceptions/Handler.php(961): Illuminate/Foundation/Exceptions/Handler->renderHttpException(Object(Symfony/Component/HttpKernel/Exception/NotFoundHttpException))
#11 G:/Mursalin_1295365/Laravel/ecommerce/vendor/laravel/framework/src/Illuminate/Foundation/Exceptions/Handler.php(844): Illuminate/Foundation/Exceptions/Handler->prepareResponse(Object(Illuminate/Http/Request), Object(Symfony/Component/HttpKernel/Exception/NotFoundHttpException))
#12 G:/Mursalin_1295365/Laravel/ecommerce/vendor/laravel/framework/src/Illuminate/Foundation/Exceptions/Handler.php(731): Illuminate/Foundation/Exceptions/Handler->renderExceptionResponse(Object(Illuminate/Http/Request), Object(Symfony/Component/HttpKernel/Exception/NotFoundHttpException))
#13 G:/Mursalin_1295365/Laravel/ecommerce/vendor/laravel/framework/src/Illuminate/Routing/Pipeline.php(51): Illuminate/Foundation/Exceptions/Handler->render(Object(Illuminate/Http/Request), Object(Symfony/Component/HttpKernel/Exception/NotFoundHttpException))
#14 G:/Mursalin_1295365/Laravel/ecommerce/vendor/laravel/framework/src/Illuminate/Pipeline/Pipeline.php(182): Illuminate/Routing/Pipeline->handleException(Object(Illuminate/Http/Request), Object(Symfony/Component/HttpKernel/Exception/NotFoundHttpException))
#15 G:/Mursalin_1295365/Laravel/ecommerce/vendor/laravel/framework/src/Illuminate/Foundation/Http/Middleware/TransformsRequest.php(21): Illuminate/Pipeline/Pipeline->{closure:Illuminate/Pipeline/Pipeline::prepareDestination():178}(Object(Illuminate/Http/Request))
#16 G:/Mursalin_1295365/Laravel/ecommerce/vendor/laravel/framework/src/Illuminate/Foundation/Http/Middleware/ConvertEmptyStringsToNull.php(31): Illuminate/Foundation/Http/Middleware/TransformsRequest->handle(Object(Illuminate/Http/Request), Object(Closure))
#17 G:/Mursalin_1295365/Laravel/ecommerce/vendor/laravel/framework/src/Illuminate/Pipeline/Pipeline.php(219): Illuminate/Foundation/Http/Middleware/ConvertEmptyStringsToNull->handle(Object(Illuminate/Http/Request), Object(Closure))
#18 G:/Mursalin_1295365/Laravel/ecommerce/vendor/laravel/framework/src/Illuminate/Foundation/Http/Middleware/TransformsRequest.php(21): Illuminate/Pipeline/Pipeline->{closure:{closure:Illuminate/Pipeline/Pipeline::carry():194}:195}(Object(Illuminate/Http/Request))
#19 G:/Mursalin_1295365/Laravel/ecommerce/vendor/laravel/framework/src/Illuminate/Foundation/Http/Middleware/TrimStrings.php(51): Illuminate/Foundation/Http/Middleware/TransformsRequest->handle(Object(Illuminate/Http/Request), Object(Closure))
#20 G:/Mursalin_1295365/Laravel/ecommerce/vendor/laravel/framework/src/Illuminate/Pipeline/Pipeline.php(219): Illuminate/Foundation/Http/Middleware/TrimStrings->handle(Object(Illuminate/Http/Request), Object(Closure))
#21 G:/Mursalin_1295365/Laravel/ecommerce/vendor/laravel/framework/src/Illuminate/Http/Middleware/ValidatePostSize.php(27): Illuminate/Pipeline/Pipeline->{closure:{closure:Illuminate/Pipeline/Pipeline::carry():194}:195}(Object(Illuminate/Http/Request))
#22 G:/Mursalin_1295365/Laravel/ecommerce/vendor/laravel/framework/src/Illuminate/Pipeline/Pipeline.php(219): Illuminate/Http/Middleware/ValidatePostSize->handle(Object(Illuminate/Http/Request), Object(Closure))
#23 G:/Mursalin_1295365/Laravel/ecommerce/vendor/laravel/framework/src/Illuminate/Foundation/Http/Middleware/PreventRequestsDuringMaintenance.php(110): Illuminate/Pipeline/Pipeline->{closure:{closure:Illuminate/Pipeline/Pipeline::carry():194}:195}(Object(Illuminate/Http/Request))
#24 G:/Mursalin_1295365/Laravel/ecommerce/vendor/laravel/framework/src/Illuminate/Pipeline/Pipeline.php(219): Illuminate/Foundation/Http/Middleware/PreventRequestsDuringMaintenance->handle(Object(Illuminate/Http/Request), Object(Closure))
#25 G:/Mursalin_1295365/Laravel/ecommerce/vendor/laravel/framework/src/Illuminate/Http/Middleware/HandleCors.php(61): Illuminate/Pipeline/Pipeline->{closure:{closure:Illuminate/Pipeline/Pipeline::carry():194}:195}(Object(Illuminate/Http/Request))
#26 G:/Mursalin_1295365/Laravel/ecommerce/vendor/laravel/framework/src/Illuminate/Pipeline/Pipeline.php(219): Illuminate/Http/Middleware/HandleCors->handle(Object(Illuminate/Http/Request), Object(Closure))
#27 G:/Mursalin_1295365/Laravel/ecommerce/vendor/laravel/framework/src/Illuminate/Http/Middleware/TrustProxies.php(58): Illuminate/Pipeline/Pipeline->{closure:{closure:Illuminate/Pipeline/Pipeline::carry():194}:195}(Object(Illuminate/Http/Request))
#28 G:/Mursalin_1295365/Laravel/ecommerce/vendor/laravel/framework/src/Illuminate/Pipeline/Pipeline.php(219): Illuminate/Http/Middleware/TrustProxies->handle(Object(Illuminate/Http/Request), Object(Closure))
#29 G:/Mursalin_1295365/Laravel/ecommerce/vendor/laravel/framework/src/Illuminate/Foundation/Http/Middleware/InvokeDeferredCallbacks.php(22): Illuminate/Pipeline/Pipeline->{closure:{closure:Illuminate/Pipeline/Pipeline::carry():194}:195}(Object(Illuminate/Http/Request))
#30 G:/Mursalin_1295365/Laravel/ecommerce/vendor/laravel/framework/src/Illuminate/Pipeline/Pipeline.php(219): Illuminate/Foundation/Http/Middleware/InvokeDeferredCallbacks->handle(Object(Illuminate/Http/Request), Object(Closure))
#31 G:/Mursalin_1295365/Laravel/ecommerce/vendor/laravel/framework/src/Illuminate/Http/Middleware/ValidatePathEncoding.php(28): Illuminate/Pipeline/Pipeline->{closure:{closure:Illuminate/Pipeline/Pipeline::carry():194}:195}(Object(Illuminate/Http/Request))
#32 G:/Mursalin_1295365/Laravel/ecommerce/vendor/laravel/framework/src/Illuminate/Pipeline/Pipeline.php(219): Illuminate/Http/Middleware/ValidatePathEncoding->handle(Object(Illuminate/Http/Request), Object(Closure))
#33 G:/Mursalin_1295365/Laravel/ecommerce/vendor/laravel/framework/src/Illuminate/Pipeline/Pipeline.php(137): Illuminate/Pipeline/Pipeline->{closure:{closure:Illuminate/Pipeline/Pipeline::carry():194}:195}(Object(Illuminate/Http/Request))
#34 G:/Mursalin_1295365/Laravel/ecommerce/vendor/laravel/framework/src/Illuminate/Foundation/Http/Kernel.php(175): Illuminate/Pipeline/Pipeline->then(Object(Closure))
#35 G:/Mursalin_1295365/Laravel/ecommerce/vendor/laravel/framework/src/Illuminate/Foundation/Http/Kernel.php(144): Illuminate/Foundation/Http/Kernel->sendRequestThroughRouter(Object(Illuminate/Http/Request))
#36 G:/Mursalin_1295365/Laravel/ecommerce/vendor/laravel/framework/src/Illuminate/Foundation/Application.php(1227): Illuminate/Foundation/Http/Kernel->handle(Object(Illuminate/Http/Request))
#37 G:/Mursalin_1295365/Laravel/ecommerce/public/index.php(20): Illuminate/Foundation/Application->handleRequest(Object(Illuminate/Http/Request))
#38 C:/Program Files/Herd/resources/app.asar.unpacked/resources/valet/server.php(140): require('G://Mursalin_129...')
#39 {main}

[previous exception] [object] (Symfony\\Component\\Routing\\Exception\\RouteNotFoundException(code: 0): Route [admin.pages.dashboard] not defined. at G:/Mursalin_1295365/Laravel/ecommerce/vendor/laravel/framework/src/Illuminate/Routing/UrlGenerator.php:542)
[stacktrace]
#0 G:/Mursalin_1295365/Laravel/ecommerce/vendor/laravel/framework/src/Illuminate/Foundation/helpers.php(870): Illuminate/Routing/UrlGenerator->route('admin.pages.das...', Array, true)
#1 G:/Mursalin_1295365/Laravel/ecommerce/storage/framework/views/e482b1d84801c9e1803f37a27d43524e.php(43): route('admin.pages.das...')
#2 G:/Mursalin_1295365/Laravel/ecommerce/vendor/laravel/framework/src/Illuminate/Filesystem/Filesystem.php(123): require('G://Mursalin_129...')
#3 G:/Mursalin_1295365/Laravel/ecommerce/vendor/laravel/framework/src/Illuminate/Filesystem/Filesystem.php(124): Illuminate/Filesystem/Filesystem::{closure:Illuminate/Filesystem/Filesystem::getRequire():120}()
#4 G:/Mursalin_1295365/Laravel/ecommerce/vendor/laravel/framework/src/Illuminate/View/Engines/PhpEngine.php(57): Illuminate/Filesystem/Filesystem->getRequire('G://Mursalin_129...', Array)
#5 G:/Mursalin_1295365/Laravel/ecommerce/vendor/laravel/framework/src/Illuminate/View/Engines/CompilerEngine.php(76): Illuminate/View/Engines/PhpEngine->evaluatePath('G://Mursalin_129...', Array)
#6 G:/Mursalin_1295365/Laravel/ecommerce/vendor/laravel/framework/src/Illuminate/View/View.php(208): Illuminate/View/Engines/CompilerEngine->get('G://Mursalin_129...', Array)
#7 G:/Mursalin_1295365/Laravel/ecommerce/vendor/laravel/framework/src/Illuminate/View/View.php(191): Illuminate/View/View->getContents()
#8 G:/Mursalin_1295365/Laravel/ecommerce/vendor/laravel/framework/src/Illuminate/View/View.php(160): Illuminate/View/View->renderContents()
#9 G:/Mursalin_1295365/Laravel/ecommerce/vendor/laravel/framework/src/Illuminate/Http/Response.php(82): Illuminate/View/View->render()
#10 G:/Mursalin_1295365/Laravel/ecommerce/vendor/laravel/framework/src/Illuminate/Http/Response.php(40): Illuminate/Http/Response->setContent(Object(Illuminate/View/View))
#11 G:/Mursalin_1295365/Laravel/ecommerce/vendor/laravel/framework/src/Illuminate/Routing/ResponseFactory.php(61): Illuminate/Http/Response->__construct(Object(Illuminate/View/View), 404, Array)
#12 G:/Mursalin_1295365/Laravel/ecommerce/vendor/laravel/framework/src/Illuminate/Routing/ResponseFactory.php(91): Illuminate/Routing/ResponseFactory->make(Object(Illuminate/View/View), 404, Array)
#13 G:/Mursalin_1295365/Laravel/ecommerce/vendor/laravel/framework/src/Illuminate/Foundation/Exceptions/Handler.php(1042): Illuminate/Routing/ResponseFactory->view('errors::404', Array, 404, Array)
#14 G:/Mursalin_1295365/Laravel/ecommerce/vendor/laravel/framework/src/Illuminate/Foundation/Exceptions/Handler.php(961): Illuminate/Foundation/Exceptions/Handler->renderHttpException(Object(Symfony/Component/HttpKernel/Exception/NotFoundHttpException))
#15 G:/Mursalin_1295365/Laravel/ecommerce/vendor/laravel/framework/src/Illuminate/Foundation/Exceptions/Handler.php(844): Illuminate/Foundation/Exceptions/Handler->prepareResponse(Object(Illuminate/Http/Request), Object(Symfony/Component/HttpKernel/Exception/NotFoundHttpException))
#16 G:/Mursalin_1295365/Laravel/ecommerce/vendor/laravel/framework/src/Illuminate/Foundation/Exceptions/Handler.php(731): Illuminate/Foundation/Exceptions/Handler->renderExceptionResponse(Object(Illuminate/Http/Request), Object(Symfony/Component/HttpKernel/Exception/NotFoundHttpException))
#17 G:/Mursalin_1295365/Laravel/ecommerce/vendor/laravel/framework/src/Illuminate/Routing/Pipeline.php(51): Illuminate/Foundation/Exceptions/Handler->render(Object(Illuminate/Http/Request), Object(Symfony/Component/HttpKernel/Exception/NotFoundHttpException))
#18 G:/Mursalin_1295365/Laravel/ecommerce/vendor/laravel/framework/src/Illuminate/Pipeline/Pipeline.php(182): Illuminate/Routing/Pipeline->handleException(Object(Illuminate/Http/Request), Object(Symfony/Component/HttpKernel/Exception/NotFoundHttpException))
#19 G:/Mursalin_1295365/Laravel/ecommerce/vendor/laravel/framework/src/Illuminate/Foundation/Http/Middleware/TransformsRequest.php(21): Illuminate/Pipeline/Pipeline->{closure:Illuminate/Pipeline/Pipeline::prepareDestination():178}(Object(Illuminate/Http/Request))
#20 G:/Mursalin_1295365/Laravel/ecommerce/vendor/laravel/framework/src/Illuminate/Foundation/Http/Middleware/ConvertEmptyStringsToNull.php(31): Illuminate/Foundation/Http/Middleware/TransformsRequest->handle(Object(Illuminate/Http/Request), Object(Closure))
#21 G:/Mursalin_1295365/Laravel/ecommerce/vendor/laravel/framework/src/Illuminate/Pipeline/Pipeline.php(219): Illuminate/Foundation/Http/Middleware/ConvertEmptyStringsToNull->handle(Object(Illuminate/Http/Request), Object(Closure))
#22 G:/Mursalin_1295365/Laravel/ecommerce/vendor/laravel/framework/src/Illuminate/Foundation/Http/Middleware/TransformsRequest.php(21): Illuminate/Pipeline/Pipeline->{closure:{closure:Illuminate/Pipeline/Pipeline::carry():194}:195}(Object(Illuminate/Http/Request))
#23 G:/Mursalin_1295365/Laravel/ecommerce/vendor/laravel/framework/src/Illuminate/Foundation/Http/Middleware/TrimStrings.php(51): Illuminate/Foundation/Http/Middleware/TransformsRequest->handle(Object(Illuminate/Http/Request), Object(Closure))
#24 G:/Mursalin_1295365/Laravel/ecommerce/vendor/laravel/framework/src/Illuminate/Pipeline/Pipeline.php(219): Illuminate/Foundation/Http/Middleware/TrimStrings->handle(Object(Illuminate/Http/Request), Object(Closure))
#25 G:/Mursalin_1295365/Laravel/ecommerce/vendor/laravel/framework/src/Illuminate/Http/Middleware/ValidatePostSize.php(27): Illuminate/Pipeline/Pipeline->{closure:{closure:Illuminate/Pipeline/Pipeline::carry():194}:195}(Object(Illuminate/Http/Request))
#26 G:/Mursalin_1295365/Laravel/ecommerce/vendor/laravel/framework/src/Illuminate/Pipeline/Pipeline.php(219): Illuminate/Http/Middleware/ValidatePostSize->handle(Object(Illuminate/Http/Request), Object(Closure))
#27 G:/Mursalin_1295365/Laravel/ecommerce/vendor/laravel/framework/src/Illuminate/Foundation/Http/Middleware/PreventRequestsDuringMaintenance.php(110): Illuminate/Pipeline/Pipeline->{closure:{closure:Illuminate/Pipeline/Pipeline::carry():194}:195}(Object(Illuminate/Http/Request))
#28 G:/Mursalin_1295365/Laravel/ecommerce/vendor/laravel/framework/src/Illuminate/Pipeline/Pipeline.php(219): Illuminate/Foundation/Http/Middleware/PreventRequestsDuringMaintenance->handle(Object(Illuminate/Http/Request), Object(Closure))
#29 G:/Mursalin_1295365/Laravel/ecommerce/vendor/laravel/framework/src/Illuminate/Http/Middleware/HandleCors.php(61): Illuminate/Pipeline/Pipeline->{closure:{closure:Illuminate/Pipeline/Pipeline::carry():194}:195}(Object(Illuminate/Http/Request))
#30 G:/Mursalin_1295365/Laravel/ecommerce/vendor/laravel/framework/src/Illuminate/Pipeline/Pipeline.php(219): Illuminate/Http/Middleware/HandleCors->handle(Object(Illuminate/Http/Request), Object(Closure))
#31 G:/Mursalin_1295365/Laravel/ecommerce/vendor/laravel/framework/src/Illuminate/Http/Middleware/TrustProxies.php(58): Illuminate/Pipeline/Pipeline->{closure:{closure:Illuminate/Pipeline/Pipeline::carry():194}:195}(Object(Illuminate/Http/Request))
#32 G:/Mursalin_1295365/Laravel/ecommerce/vendor/laravel/framework/src/Illuminate/Pipeline/Pipeline.php(219): Illuminate/Http/Middleware/TrustProxies->handle(Object(Illuminate/Http/Request), Object(Closure))
#33 G:/Mursalin_1295365/Laravel/ecommerce/vendor/laravel/framework/src/Illuminate/Foundation/Http/Middleware/InvokeDeferredCallbacks.php(22): Illuminate/Pipeline/Pipeline->{closure:{closure:Illuminate/Pipeline/Pipeline::carry():194}:195}(Object(Illuminate/Http/Request))
#34 G:/Mursalin_1295365/Laravel/ecommerce/vendor/laravel/framework/src/Illuminate/Pipeline/Pipeline.php(219): Illuminate/Foundation/Http/Middleware/InvokeDeferredCallbacks->handle(Object(Illuminate/Http/Request), Object(Closure))
#35 G:/Mursalin_1295365/Laravel/ecommerce/vendor/laravel/framework/src/Illuminate/Http/Middleware/ValidatePathEncoding.php(28): Illuminate/Pipeline/Pipeline->{closure:{closure:Illuminate/Pipeline/Pipeline::carry():194}:195}(Object(Illuminate/Http/Request))
#36 G:/Mursalin_1295365/Laravel/ecommerce/vendor/laravel/framework/src/Illuminate/Pipeline/Pipeline.php(219): Illuminate/Http/Middleware/ValidatePathEncoding->handle(Object(Illuminate/Http/Request), Object(Closure))
#37 G:/Mursalin_1295365/Laravel/ecommerce/vendor/laravel/framework/src/Illuminate/Pipeline/Pipeline.php(137): Illuminate/Pipeline/Pipeline->{closure:{closure:Illuminate/Pipeline/Pipeline::carry():194}:195}(Object(Illuminate/Http/Request))
#38 G:/Mursalin_1295365/Laravel/ecommerce/vendor/laravel/framework/src/Illuminate/Foundation/Http/Kernel.php(175): Illuminate/Pipeline/Pipeline->then(Object(Closure))
#39 G:/Mursalin_1295365/Laravel/ecommerce/vendor/laravel/framework/src/Illuminate/Foundation/Http/Kernel.php(144): Illuminate/Foundation/Http/Kernel->sendRequestThroughRouter(Object(Illuminate/Http/Request))
#40 G:/Mursalin_1295365/Laravel/ecommerce/vendor/laravel/framework/src/Illuminate/Foundation/Application.php(1227): Illuminate/Foundation/Http/Kernel->handle(Object(Illuminate/Http/Request))
#41 G:/Mursalin_1295365/Laravel/ecommerce/public/index.php(20): Illuminate/Foundation/Application->handleRequest(Object(Illuminate/Http/Request))
#42 C:/Program Files/Herd/resources/app.asar.unpacked/resources/valet/server.php(140): require('G://Mursalin_129...')
#43 {main}
"} 
[2026-09-15 05:00:31] local.ERROR: Route [admin.pages.dashboard] not defined. (View: G:\Mursalin_1295365\Laravel\ecommerce\resources\views\errors\404.blade.php) {"exception":"[object] (Illuminate\\View\\ViewException(code: 0): Route [admin.pages.dashboard] not defined. (View: G:\\Mursalin_1295365\\Laravel\\ecommerce\\resources\\views\\errors\\404.blade.php) at G:/Mursalin_1295365/Laravel/ecommerce/vendor/laravel/framework/src/Illuminate/Routing/UrlGenerator.php:542)
[stacktrace]
#0 G:/Mursalin_1295365/Laravel/ecommerce/vendor/laravel/framework/src/Illuminate/View/Engines/PhpEngine.php(59): Illuminate/View/Engines/CompilerEngine->handleViewException(Object(Symfony/Component/Routing/Exception/RouteNotFoundException), 1)
#1 G:/Mursalin_1295365/Laravel/ecommerce/vendor/laravel/framework/src/Illuminate/View/Engines/CompilerEngine.php(76): Illuminate/View/Engines/PhpEngine->evaluatePath('G://Mursalin_129...', Array)
#2 G:/Mursalin_1295365/Laravel/ecommerce/vendor/laravel/framework/src/Illuminate/View/View.php(208): Illuminate/View/Engines/CompilerEngine->get('G://Mursalin_129...', Array)
#3 G:/Mursalin_1295365/Laravel/ecommerce/vendor/laravel/framework/src/Illuminate/View/View.php(191): Illuminate/View/View->getContents()
#4 G:/Mursalin_1295365/Laravel/ecommerce/vendor/laravel/framework/src/Illuminate/View/View.php(160): Illuminate/View/View->renderContents()
#5 G:/Mursalin_1295365/Laravel/ecommerce/vendor/laravel/framework/src/Illuminate/Http/Response.php(82): Illuminate/View/View->render()
#6 G:/Mursalin_1295365/Laravel/ecommerce/vendor/laravel/framework/src/Illuminate/Http/Response.php(40): Illuminate/Http/Response->setContent(Object(Illuminate/View/View))
#7 G:/Mursalin_1295365/Laravel/ecommerce/vendor/laravel/framework/src/Illuminate/Routing/ResponseFactory.php(61): Illuminate/Http/Response->__construct(Object(Illuminate/View/View), 404, Array)
#8 G:/Mursalin_1295365/Laravel/ecommerce/vendor/laravel/framework/src/Illuminate/Routing/ResponseFactory.php(91): Illuminate/Routing/ResponseFactory->make(Object(Illuminate/View/View), 404, Array)
#9 G:/Mursalin_1295365/Laravel/ecommerce/vendor/laravel/framework/src/Illuminate/Foundation/Exceptions/Handler.php(1042): Illuminate/Routing/ResponseFactory->view('errors::404', Array, 404, Array)
#10 G:/Mursalin_1295365/Laravel/ecommerce/vendor/laravel/framework/src/Illuminate/Foundation/Exceptions/Handler.php(961): Illuminate/Foundation/Exceptions/Handler->renderHttpException(Object(Symfony/Component/HttpKernel/Exception/NotFoundHttpException))
#11 G:/Mursalin_1295365/Laravel/ecommerce/vendor/laravel/framework/src/Illuminate/Foundation/Exceptions/Handler.php(844): Illuminate/Foundation/Exceptions/Handler->prepareResponse(Object(Illuminate/Http/Request), Object(Symfony/Component/HttpKernel/Exception/NotFoundHttpException))
#12 G:/Mursalin_1295365/Laravel/ecommerce/vendor/laravel/framework/src/Illuminate/Foundation/Exceptions/Handler.php(731): Illuminate/Foundation/Exceptions/Handler->renderExceptionResponse(Object(Illuminate/Http/Request), Object(Symfony/Component/HttpKernel/Exception/NotFoundHttpException))
#13 G:/Mursalin_1295365/Laravel/ecommerce/vendor/laravel/framework/src/Illuminate/Routing/Pipeline.php(51): Illuminate/Foundation/Exceptions/Handler->render(Object(Illuminate/Http/Request), Object(Symfony/Component/HttpKernel/Exception/NotFoundHttpException))
#14 G:/Mursalin_1295365/Laravel/ecommerce/vendor/laravel/framework/src/Illuminate/Pipeline/Pipeline.php(182): Illuminate/Routing/Pipeline->handleException(Object(Illuminate/Http/Request), Object(Symfony/Component/HttpKernel/Exception/NotFoundHttpException))
#15 G:/Mursalin_1295365/Laravel/ecommerce/vendor/laravel/framework/src/Illuminate/Foundation/Http/Middleware/TransformsRequest.php(21): Illuminate/Pipeline/Pipeline->{closure:Illuminate/Pipeline/Pipeline::prepareDestination():178}(Object(Illuminate/Http/Request))
#16 G:/Mursalin_1295365/Laravel/ecommerce/vendor/laravel/framework/src/Illuminate/Foundation/Http/Middleware/ConvertEmptyStringsToNull.php(31): Illuminate/Foundation/Http/Middleware/TransformsRequest->handle(Object(Illuminate/Http/Request), Object(Closure))
#17 G:/Mursalin_1295365/Laravel/ecommerce/vendor/laravel/framework/src/Illuminate/Pipeline/Pipeline.php(219): Illuminate/Foundation/Http/Middleware/ConvertEmptyStringsToNull->handle(Object(Illuminate/Http/Request), Object(Closure))
#18 G:/Mursalin_1295365/Laravel/ecommerce/vendor/laravel/framework/src/Illuminate/Foundation/Http/Middleware/TransformsRequest.php(21): Illuminate/Pipeline/Pipeline->{closure:{closure:Illuminate/Pipeline/Pipeline::carry():194}:195}(Object(Illuminate/Http/Request))
#19 G:/Mursalin_1295365/Laravel/ecommerce/vendor/laravel/framework/src/Illuminate/Foundation/Http/Middleware/TrimStrings.php(51): Illuminate/Foundation/Http/Middleware/TransformsRequest->handle(Object(Illuminate/Http/Request), Object(Closure))
#20 G:/Mursalin_1295365/Laravel/ecommerce/vendor/laravel/framework/src/Illuminate/Pipeline/Pipeline.php(219): Illuminate/Foundation/Http/Middleware/TrimStrings->handle(Object(Illuminate/Http/Request), Object(Closure))
#21 G:/Mursalin_1295365/Laravel/ecommerce/vendor/laravel/framework/src/Illuminate/Http/Middleware/ValidatePostSize.php(27): Illuminate/Pipeline/Pipeline->{closure:{closure:Illuminate/Pipeline/Pipeline::carry():194}:195}(Object(Illuminate/Http/Request))
#22 G:/Mursalin_1295365/Laravel/ecommerce/vendor/laravel/framework/src/Illuminate/Pipeline/Pipeline.php(219): Illuminate/Http/Middleware/ValidatePostSize->handle(Object(Illuminate/Http/Request), Object(Closure))
#23 G:/Mursalin_1295365/Laravel/ecommerce/vendor/laravel/framework/src/Illuminate/Foundation/Http/Middleware/PreventRequestsDuringMaintenance.php(110): Illuminate/Pipeline/Pipeline->{closure:{closure:Illuminate/Pipeline/Pipeline::carry():194}:195}(Object(Illuminate/Http/Request))
#24 G:/Mursalin_1295365/Laravel/ecommerce/vendor/laravel/framework/src/Illuminate/Pipeline/Pipeline.php(219): Illuminate/Foundation/Http/Middleware/PreventRequestsDuringMaintenance->handle(Object(Illuminate/Http/Request), Object(Closure))
#25 G:/Mursalin_1295365/Laravel/ecommerce/vendor/laravel/framework/src/Illuminate/Http/Middleware/HandleCors.php(61): Illuminate/Pipeline/Pipeline->{closure:{closure:Illuminate/Pipeline/Pipeline::carry():194}:195}(Object(Illuminate/Http/Request))
#26 G:/Mursalin_1295365/Laravel/ecommerce/vendor/laravel/framework/src/Illuminate/Pipeline/Pipeline.php(219): Illuminate/Http/Middleware/HandleCors->handle(Object(Illuminate/Http/Request), Object(Closure))
#27 G:/Mursalin_1295365/Laravel/ecommerce/vendor/laravel/framework/src/Illuminate/Http/Middleware/TrustProxies.php(58): Illuminate/Pipeline/Pipeline->{closure:{closure:Illuminate/Pipeline/Pipeline::carry():194}:195}(Object(Illuminate/Http/Request))
#28 G:/Mursalin_1295365/Laravel/ecommerce/vendor/laravel/framework/src/Illuminate/Pipeline/Pipeline.php(219): Illuminate/Http/Middleware/TrustProxies->handle(Object(Illuminate/Http/Request), Object(Closure))
#29 G:/Mursalin_1295365/Laravel/ecommerce/vendor/laravel/framework/src/Illuminate/Foundation/Http/Middleware/InvokeDeferredCallbacks.php(22): Illuminate/Pipeline/Pipeline->{closure:{closure:Illuminate/Pipeline/Pipeline::carry():194}:195}(Object(Illuminate/Http/Request))
#30 G:/Mursalin_1295365/Laravel/ecommerce/vendor/laravel/framework/src/Illuminate/Pipeline/Pipeline.php(219): Illuminate/Foundation/Http/Middleware/InvokeDeferredCallbacks->handle(Object(Illuminate/Http/Request), Object(Closure))
#31 G:/Mursalin_1295365/Laravel/ecommerce/vendor/laravel/framework/src/Illuminate/Http/Middleware/ValidatePathEncoding.php(28): Illuminate/Pipeline/Pipeline->{closure:{closure:Illuminate/Pipeline/Pipeline::carry():194}:195}(Object(Illuminate/Http/Request))
#32 G:/Mursalin_1295365/Laravel/ecommerce/vendor/laravel/framework/src/Illuminate/Pipeline/Pipeline.php(219): Illuminate/Http/Middleware/ValidatePathEncoding->handle(Object(Illuminate/Http/Request), Object(Closure))
#33 G:/Mursalin_1295365/Laravel/ecommerce/vendor/laravel/framework/src/Illuminate/Pipeline/Pipeline.php(137): Illuminate/Pipeline/Pipeline->{closure:{closure:Illuminate/Pipeline/Pipeline::carry():194}:195}(Object(Illuminate/Http/Request))
#34 G:/Mursalin_1295365/Laravel/ecommerce/vendor/laravel/framework/src/Illuminate/Foundation/Http/Kernel.php(175): Illuminate/Pipeline/Pipeline->then(Object(Closure))
#35 G:/Mursalin_1295365/Laravel/ecommerce/vendor/laravel/framework/src/Illuminate/Foundation/Http/Kernel.php(144): Illuminate/Foundation/Http/Kernel->sendRequestThroughRouter(Object(Illuminate/Http/Request))
#36 G:/Mursalin_1295365/Laravel/ecommerce/vendor/laravel/framework/src/Illuminate/Foundation/Application.php(1227): Illuminate/Foundation/Http/Kernel->handle(Object(Illuminate/Http/Request))
#37 G:/Mursalin_1295365/Laravel/ecommerce/public/index.php(20): Illuminate/Foundation/Application->handleRequest(Object(Illuminate/Http/Request))
#38 C:/Program Files/Herd/resources/app.asar.unpacked/resources/valet/server.php(140): require('G://Mursalin_129...')
#39 {main}

[previous exception] [object] (Symfony\\Component\\Routing\\Exception\\RouteNotFoundException(code: 0): Route [admin.pages.dashboard] not defined. at G:/Mursalin_1295365/Laravel/ecommerce/vendor/laravel/framework/src/Illuminate/Routing/UrlGenerator.php:542)
[stacktrace]
#0 G:/Mursalin_1295365/Laravel/ecommerce/vendor/laravel/framework/src/Illuminate/Foundation/helpers.php(870): Illuminate/Routing/UrlGenerator->route('admin.pages.das...', Array, true)
#1 G:/Mursalin_1295365/Laravel/ecommerce/storage/framework/views/e482b1d84801c9e1803f37a27d43524e.php(43): route('admin.pages.das...')
#2 G:/Mursalin_1295365/Laravel/ecommerce/vendor/laravel/framework/src/Illuminate/Filesystem/Filesystem.php(123): require('G://Mursalin_129...')
#3 G:/Mursalin_1295365/Laravel/ecommerce/vendor/laravel/framework/src/Illuminate/Filesystem/Filesystem.php(124): Illuminate/Filesystem/Filesystem::{closure:Illuminate/Filesystem/Filesystem::getRequire():120}()
#4 G:/Mursalin_1295365/Laravel/ecommerce/vendor/laravel/framework/src/Illuminate/View/Engines/PhpEngine.php(57): Illuminate/Filesystem/Filesystem->getRequire('G://Mursalin_129...', Array)
#5 G:/Mursalin_1295365/Laravel/ecommerce/vendor/laravel/framework/src/Illuminate/View/Engines/CompilerEngine.php(76): Illuminate/View/Engines/PhpEngine->evaluatePath('G://Mursalin_129...', Array)
#6 G:/Mursalin_1295365/Laravel/ecommerce/vendor/laravel/framework/src/Illuminate/View/View.php(208): Illuminate/View/Engines/CompilerEngine->get('G://Mursalin_129...', Array)
#7 G:/Mursalin_1295365/Laravel/ecommerce/vendor/laravel/framework/src/Illuminate/View/View.php(191): Illuminate/View/View->getContents()
#8 G:/Mursalin_1295365/Laravel/ecommerce/vendor/laravel/framework/src/Illuminate/View/View.php(160): Illuminate/View/View->renderContents()
#9 G:/Mursalin_1295365/Laravel/ecommerce/vendor/laravel/framework/src/Illuminate/Http/Response.php(82): Illuminate/View/View->render()
#10 G:/Mursalin_1295365/Laravel/ecommerce/vendor/laravel/framework/src/Illuminate/Http/Response.php(40): Illuminate/Http/Response->setContent(Object(Illuminate/View/View))
#11 G:/Mursalin_1295365/Laravel/ecommerce/vendor/laravel/framework/src/Illuminate/Routing/ResponseFactory.php(61): Illuminate/Http/Response->__construct(Object(Illuminate/View/View), 404, Array)
#12 G:/Mursalin_1295365/Laravel/ecommerce/vendor/laravel/framework/src/Illuminate/Routing/ResponseFactory.php(91): Illuminate/Routing/ResponseFactory->make(Object(Illuminate/View/View), 404, Array)
#13 G:/Mursalin_1295365/Laravel/ecommerce/vendor/laravel/framework/src/Illuminate/Foundation/Exceptions/Handler.php(1042): Illuminate/Routing/ResponseFactory->view('errors::404', Array, 404, Array)
#14 G:/Mursalin_1295365/Laravel/ecommerce/vendor/laravel/framework/src/Illuminate/Foundation/Exceptions/Handler.php(961): Illuminate/Foundation/Exceptions/Handler->renderHttpException(Object(Symfony/Component/HttpKernel/Exception/NotFoundHttpException))
#15 G:/Mursalin_1295365/Laravel/ecommerce/vendor/laravel/framework/src/Illuminate/Foundation/Exceptions/Handler.php(844): Illuminate/Foundation/Exceptions/Handler->prepareResponse(Object(Illuminate/Http/Request), Object(Symfony/Component/HttpKernel/Exception/NotFoundHttpException))
#16 G:/Mursalin_1295365/Laravel/ecommerce/vendor/laravel/framework/src/Illuminate/Foundation/Exceptions/Handler.php(731): Illuminate/Foundation/Exceptions/Handler->renderExceptionResponse(Object(Illuminate/Http/Request), Object(Symfony/Component/HttpKernel/Exception/NotFoundHttpException))
#17 G:/Mursalin_1295365/Laravel/ecommerce/vendor/laravel/framework/src/Illuminate/Routing/Pipeline.php(51): Illuminate/Foundation/Exceptions/Handler->render(Object(Illuminate/Http/Request), Object(Symfony/Component/HttpKernel/Exception/NotFoundHttpException))
#18 G:/Mursalin_1295365/Laravel/ecommerce/vendor/laravel/framework/src/Illuminate/Pipeline/Pipeline.php(182): Illuminate/Routing/Pipeline->handleException(Object(Illuminate/Http/Request), Object(Symfony/Component/HttpKernel/Exception/NotFoundHttpException))
#19 G:/Mursalin_1295365/Laravel/ecommerce/vendor/laravel/framework/src/Illuminate/Foundation/Http/Middleware/TransformsRequest.php(21): Illuminate/Pipeline/Pipeline->{closure:Illuminate/Pipeline/Pipeline::prepareDestination():178}(Object(Illuminate/Http/Request))
#20 G:/Mursalin_1295365/Laravel/ecommerce/vendor/laravel/framework/src/Illuminate/Foundation/Http/Middleware/ConvertEmptyStringsToNull.php(31): Illuminate/Foundation/Http/Middleware/TransformsRequest->handle(Object(Illuminate/Http/Request), Object(Closure))
#21 G:/Mursalin_1295365/Laravel/ecommerce/vendor/laravel/framework/src/Illuminate/Pipeline/Pipeline.php(219): Illuminate/Foundation/Http/Middleware/ConvertEmptyStringsToNull->handle(Object(Illuminate/Http/Request), Object(Closure))
#22 G:/Mursalin_1295365/Laravel/ecommerce/vendor/laravel/framework/src/Illuminate/Foundation/Http/Middleware/TransformsRequest.php(21): Illuminate/Pipeline/Pipeline->{closure:{closure:Illuminate/Pipeline/Pipeline::carry():194}:195}(Object(Illuminate/Http/Request))
#23 G:/Mursalin_1295365/Laravel/ecommerce/vendor/laravel/framework/src/Illuminate/Foundation/Http/Middleware/TrimStrings.php(51): Illuminate/Foundation/Http/Middleware/TransformsRequest->handle(Object(Illuminate/Http/Request), Object(Closure))
#24 G:/Mursalin_1295365/Laravel/ecommerce/vendor/laravel/framework/src/Illuminate/Pipeline/Pipeline.php(219): Illuminate/Foundation/Http/Middleware/TrimStrings->handle(Object(Illuminate/Http/Request), Object(Closure))
#25 G:/Mursalin_1295365/Laravel/ecommerce/vendor/laravel/framework/src/Illuminate/Http/Middleware/ValidatePostSize.php(27): Illuminate/Pipeline/Pipeline->{closure:{closure:Illuminate/Pipeline/Pipeline::carry():194}:195}(Object(Illuminate/Http/Request))
#26 G:/Mursalin_1295365/Laravel/ecommerce/vendor/laravel/framework/src/Illuminate/Pipeline/Pipeline.php(219): Illuminate/Http/Middleware/ValidatePostSize->handle(Object(Illuminate/Http/Request), Object(Closure))
#27 G:/Mursalin_1295365/Laravel/ecommerce/vendor/laravel/framework/src/Illuminate/Foundation/Http/Middleware/PreventRequestsDuringMaintenance.php(110): Illuminate/Pipeline/Pipeline->{closure:{closure:Illuminate/Pipeline/Pipeline::carry():194}:195}(Object(Illuminate/Http/Request))
#28 G:/Mursalin_1295365/Laravel/ecommerce/vendor/laravel/framework/src/Illuminate/Pipeline/Pipeline.php(219): Illuminate/Foundation/Http/Middleware/PreventRequestsDuringMaintenance->handle(Object(Illuminate/Http/Request), Object(Closure))
#29 G:/Mursalin_1295365/Laravel/ecommerce/vendor/laravel/framework/src/Illuminate/Http/Middleware/HandleCors.php(61): Illuminate/Pipeline/Pipeline->{closure:{closure:Illuminate/Pipeline/Pipeline::carry():194}:195}(Object(Illuminate/Http/Request))
#30 G:/Mursalin_1295365/Laravel/ecommerce/vendor/laravel/framework/src/Illuminate/Pipeline/Pipeline.php(219): Illuminate/Http/Middleware/HandleCors->handle(Object(Illuminate/Http/Request), Object(Closure))
#31 G:/Mursalin_1295365/Laravel/ecommerce/vendor/laravel/framework/src/Illuminate/Http/Middleware/TrustProxies.php(58): Illuminate/Pipeline/Pipeline->{closure:{closure:Illuminate/Pipeline/Pipeline::carry():194}:195}(Object(Illuminate/Http/Request))
#32 G:/Mursalin_1295365/Laravel/ecommerce/vendor/laravel/framework/src/Illuminate/Pipeline/Pipeline.php(219): Illuminate/Http/Middleware/TrustProxies->handle(Object(Illuminate/Http/Request), Object(Closure))
#33 G:/Mursalin_1295365/Laravel/ecommerce/vendor/laravel/framework/src/Illuminate/Foundation/Http/Middleware/InvokeDeferredCallbacks.php(22): Illuminate/Pipeline/Pipeline->{closure:{closure:Illuminate/Pipeline/Pipeline::carry():194}:195}(Object(Illuminate/Http/Request))
#34 G:/Mursalin_1295365/Laravel/ecommerce/vendor/laravel/framework/src/Illuminate/Pipeline/Pipeline.php(219): Illuminate/Foundation/Http/Middleware/InvokeDeferredCallbacks->handle(Object(Illuminate/Http/Request), Object(Closure))
#35 G:/Mursalin_1295365/Laravel/ecommerce/vendor/laravel/framework/src/Illuminate/Http/Middleware/ValidatePathEncoding.php(28): Illuminate/Pipeline/Pipeline->{closure:{closure:Illuminate/Pipeline/Pipeline::carry():194}:195}(Object(Illuminate/Http/Request))
#36 G:/Mursalin_1295365/Laravel/ecommerce/vendor/laravel/framework/src/Illuminate/Pipeline/Pipeline.php(219): Illuminate/Http/Middleware/ValidatePathEncoding->handle(Object(Illuminate/Http/Request), Object(Closure))
#37 G:/Mursalin_1295365/Laravel/ecommerce/vendor/laravel/framework/src/Illuminate/Pipeline/Pipeline.php(137): Illuminate/Pipeline/Pipeline->{closure:{closure:Illuminate/Pipeline/Pipeline::carry():194}:195}(Object(Illuminate/Http/Request))
#38 G:/Mursalin_1295365/Laravel/ecommerce/vendor/laravel/framework/src/Illuminate/Foundation/Http/Kernel.php(175): Illuminate/Pipeline/Pipeline->then(Object(Closure))
#39 G:/Mursalin_1295365/Laravel/ecommerce/vendor/laravel/framework/src/Illuminate/Foundation/Http/Kernel.php(144): Illuminate/Foundation/Http/Kernel->sendRequestThroughRouter(Object(Illuminate/Http/Request))
#40 G:/Mursalin_1295365/Laravel/ecommerce/vendor/laravel/framework/src/Illuminate/Foundation/Application.php(1227): Illuminate/Foundation/Http/Kernel->handle(Object(Illuminate/Http/Request))
#41 G:/Mursalin_1295365/Laravel/ecommerce/public/index.php(20): Illuminate/Foundation/Application->handleRequest(Object(Illuminate/Http/Request))
#42 C:/Program Files/Herd/resources/app.asar.unpacked/resources/valet/server.php(140): require('G://Mursalin_129...')
#43 {main}
"} 
[2026-09-20 03:44:30] local.ERROR: rename(G:\Mursalin_1295365\Laravel\ecommerce\storage\framework\views\e487F7D.tmp,G:\Mursalin_1295365\Laravel\ecommerce\storage\framework\views\e482b1d84801c9e1803f37a27d43524e.php): Access is denied (code: 5) {"exception":"[object] (ErrorException(code: 0): rename(G:\\Mursalin_1295365\\Laravel\\ecommerce\\storage\\framework\\views\\e487F7D.tmp,G:\\Mursalin_1295365\\Laravel\\ecommerce\\storage\\framework\\views\\e482b1d84801c9e1803f37a27d43524e.php): Access is denied (code: 5) at G:/Mursalin_1295365/Laravel/ecommerce/vendor/laravel/framework/src/Illuminate/Filesystem/Filesystem.php:233)
[stacktrace]
#0 G:/Mursalin_1295365/Laravel/ecommerce/vendor/laravel/framework/src/Illuminate/Foundation/Bootstrap/HandleExceptions.php(265): Illuminate/Foundation/Bootstrap/HandleExceptions->handleError(2, 'rename(G://Mursa...', 'G://Mursalin_129...', 233)
#1 [internal function]: Illuminate/Foundation/Bootstrap/HandleExceptions->{closure:Illuminate/Foundation/Bootstrap/HandleExceptions::forwardsTo():264}(2, 'rename(G://Mursa...', 'G://Mursalin_129...', 233)
#2 G:/Mursalin_1295365/Laravel/ecommerce/vendor/laravel/framework/src/Illuminate/Filesystem/Filesystem.php(233): rename('G://Mursalin_129...', 'G://Mursalin_129...')
#3 G:/Mursalin_1295365/Laravel/ecommerce/vendor/laravel/framework/src/Illuminate/View/Compilers/BladeCompiler.php(207): Illuminate/Filesystem/Filesystem->replace('G://Mursalin_129...', '<?php $__env->s...')
#4 G:/Mursalin_1295365/Laravel/ecommerce/vendor/laravel/framework/src/Illuminate/View/Engines/CompilerEngine.php(68): Illuminate/View/Compilers/BladeCompiler->compile('G://Mursalin_129...')
#5 G:/Mursalin_1295365/Laravel/ecommerce/vendor/laravel/framework/src/Illuminate/View/View.php(208): Illuminate/View/Engines/CompilerEngine->get('G://Mursalin_129...', Array)
#6 G:/Mursalin_1295365/Laravel/ecommerce/vendor/laravel/framework/src/Illuminate/View/View.php(191): Illuminate/View/View->getContents()
#7 G:/Mursalin_1295365/Laravel/ecommerce/vendor/laravel/framework/src/Illuminate/View/View.php(160): Illuminate/View/View->renderContents()
#8 G:/Mursalin_1295365/Laravel/ecommerce/vendor/laravel/framework/src/Illuminate/Http/Response.php(82): Illuminate/View/View->render()
#9 G:/Mursalin_1295365/Laravel/ecommerce/vendor/laravel/framework/src/Illuminate/Http/Response.php(40): Illuminate/Http/Response->setContent(Object(Illuminate/View/View))
#10 G:/Mursalin_1295365/Laravel/ecommerce/vendor/laravel/framework/src/Illuminate/Routing/ResponseFactory.php(61): Illuminate/Http/Response->__construct(Object(Illuminate/View/View), 404, Array)
#11 G:/Mursalin_1295365/Laravel/ecommerce/vendor/laravel/framework/src/Illuminate/Routing/ResponseFactory.php(91): Illuminate/Routing/ResponseFactory->make(Object(Illuminate/View/View), 404, Array)
#12 G:/Mursalin_1295365/Laravel/ecommerce/vendor/laravel/framework/src/Illuminate/Foundation/Exceptions/Handler.php(1042): Illuminate/Routing/ResponseFactory->view('errors::404', Array, 404, Array)
#13 G:/Mursalin_1295365/Laravel/ecommerce/vendor/laravel/framework/src/Illuminate/Foundation/Exceptions/Handler.php(961): Illuminate/Foundation/Exceptions/Handler->renderHttpException(Object(Symfony/Component/HttpKernel/Exception/NotFoundHttpException))
#14 G:/Mursalin_1295365/Laravel/ecommerce/vendor/laravel/framework/src/Illuminate/Foundation/Exceptions/Handler.php(844): Illuminate/Foundation/Exceptions/Handler->prepareResponse(Object(Illuminate/Http/Request), Object(Symfony/Component/HttpKernel/Exception/NotFoundHttpException))
#15 G:/Mursalin_1295365/Laravel/ecommerce/vendor/laravel/framework/src/Illuminate/Foundation/Exceptions/Handler.php(731): Illuminate/Foundation/Exceptions/Handler->renderExceptionResponse(Object(Illuminate/Http/Request), Object(Symfony/Component/HttpKernel/Exception/NotFoundHttpException))
#16 G:/Mursalin_1295365/Laravel/ecommerce/vendor/laravel/framework/src/Illuminate/Routing/Pipeline.php(51): Illuminate/Foundation/Exceptions/Handler->render(Object(Illuminate/Http/Request), Object(Symfony/Component/HttpKernel/Exception/NotFoundHttpException))
#17 G:/Mursalin_1295365/Laravel/ecommerce/vendor/laravel/framework/src/Illuminate/Pipeline/Pipeline.php(182): Illuminate/Routing/Pipeline->handleException(Object(Illuminate/Http/Request), Object(Symfony/Component/HttpKernel/Exception/NotFoundHttpException))
#18 G:/Mursalin_1295365/Laravel/ecommerce/vendor/laravel/framework/src/Illuminate/Foundation/Http/Middleware/TransformsRequest.php(21): Illuminate/Pipeline/Pipeline->{closure:Illuminate/Pipeline/Pipeline::prepareDestination():178}(Object(Illuminate/Http/Request))
#19 G:/Mursalin_1295365/Laravel/ecommerce/vendor/laravel/framework/src/Illuminate/Foundation/Http/Middleware/ConvertEmptyStringsToNull.php(31): Illuminate/Foundation/Http/Middleware/TransformsRequest->handle(Object(Illuminate/Http/Request), Object(Closure))
#20 G:/Mursalin_1295365/Laravel/ecommerce/vendor/laravel/framework/src/Illuminate/Pipeline/Pipeline.php(219): Illuminate/Foundation/Http/Middleware/ConvertEmptyStringsToNull->handle(Object(Illuminate/Http/Request), Object(Closure))
#21 G:/Mursalin_1295365/Laravel/ecommerce/vendor/laravel/framework/src/Illuminate/Foundation/Http/Middleware/TransformsRequest.php(21): Illuminate/Pipeline/Pipeline->{closure:{closure:Illuminate/Pipeline/Pipeline::carry():194}:195}(Object(Illuminate/Http/Request))
#22 G:/Mursalin_1295365/Laravel/ecommerce/vendor/laravel/framework/src/Illuminate/Foundation/Http/Middleware/TrimStrings.php(51): Illuminate/Foundation/Http/Middleware/TransformsRequest->handle(Object(Illuminate/Http/Request), Object(Closure))
#23 G:/Mursalin_1295365/Laravel/ecommerce/vendor/laravel/framework/src/Illuminate/Pipeline/Pipeline.php(219): Illuminate/Foundation/Http/Middleware/TrimStrings->handle(Object(Illuminate/Http/Request), Object(Closure))
#24 G:/Mursalin_1295365/Laravel/ecommerce/vendor/laravel/framework/src/Illuminate/Http/Middleware/ValidatePostSize.php(27): Illuminate/Pipeline/Pipeline->{closure:{closure:Illuminate/Pipeline/Pipeline::carry():194}:195}(Object(Illuminate/Http/Request))
#25 G:/Mursalin_1295365/Laravel/ecommerce/vendor/laravel/framework/src/Illuminate/Pipeline/Pipeline.php(219): Illuminate/Http/Middleware/ValidatePostSize->handle(Object(Illuminate/Http/Request), Object(Closure))
#26 G:/Mursalin_1295365/Laravel/ecommerce/vendor/laravel/framework/src/Illuminate/Foundation/Http/Middleware/PreventRequestsDuringMaintenance.php(110): Illuminate/Pipeline/Pipeline->{closure:{closure:Illuminate/Pipeline/Pipeline::carry():194}:195}(Object(Illuminate/Http/Request))
#27 G:/Mursalin_1295365/Laravel/ecommerce/vendor/laravel/framework/src/Illuminate/Pipeline/Pipeline.php(219): Illuminate/Foundation/Http/Middleware/PreventRequestsDuringMaintenance->handle(Object(Illuminate/Http/Request), Object(Closure))
#28 G:/Mursalin_1295365/Laravel/ecommerce/vendor/laravel/framework/src/Illuminate/Http/Middleware/HandleCors.php(61): Illuminate/Pipeline/Pipeline->{closure:{closure:Illuminate/Pipeline/Pipeline::carry():194}:195}(Object(Illuminate/Http/Request))
#29 G:/Mursalin_1295365/Laravel/ecommerce/vendor/laravel/framework/src/Illuminate/Pipeline/Pipeline.php(219): Illuminate/Http/Middleware/HandleCors->handle(Object(Illuminate/Http/Request), Object(Closure))
#30 G:/Mursalin_1295365/Laravel/ecommerce/vendor/laravel/framework/src/Illuminate/Http/Middleware/TrustProxies.php(58): Illuminate/Pipeline/Pipeline->{closure:{closure:Illuminate/Pipeline/Pipeline::carry():194}:195}(Object(Illuminate/Http/Request))
#31 G:/Mursalin_1295365/Laravel/ecommerce/vendor/laravel/framework/src/Illuminate/Pipeline/Pipeline.php(219): Illuminate/Http/Middleware/TrustProxies->handle(Object(Illuminate/Http/Request), Object(Closure))
#32 G:/Mursalin_1295365/Laravel/ecommerce/vendor/laravel/framework/src/Illuminate/Foundation/Http/Middleware/InvokeDeferredCallbacks.php(22): Illuminate/Pipeline/Pipeline->{closure:{closure:Illuminate/Pipeline/Pipeline::carry():194}:195}(Object(Illuminate/Http/Request))
#33 G:/Mursalin_1295365/Laravel/ecommerce/vendor/laravel/framework/src/Illuminate/Pipeline/Pipeline.php(219): Illuminate/Foundation/Http/Middleware/InvokeDeferredCallbacks->handle(Object(Illuminate/Http/Request), Object(Closure))
#34 G:/Mursalin_1295365/Laravel/ecommerce/vendor/laravel/framework/src/Illuminate/Http/Middleware/ValidatePathEncoding.php(28): Illuminate/Pipeline/Pipeline->{closure:{closure:Illuminate/Pipeline/Pipeline::carry():194}:195}(Object(Illuminate/Http/Request))
#35 G:/Mursalin_1295365/Laravel/ecommerce/vendor/laravel/framework/src/Illuminate/Pipeline/Pipeline.php(219): Illuminate/Http/Middleware/ValidatePathEncoding->handle(Object(Illuminate/Http/Request), Object(Closure))
#36 G:/Mursalin_1295365/Laravel/ecommerce/vendor/laravel/framework/src/Illuminate/Pipeline/Pipeline.php(137): Illuminate/Pipeline/Pipeline->{closure:{closure:Illuminate/Pipeline/Pipeline::carry():194}:195}(Object(Illuminate/Http/Request))
#37 G:/Mursalin_1295365/Laravel/ecommerce/vendor/laravel/framework/src/Illuminate/Foundation/Http/Kernel.php(175): Illuminate/Pipeline/Pipeline->then(Object(Closure))
#38 G:/Mursalin_1295365/Laravel/ecommerce/vendor/laravel/framework/src/Illuminate/Foundation/Http/Kernel.php(144): Illuminate/Foundation/Http/Kernel->sendRequestThroughRouter(Object(Illuminate/Http/Request))
#39 G:/Mursalin_1295365/Laravel/ecommerce/vendor/laravel/framework/src/Illuminate/Foundation/Application.php(1227): Illuminate/Foundation/Http/Kernel->handle(Object(Illuminate/Http/Request))
#40 G:/Mursalin_1295365/Laravel/ecommerce/public/index.php(20): Illuminate/Foundation/Application->handleRequest(Object(Illuminate/Http/Request))
#41 C:/Program Files/Herd/resources/app.asar.unpacked/resources/valet/server.php(140): require('G://Mursalin_129...')
#42 {main}
"} 
[2026-09-20 03:44:30] local.ERROR: rename(G:\Mursalin_1295365\Laravel\ecommerce\storage\framework\views\e487F7F.tmp,G:\Mursalin_1295365\Laravel\ecommerce\storage\framework\views\e482b1d84801c9e1803f37a27d43524e.php): Access is denied (code: 5) {"exception":"[object] (ErrorException(code: 0): rename(G:\\Mursalin_1295365\\Laravel\\ecommerce\\storage\\framework\\views\\e487F7F.tmp,G:\\Mursalin_1295365\\Laravel\\ecommerce\\storage\\framework\\views\\e482b1d84801c9e1803f37a27d43524e.php): Access is denied (code: 5) at G:/Mursalin_1295365/Laravel/ecommerce/vendor/laravel/framework/src/Illuminate/Filesystem/Filesystem.php:233)
[stacktrace]
#0 G:/Mursalin_1295365/Laravel/ecommerce/vendor/laravel/framework/src/Illuminate/Foundation/Bootstrap/HandleExceptions.php(265): Illuminate/Foundation/Bootstrap/HandleExceptions->handleError(2, 'rename(G://Mursa...', 'G://Mursalin_129...', 233)
#1 [internal function]: Illuminate/Foundation/Bootstrap/HandleExceptions->{closure:Illuminate/Foundation/Bootstrap/HandleExceptions::forwardsTo():264}(2, 'rename(G://Mursa...', 'G://Mursalin_129...', 233)
#2 G:/Mursalin_1295365/Laravel/ecommerce/vendor/laravel/framework/src/Illuminate/Filesystem/Filesystem.php(233): rename('G://Mursalin_129...', 'G://Mursalin_129...')
#3 G:/Mursalin_1295365/Laravel/ecommerce/vendor/laravel/framework/src/Illuminate/View/Compilers/BladeCompiler.php(207): Illuminate/Filesystem/Filesystem->replace('G://Mursalin_129...', '<?php $__env->s...')
#4 G:/Mursalin_1295365/Laravel/ecommerce/vendor/laravel/framework/src/Illuminate/View/Engines/CompilerEngine.php(68): Illuminate/View/Compilers/BladeCompiler->compile('G://Mursalin_129...')
#5 G:/Mursalin_1295365/Laravel/ecommerce/vendor/laravel/framework/src/Illuminate/View/View.php(208): Illuminate/View/Engines/CompilerEngine->get('G://Mursalin_129...', Array)
#6 G:/Mursalin_1295365/Laravel/ecommerce/vendor/laravel/framework/src/Illuminate/View/View.php(191): Illuminate/View/View->getContents()
#7 G:/Mursalin_1295365/Laravel/ecommerce/vendor/laravel/framework/src/Illuminate/View/View.php(160): Illuminate/View/View->renderContents()
#8 G:/Mursalin_1295365/Laravel/ecommerce/vendor/laravel/framework/src/Illuminate/Http/Response.php(82): Illuminate/View/View->render()
#9 G:/Mursalin_1295365/Laravel/ecommerce/vendor/laravel/framework/src/Illuminate/Http/Response.php(40): Illuminate/Http/Response->setContent(Object(Illuminate/View/View))
#10 G:/Mursalin_1295365/Laravel/ecommerce/vendor/laravel/framework/src/Illuminate/Routing/ResponseFactory.php(61): Illuminate/Http/Response->__construct(Object(Illuminate/View/View), 404, Array)
#11 G:/Mursalin_1295365/Laravel/ecommerce/vendor/laravel/framework/src/Illuminate/Routing/ResponseFactory.php(91): Illuminate/Routing/ResponseFactory->make(Object(Illuminate/View/View), 404, Array)
#12 G:/Mursalin_1295365/Laravel/ecommerce/vendor/laravel/framework/src/Illuminate/Foundation/Exceptions/Handler.php(1042): Illuminate/Routing/ResponseFactory->view('errors::404', Array, 404, Array)
#13 G:/Mursalin_1295365/Laravel/ecommerce/vendor/laravel/framework/src/Illuminate/Foundation/Exceptions/Handler.php(961): Illuminate/Foundation/Exceptions/Handler->renderHttpException(Object(Symfony/Component/HttpKernel/Exception/NotFoundHttpException))
#14 G:/Mursalin_1295365/Laravel/ecommerce/vendor/laravel/framework/src/Illuminate/Foundation/Exceptions/Handler.php(844): Illuminate/Foundation/Exceptions/Handler->prepareResponse(Object(Illuminate/Http/Request), Object(Symfony/Component/HttpKernel/Exception/NotFoundHttpException))
#15 G:/Mursalin_1295365/Laravel/ecommerce/vendor/laravel/framework/src/Illuminate/Foundation/Exceptions/Handler.php(731): Illuminate/Foundation/Exceptions/Handler->renderExceptionResponse(Object(Illuminate/Http/Request), Object(Symfony/Component/HttpKernel/Exception/NotFoundHttpException))
#16 G:/Mursalin_1295365/Laravel/ecommerce/vendor/laravel/framework/src/Illuminate/Routing/Pipeline.php(51): Illuminate/Foundation/Exceptions/Handler->render(Object(Illuminate/Http/Request), Object(Symfony/Component/HttpKernel/Exception/NotFoundHttpException))
#17 G:/Mursalin_1295365/Laravel/ecommerce/vendor/laravel/framework/src/Illuminate/Pipeline/Pipeline.php(182): Illuminate/Routing/Pipeline->handleException(Object(Illuminate/Http/Request), Object(Symfony/Component/HttpKernel/Exception/NotFoundHttpException))
#18 G:/Mursalin_1295365/Laravel/ecommerce/vendor/laravel/framework/src/Illuminate/Foundation/Http/Middleware/TransformsRequest.php(21): Illuminate/Pipeline/Pipeline->{closure:Illuminate/Pipeline/Pipeline::prepareDestination():178}(Object(Illuminate/Http/Request))
#19 G:/Mursalin_1295365/Laravel/ecommerce/vendor/laravel/framework/src/Illuminate/Foundation/Http/Middleware/ConvertEmptyStringsToNull.php(31): Illuminate/Foundation/Http/Middleware/TransformsRequest->handle(Object(Illuminate/Http/Request), Object(Closure))
#20 G:/Mursalin_1295365/Laravel/ecommerce/vendor/laravel/framework/src/Illuminate/Pipeline/Pipeline.php(219): Illuminate/Foundation/Http/Middleware/ConvertEmptyStringsToNull->handle(Object(Illuminate/Http/Request), Object(Closure))
#21 G:/Mursalin_1295365/Laravel/ecommerce/vendor/laravel/framework/src/Illuminate/Foundation/Http/Middleware/TransformsRequest.php(21): Illuminate/Pipeline/Pipeline->{closure:{closure:Illuminate/Pipeline/Pipeline::carry():194}:195}(Object(Illuminate/Http/Request))
#22 G:/Mursalin_1295365/Laravel/ecommerce/vendor/laravel/framework/src/Illuminate/Foundation/Http/Middleware/TrimStrings.php(51): Illuminate/Foundation/Http/Middleware/TransformsRequest->handle(Object(Illuminate/Http/Request), Object(Closure))
#23 G:/Mursalin_1295365/Laravel/ecommerce/vendor/laravel/framework/src/Illuminate/Pipeline/Pipeline.php(219): Illuminate/Foundation/Http/Middleware/TrimStrings->handle(Object(Illuminate/Http/Request), Object(Closure))
#24 G:/Mursalin_1295365/Laravel/ecommerce/vendor/laravel/framework/src/Illuminate/Http/Middleware/ValidatePostSize.php(27): Illuminate/Pipeline/Pipeline->{closure:{closure:Illuminate/Pipeline/Pipeline::carry():194}:195}(Object(Illuminate/Http/Request))
#25 G:/Mursalin_1295365/Laravel/ecommerce/vendor/laravel/framework/src/Illuminate/Pipeline/Pipeline.php(219): Illuminate/Http/Middleware/ValidatePostSize->handle(Object(Illuminate/Http/Request), Object(Closure))
#26 G:/Mursalin_1295365/Laravel/ecommerce/vendor/laravel/framework/src/Illuminate/Foundation/Http/Middleware/PreventRequestsDuringMaintenance.php(110): Illuminate/Pipeline/Pipeline->{closure:{closure:Illuminate/Pipeline/Pipeline::carry():194}:195}(Object(Illuminate/Http/Request))
#27 G:/Mursalin_1295365/Laravel/ecommerce/vendor/laravel/framework/src/Illuminate/Pipeline/Pipeline.php(219): Illuminate/Foundation/Http/Middleware/PreventRequestsDuringMaintenance->handle(Object(Illuminate/Http/Request), Object(Closure))
#28 G:/Mursalin_1295365/Laravel/ecommerce/vendor/laravel/framework/src/Illuminate/Http/Middleware/HandleCors.php(61): Illuminate/Pipeline/Pipeline->{closure:{closure:Illuminate/Pipeline/Pipeline::carry():194}:195}(Object(Illuminate/Http/Request))
#29 G:/Mursalin_1295365/Laravel/ecommerce/vendor/laravel/framework/src/Illuminate/Pipeline/Pipeline.php(219): Illuminate/Http/Middleware/HandleCors->handle(Object(Illuminate/Http/Request), Object(Closure))
#30 G:/Mursalin_1295365/Laravel/ecommerce/vendor/laravel/framework/src/Illuminate/Http/Middleware/TrustProxies.php(58): Illuminate/Pipeline/Pipeline->{closure:{closure:Illuminate/Pipeline/Pipeline::carry():194}:195}(Object(Illuminate/Http/Request))
#31 G:/Mursalin_1295365/Laravel/ecommerce/vendor/laravel/framework/src/Illuminate/Pipeline/Pipeline.php(219): Illuminate/Http/Middleware/TrustProxies->handle(Object(Illuminate/Http/Request), Object(Closure))
#32 G:/Mursalin_1295365/Laravel/ecommerce/vendor/laravel/framework/src/Illuminate/Foundation/Http/Middleware/InvokeDeferredCallbacks.php(22): Illuminate/Pipeline/Pipeline->{closure:{closure:Illuminate/Pipeline/Pipeline::carry():194}:195}(Object(Illuminate/Http/Request))
#33 G:/Mursalin_1295365/Laravel/ecommerce/vendor/laravel/framework/src/Illuminate/Pipeline/Pipeline.php(219): Illuminate/Foundation/Http/Middleware/InvokeDeferredCallbacks->handle(Object(Illuminate/Http/Request), Object(Closure))
#34 G:/Mursalin_1295365/Laravel/ecommerce/vendor/laravel/framework/src/Illuminate/Http/Middleware/ValidatePathEncoding.php(28): Illuminate/Pipeline/Pipeline->{closure:{closure:Illuminate/Pipeline/Pipeline::carry():194}:195}(Object(Illuminate/Http/Request))
#35 G:/Mursalin_1295365/Laravel/ecommerce/vendor/laravel/framework/src/Illuminate/Pipeline/Pipeline.php(219): Illuminate/Http/Middleware/ValidatePathEncoding->handle(Object(Illuminate/Http/Request), Object(Closure))
#36 G:/Mursalin_1295365/Laravel/ecommerce/vendor/laravel/framework/src/Illuminate/Pipeline/Pipeline.php(137): Illuminate/Pipeline/Pipeline->{closure:{closure:Illuminate/Pipeline/Pipeline::carry():194}:195}(Object(Illuminate/Http/Request))
#37 G:/Mursalin_1295365/Laravel/ecommerce/vendor/laravel/framework/src/Illuminate/Foundation/Http/Kernel.php(175): Illuminate/Pipeline/Pipeline->then(Object(Closure))
#38 G:/Mursalin_1295365/Laravel/ecommerce/vendor/laravel/framework/src/Illuminate/Foundation/Http/Kernel.php(144): Illuminate/Foundation/Http/Kernel->sendRequestThroughRouter(Object(Illuminate/Http/Request))
#39 G:/Mursalin_1295365/Laravel/ecommerce/vendor/laravel/framework/src/Illuminate/Foundation/Application.php(1227): Illuminate/Foundation/Http/Kernel->handle(Object(Illuminate/Http/Request))
#40 G:/Mursalin_1295365/Laravel/ecommerce/public/index.php(20): Illuminate/Foundation/Application->handleRequest(Object(Illuminate/Http/Request))
#41 C:/Program Files/Herd/resources/app.asar.unpacked/resources/valet/server.php(140): require('G://Mursalin_129...')
#42 {main}
"} 
[2026-09-20 03:44:31] local.ERROR: SQLSTATE[HY000]: General error: 1 no such table: categories (Connection: sqlite, Database: G:\Mursalin_1295365\Laravel\ecommerce\database\database.sqlite, SQL: select * from "categories" order by "name" asc) {"exception":"[object] (Illuminate\\Database\\QueryException(code: HY000): SQLSTATE[HY000]: General error: 1 no such table: categories (Connection: sqlite, Database: G:\\Mursalin_1295365\\Laravel\\ecommerce\\database\\database.sqlite, SQL: select * from \"categories\" order by \"name\" asc) at G:/Mursalin_1295365/Laravel/ecommerce/vendor/laravel/framework/src/Illuminate/Database/Connection.php:857)
[stacktrace]
#0 G:/Mursalin_1295365/Laravel/ecommerce/vendor/laravel/framework/src/Illuminate/Database/Connection.php(813): Illuminate/Database/Connection->runQueryCallback('select * from \"...', Array, Object(Closure))
#1 G:/Mursalin_1295365/Laravel/ecommerce/vendor/laravel/framework/src/Illuminate/Database/Connection.php(426): Illuminate/Database/Connection->run('select * from \"...', Array, Object(Closure))
#2 G:/Mursalin_1295365/Laravel/ecommerce/vendor/laravel/framework/src/Illuminate/Database/Query/Builder.php(3629): Illuminate/Database/Connection->select('select * from \"...', Array, true, Array)
#3 G:/Mursalin_1295365/Laravel/ecommerce/vendor/laravel/framework/src/Illuminate/Database/Query/Builder.php(3613): Illuminate/Database/Query/Builder->runSelect()
#4 G:/Mursalin_1295365/Laravel/ecommerce/vendor/laravel/framework/src/Illuminate/Database/Eloquent/Builder.php(931): Illuminate/Database/Query/Builder->get(Array)
#5 G:/Mursalin_1295365/Laravel/ecommerce/vendor/laravel/framework/src/Illuminate/Database/Eloquent/Builder.php(913): Illuminate/Database/Eloquent/Builder->getModels(Array)
#6 G:/Mursalin_1295365/Laravel/ecommerce/app/Http/Controllers/ProductController.php(20): Illuminate/Database/Eloquent/Builder->get()
#7 G:/Mursalin_1295365/Laravel/ecommerce/vendor/laravel/framework/src/Illuminate/Routing/ControllerDispatcher.php(46): App/Http/Controllers/ProductController->create()
#8 G:/Mursalin_1295365/Laravel/ecommerce/vendor/laravel/framework/src/Illuminate/Routing/Route.php(276): Illuminate/Routing/ControllerDispatcher->dispatch(Object(Illuminate/Routing/Route), Object(App/Http/Controllers/ProductController), 'create')
#9 G:/Mursalin_1295365/Laravel/ecommerce/vendor/laravel/framework/src/Illuminate/Routing/Route.php(216): Illuminate/Routing/Route->runController()
#10 G:/Mursalin_1295365/Laravel/ecommerce/vendor/laravel/framework/src/Illuminate/Routing/Router.php(822): Illuminate/Routing/Route->run()
#11 G:/Mursalin_1295365/Laravel/ecommerce/vendor/laravel/framework/src/Illuminate/Pipeline/Pipeline.php(180): Illuminate/Routing/Router->{closure:Illuminate/Routing/Router::runRouteWithinStack():821}(Object(Illuminate/Http/Request))
#12 G:/Mursalin_1295365/Laravel/ecommerce/vendor/laravel/boost/src/Middleware/InjectBoost.php(22): Illuminate/Pipeline/Pipeline->{closure:Illuminate/Pipeline/Pipeline::prepareDestination():178}(Object(Illuminate/Http/Request))
#13 G:/Mursalin_1295365/Laravel/ecommerce/vendor/laravel/framework/src/Illuminate/Pipeline/Pipeline.php(219): Laravel/Boost/Middleware/InjectBoost->handle(Object(Illuminate/Http/Request), Object(Closure))
#14 G:/Mursalin_1295365/Laravel/ecommerce/vendor/laravel/framework/src/Illuminate/Routing/Middleware/SubstituteBindings.php(52): Illuminate/Pipeline/Pipeline->{closure:{closure:Illuminate/Pipeline/Pipeline::carry():194}:195}(Object(Illuminate/Http/Request))
#15 G:/Mursalin_1295365/Laravel/ecommerce/vendor/laravel/framework/src/Illuminate/Pipeline/Pipeline.php(219): Illuminate/Routing/Middleware/SubstituteBindings->handle(Object(Illuminate/Http/Request), Object(Closure))
#16 G:/Mursalin_1295365/Laravel/ecommerce/vendor/laravel/framework/src/Illuminate/Foundation/Http/Middleware/PreventRequestForgery.php(104): Illuminate/Pipeline/Pipeline->{closure:{closure:Illuminate/Pipeline/Pipeline::carry():194}:195}(Object(Illuminate/Http/Request))
#17 G:/Mursalin_1295365/Laravel/ecommerce/vendor/laravel/framework/src/Illuminate/Pipeline/Pipeline.php(219): Illuminate/Foundation/Http/Middleware/PreventRequestForgery->handle(Object(Illuminate/Http/Request), Object(Closure))
#18 G:/Mursalin_1295365/Laravel/ecommerce/vendor/laravel/framework/src/Illuminate/View/Middleware/ShareErrorsFromSession.php(48): Illuminate/Pipeline/Pipeline->{closure:{closure:Illuminate/Pipeline/Pipeline::carry():194}:195}(Object(Illuminate/Http/Request))
#19 G:/Mursalin_1295365/Laravel/ecommerce/vendor/laravel/framework/src/Illuminate/Pipeline/Pipeline.php(219): Illuminate/View/Middleware/ShareErrorsFromSession->handle(Object(Illuminate/Http/Request), Object(Closure))
#20 G:/Mursalin_1295365/Laravel/ecommerce/vendor/laravel/framework/src/Illuminate/Session/Middleware/StartSession.php(120): Illuminate/Pipeline/Pipeline->{closure:{closure:Illuminate/Pipeline/Pipeline::carry():194}:195}(Object(Illuminate/Http/Request))
#21 G:/Mursalin_1295365/Laravel/ecommerce/vendor/laravel/framework/src/Illuminate/Session/Middleware/StartSession.php(63): Illuminate/Session/Middleware/StartSession->handleStatefulRequest(Object(Illuminate/Http/Request), Object(Illuminate/Session/Store), Object(Closure))
#22 G:/Mursalin_1295365/Laravel/ecommerce/vendor/laravel/framework/src/Illuminate/Pipeline/Pipeline.php(219): Illuminate/Session/Middleware/StartSession->handle(Object(Illuminate/Http/Request), Object(Closure))
#23 G:/Mursalin_1295365/Laravel/ecommerce/vendor/laravel/framework/src/Illuminate/Cookie/Middleware/AddQueuedCookiesToResponse.php(36): Illuminate/Pipeline/Pipeline->{closure:{closure:Illuminate/Pipeline/Pipeline::carry():194}:195}(Object(Illuminate/Http/Request))
#24 G:/Mursalin_1295365/Laravel/ecommerce/vendor/laravel/framework/src/Illuminate/Pipeline/Pipeline.php(219): Illuminate/Cookie/Middleware/AddQueuedCookiesToResponse->handle(Object(Illuminate/Http/Request), Object(Closure))
#25 G:/Mursalin_1295365/Laravel/ecommerce/vendor/laravel/framework/src/Illuminate/Cookie/Middleware/EncryptCookies.php(74): Illuminate/Pipeline/Pipeline->{closure:{closure:Illuminate/Pipeline/Pipeline::carry():194}:195}(Object(Illuminate/Http/Request))
#26 G:/Mursalin_1295365/Laravel/ecommerce/vendor/laravel/framework/src/Illuminate/Pipeline/Pipeline.php(219): Illuminate/Cookie/Middleware/EncryptCookies->handle(Object(Illuminate/Http/Request), Object(Closure))
#27 G:/Mursalin_1295365/Laravel/ecommerce/vendor/laravel/framework/src/Illuminate/Pipeline/Pipeline.php(137): Illuminate/Pipeline/Pipeline->{closure:{closure:Illuminate/Pipeline/Pipeline::carry():194}:195}(Object(Illuminate/Http/Request))
#28 G:/Mursalin_1295365/Laravel/ecommerce/vendor/laravel/framework/src/Illuminate/Routing/Router.php(821): Illuminate/Pipeline/Pipeline->then(Object(Closure))
#29 G:/Mursalin_1295365/Laravel/ecommerce/vendor/laravel/framework/src/Illuminate/Routing/Router.php(800): Illuminate/Routing/Router->runRouteWithinStack(Object(Illuminate/Routing/Route), Object(Illuminate/Http/Request))
#30 G:/Mursalin_1295365/Laravel/ecommerce/vendor/laravel/framework/src/Illuminate/Routing/Router.php(764): Illuminate/Routing/Router->runRoute(Object(Illuminate/Http/Request), Object(Illuminate/Routing/Route))
#31 G:/Mursalin_1295365/Laravel/ecommerce/vendor/laravel/framework/src/Illuminate/Routing/Router.php(753): Illuminate/Routing/Router->dispatchToRoute(Object(Illuminate/Http/Request))
#32 G:/Mursalin_1295365/Laravel/ecommerce/vendor/laravel/framework/src/Illuminate/Foundation/Http/Kernel.php(200): Illuminate/Routing/Router->dispatch(Object(Illuminate/Http/Request))
#33 G:/Mursalin_1295365/Laravel/ecommerce/vendor/laravel/framework/src/Illuminate/Pipeline/Pipeline.php(180): Illuminate/Foundation/Http/Kernel->{closure:Illuminate/Foundation/Http/Kernel::dispatchToRouter():197}(Object(Illuminate/Http/Request))
#34 G:/Mursalin_1295365/Laravel/ecommerce/vendor/laravel/framework/src/Illuminate/Foundation/Http/Middleware/TransformsRequest.php(21): Illuminate/Pipeline/Pipeline->{closure:Illuminate/Pipeline/Pipeline::prepareDestination():178}(Object(Illuminate/Http/Request))
#35 G:/Mursalin_1295365/Laravel/ecommerce/vendor/laravel/framework/src/Illuminate/Foundation/Http/Middleware/ConvertEmptyStringsToNull.php(31): Illuminate/Foundation/Http/Middleware/TransformsRequest->handle(Object(Illuminate/Http/Request), Object(Closure))
#36 G:/Mursalin_1295365/Laravel/ecommerce/vendor/laravel/framework/src/Illuminate/Pipeline/Pipeline.php(219): Illuminate/Foundation/Http/Middleware/ConvertEmptyStringsToNull->handle(Object(Illuminate/Http/Request), Object(Closure))
#37 G:/Mursalin_1295365/Laravel/ecommerce/vendor/laravel/framework/src/Illuminate/Foundation/Http/Middleware/TransformsRequest.php(21): Illuminate/Pipeline/Pipeline->{closure:{closure:Illuminate/Pipeline/Pipeline::carry():194}:195}(Object(Illuminate/Http/Request))
#38 G:/Mursalin_1295365/Laravel/ecommerce/vendor/laravel/framework/src/Illuminate/Foundation/Http/Middleware/TrimStrings.php(51): Illuminate/Foundation/Http/Middleware/TransformsRequest->handle(Object(Illuminate/Http/Request), Object(Closure))
#39 G:/Mursalin_1295365/Laravel/ecommerce/vendor/laravel/framework/src/Illuminate/Pipeline/Pipeline.php(219): Illuminate/Foundation/Http/Middleware/TrimStrings->handle(Object(Illuminate/Http/Request), Object(Closure))
#40 G:/Mursalin_1295365/Laravel/ecommerce/vendor/laravel/framework/src/Illuminate/Http/Middleware/ValidatePostSize.php(27): Illuminate/Pipeline/Pipeline->{closure:{closure:Illuminate/Pipeline/Pipeline::carry():194}:195}(Object(Illuminate/Http/Request))
#41 G:/Mursalin_1295365/Laravel/ecommerce/vendor/laravel/framework/src/Illuminate/Pipeline/Pipeline.php(219): Illuminate/Http/Middleware/ValidatePostSize->handle(Object(Illuminate/Http/Request), Object(Closure))
#42 G:/Mursalin_1295365/Laravel/ecommerce/vendor/laravel/framework/src/Illuminate/Foundation/Http/Middleware/PreventRequestsDuringMaintenance.php(110): Illuminate/Pipeline/Pipeline->{closure:{closure:Illuminate/Pipeline/Pipeline::carry():194}:195}(Object(Illuminate/Http/Request))
#43 G:/Mursalin_1295365/Laravel/ecommerce/vendor/laravel/framework/src/Illuminate/Pipeline/Pipeline.php(219): Illuminate/Foundation/Http/Middleware/PreventRequestsDuringMaintenance->handle(Object(Illuminate/Http/Request), Object(Closure))
#44 G:/Mursalin_1295365/Laravel/ecommerce/vendor/laravel/framework/src/Illuminate/Http/Middleware/HandleCors.php(61): Illuminate/Pipeline/Pipeline->{closure:{closure:Illuminate/Pipeline/Pipeline::carry():194}:195}(Object(Illuminate/Http/Request))
#45 G:/Mursalin_1295365/Laravel/ecommerce/vendor/laravel/framework/src/Illuminate/Pipeline/Pipeline.php(219): Illuminate/Http/Middleware/HandleCors->handle(Object(Illuminate/Http/Request), Object(Closure))
#46 G:/Mursalin_1295365/Laravel/ecommerce/vendor/laravel/framework/src/Illuminate/Http/Middleware/TrustProxies.php(58): Illuminate/Pipeline/Pipeline->{closure:{closure:Illuminate/Pipeline/Pipeline::carry():194}:195}(Object(Illuminate/Http/Request))
#47 G:/Mursalin_1295365/Laravel/ecommerce/vendor/laravel/framework/src/Illuminate/Pipeline/Pipeline.php(219): Illuminate/Http/Middleware/TrustProxies->handle(Object(Illuminate/Http/Request), Object(Closure))
#48 G:/Mursalin_1295365/Laravel/ecommerce/vendor/laravel/framework/src/Illuminate/Foundation/Http/Middleware/InvokeDeferredCallbacks.php(22): Illuminate/Pipeline/Pipeline->{closure:{closure:Illuminate/Pipeline/Pipeline::carry():194}:195}(Object(Illuminate/Http/Request))
#49 G:/Mursalin_1295365/Laravel/ecommerce/vendor/laravel/framework/src/Illuminate/Pipeline/Pipeline.php(219): Illuminate/Foundation/Http/Middleware/InvokeDeferredCallbacks->handle(Object(Illuminate/Http/Request), Object(Closure))
#50 G:/Mursalin_1295365/Laravel/ecommerce/vendor/laravel/framework/src/Illuminate/Http/Middleware/ValidatePathEncoding.php(28): Illuminate/Pipeline/Pipeline->{closure:{closure:Illuminate/Pipeline/Pipeline::carry():194}:195}(Object(Illuminate/Http/Request))
#51 G:/Mursalin_1295365/Laravel/ecommerce/vendor/laravel/framework/src/Illuminate/Pipeline/Pipeline.php(219): Illuminate/Http/Middleware/ValidatePathEncoding->handle(Object(Illuminate/Http/Request), Object(Closure))
#52 G:/Mursalin_1295365/Laravel/ecommerce/vendor/laravel/framework/src/Illuminate/Pipeline/Pipeline.php(137): Illuminate/Pipeline/Pipeline->{closure:{closure:Illuminate/Pipeline/Pipeline::carry():194}:195}(Object(Illuminate/Http/Request))
#53 G:/Mursalin_1295365/Laravel/ecommerce/vendor/laravel/framework/src/Illuminate/Foundation/Http/Kernel.php(175): Illuminate/Pipeline/Pipeline->then(Object(Closure))
#54 G:/Mursalin_1295365/Laravel/ecommerce/vendor/laravel/framework/src/Illuminate/Foundation/Http/Kernel.php(144): Illuminate/Foundation/Http/Kernel->sendRequestThroughRouter(Object(Illuminate/Http/Request))
#55 G:/Mursalin_1295365/Laravel/ecommerce/vendor/laravel/framework/src/Illuminate/Foundation/Application.php(1227): Illuminate/Foundation/Http/Kernel->handle(Object(Illuminate/Http/Request))
#56 G:/Mursalin_1295365/Laravel/ecommerce/public/index.php(20): Illuminate/Foundation/Application->handleRequest(Object(Illuminate/Http/Request))
#57 C:/Program Files/Herd/resources/app.asar.unpacked/resources/valet/server.php(140): require('G://Mursalin_129...')
#58 {main}

[previous exception] [object] (PDOException(code: HY000): SQLSTATE[HY000]: General error: 1 no such table: categories at G:/Mursalin_1295365/Laravel/ecommerce/vendor/laravel/framework/src/Illuminate/Database/Connection.php:435)
[stacktrace]
#0 G:/Mursalin_1295365/Laravel/ecommerce/vendor/laravel/framework/src/Illuminate/Database/Connection.php(435): PDO->prepare('select * from \"...')
#1 G:/Mursalin_1295365/Laravel/ecommerce/vendor/laravel/framework/src/Illuminate/Database/Connection.php(846): Illuminate/Database/Connection->{closure:Illuminate/Database/Connection::select():426}('select * from \"...', Array)
#2 G:/Mursalin_1295365/Laravel/ecommerce/vendor/laravel/framework/src/Illuminate/Database/Connection.php(813): Illuminate/Database/Connection->runQueryCallback('select * from \"...', Array, Object(Closure))
#3 G:/Mursalin_1295365/Laravel/ecommerce/vendor/laravel/framework/src/Illuminate/Database/Connection.php(426): Illuminate/Database/Connection->run('select * from \"...', Array, Object(Closure))
#4 G:/Mursalin_1295365/Laravel/ecommerce/vendor/laravel/framework/src/Illuminate/Database/Query/Builder.php(3629): Illuminate/Database/Connection->select('select * from \"...', Array, true, Array)
#5 G:/Mursalin_1295365/Laravel/ecommerce/vendor/laravel/framework/src/Illuminate/Database/Query/Builder.php(3613): Illuminate/Database/Query/Builder->runSelect()
#6 G:/Mursalin_1295365/Laravel/ecommerce/vendor/laravel/framework/src/Illuminate/Database/Eloquent/Builder.php(931): Illuminate/Database/Query/Builder->get(Array)
#7 G:/Mursalin_1295365/Laravel/ecommerce/vendor/laravel/framework/src/Illuminate/Database/Eloquent/Builder.php(913): Illuminate/Database/Eloquent/Builder->getModels(Array)
#8 G:/Mursalin_1295365/Laravel/ecommerce/app/Http/Controllers/ProductController.php(20): Illuminate/Database/Eloquent/Builder->get()
#9 G:/Mursalin_1295365/Laravel/ecommerce/vendor/laravel/framework/src/Illuminate/Routing/ControllerDispatcher.php(46): App/Http/Controllers/ProductController->create()
#10 G:/Mursalin_1295365/Laravel/ecommerce/vendor/laravel/framework/src/Illuminate/Routing/Route.php(276): Illuminate/Routing/ControllerDispatcher->dispatch(Object(Illuminate/Routing/Route), Object(App/Http/Controllers/ProductController), 'create')
#11 G:/Mursalin_1295365/Laravel/ecommerce/vendor/laravel/framework/src/Illuminate/Routing/Route.php(216): Illuminate/Routing/Route->runController()
#12 G:/Mursalin_1295365/Laravel/ecommerce/vendor/laravel/framework/src/Illuminate/Routing/Router.php(822): Illuminate/Routing/Route->run()
#13 G:/Mursalin_1295365/Laravel/ecommerce/vendor/laravel/framework/src/Illuminate/Pipeline/Pipeline.php(180): Illuminate/Routing/Router->{closure:Illuminate/Routing/Router::runRouteWithinStack():821}(Object(Illuminate/Http/Request))
#14 G:/Mursalin_1295365/Laravel/ecommerce/vendor/laravel/boost/src/Middleware/InjectBoost.php(22): Illuminate/Pipeline/Pipeline->{closure:Illuminate/Pipeline/Pipeline::prepareDestination():178}(Object(Illuminate/Http/Request))
#15 G:/Mursalin_1295365/Laravel/ecommerce/vendor/laravel/framework/src/Illuminate/Pipeline/Pipeline.php(219): Laravel/Boost/Middleware/InjectBoost->handle(Object(Illuminate/Http/Request), Object(Closure))
#16 G:/Mursalin_1295365/Laravel/ecommerce/vendor/laravel/framework/src/Illuminate/Routing/Middleware/SubstituteBindings.php(52): Illuminate/Pipeline/Pipeline->{closure:{closure:Illuminate/Pipeline/Pipeline::carry():194}:195}(Object(Illuminate/Http/Request))
#17 G:/Mursalin_1295365/Laravel/ecommerce/vendor/laravel/framework/src/Illuminate/Pipeline/Pipeline.php(219): Illuminate/Routing/Middleware/SubstituteBindings->handle(Object(Illuminate/Http/Request), Object(Closure))
#18 G:/Mursalin_1295365/Laravel/ecommerce/vendor/laravel/framework/src/Illuminate/Foundation/Http/Middleware/PreventRequestForgery.php(104): Illuminate/Pipeline/Pipeline->{closure:{closure:Illuminate/Pipeline/Pipeline::carry():194}:195}(Object(Illuminate/Http/Request))
#19 G:/Mursalin_1295365/Laravel/ecommerce/vendor/laravel/framework/src/Illuminate/Pipeline/Pipeline.php(219): Illuminate/Foundation/Http/Middleware/PreventRequestForgery->handle(Object(Illuminate/Http/Request), Object(Closure))
#20 G:/Mursalin_1295365/Laravel/ecommerce/vendor/laravel/framework/src/Illuminate/View/Middleware/ShareErrorsFromSession.php(48): Illuminate/Pipeline/Pipeline->{closure:{closure:Illuminate/Pipeline/Pipeline::carry():194}:195}(Object(Illuminate/Http/Request))
#21 G:/Mursalin_1295365/Laravel/ecommerce/vendor/laravel/framework/src/Illuminate/Pipeline/Pipeline.php(219): Illuminate/View/Middleware/ShareErrorsFromSession->handle(Object(Illuminate/Http/Request), Object(Closure))
#22 G:/Mursalin_1295365/Laravel/ecommerce/vendor/laravel/framework/src/Illuminate/Session/Middleware/StartSession.php(120): Illuminate/Pipeline/Pipeline->{closure:{closure:Illuminate/Pipeline/Pipeline::carry():194}:195}(Object(Illuminate/Http/Request))
#23 G:/Mursalin_1295365/Laravel/ecommerce/vendor/laravel/framework/src/Illuminate/Session/Middleware/StartSession.php(63): Illuminate/Session/Middleware/StartSession->handleStatefulRequest(Object(Illuminate/Http/Request), Object(Illuminate/Session/Store), Object(Closure))
#24 G:/Mursalin_1295365/Laravel/ecommerce/vendor/laravel/framework/src/Illuminate/Pipeline/Pipeline.php(219): Illuminate/Session/Middleware/StartSession->handle(Object(Illuminate/Http/Request), Object(Closure))
#25 G:/Mursalin_1295365/Laravel/ecommerce/vendor/laravel/framework/src/Illuminate/Cookie/Middleware/AddQueuedCookiesToResponse.php(36): Illuminate/Pipeline/Pipeline->{closure:{closure:Illuminate/Pipeline/Pipeline::carry():194}:195}(Object(Illuminate/Http/Request))
#26 G:/Mursalin_1295365/Laravel/ecommerce/vendor/laravel/framework/src/Illuminate/Pipeline/Pipeline.php(219): Illuminate/Cookie/Middleware/AddQueuedCookiesToResponse->handle(Object(Illuminate/Http/Request), Object(Closure))
#27 G:/Mursalin_1295365/Laravel/ecommerce/vendor/laravel/framework/src/Illuminate/Cookie/Middleware/EncryptCookies.php(74): Illuminate/Pipeline/Pipeline->{closure:{closure:Illuminate/Pipeline/Pipeline::carry():194}:195}(Object(Illuminate/Http/Request))
#28 G:/Mursalin_1295365/Laravel/ecommerce/vendor/laravel/framework/src/Illuminate/Pipeline/Pipeline.php(219): Illuminate/Cookie/Middleware/EncryptCookies->handle(Object(Illuminate/Http/Request), Object(Closure))
#29 G:/Mursalin_1295365/Laravel/ecommerce/vendor/laravel/framework/src/Illuminate/Pipeline/Pipeline.php(137): Illuminate/Pipeline/Pipeline->{closure:{closure:Illuminate/Pipeline/Pipeline::carry():194}:195}(Object(Illuminate/Http/Request))
#30 G:/Mursalin_1295365/Laravel/ecommerce/vendor/laravel/framework/src/Illuminate/Routing/Router.php(821): Illuminate/Pipeline/Pipeline->then(Object(Closure))
#31 G:/Mursalin_1295365/Laravel/ecommerce/vendor/laravel/framework/src/Illuminate/Routing/Router.php(800): Illuminate/Routing/Router->runRouteWithinStack(Object(Illuminate/Routing/Route), Object(Illuminate/Http/Request))
#32 G:/Mursalin_1295365/Laravel/ecommerce/vendor/laravel/framework/src/Illuminate/Routing/Router.php(764): Illuminate/Routing/Router->runRoute(Object(Illuminate/Http/Request), Object(Illuminate/Routing/Route))
#33 G:/Mursalin_1295365/Laravel/ecommerce/vendor/laravel/framework/src/Illuminate/Routing/Router.php(753): Illuminate/Routing/Router->dispatchToRoute(Object(Illuminate/Http/Request))
#34 G:/Mursalin_1295365/Laravel/ecommerce/vendor/laravel/framework/src/Illuminate/Foundation/Http/Kernel.php(200): Illuminate/Routing/Router->dispatch(Object(Illuminate/Http/Request))
#35 G:/Mursalin_1295365/Laravel/ecommerce/vendor/laravel/framework/src/Illuminate/Pipeline/Pipeline.php(180): Illuminate/Foundation/Http/Kernel->{closure:Illuminate/Foundation/Http/Kernel::dispatchToRouter():197}(Object(Illuminate/Http/Request))
#36 G:/Mursalin_1295365/Laravel/ecommerce/vendor/laravel/framework/src/Illuminate/Foundation/Http/Middleware/TransformsRequest.php(21): Illuminate/Pipeline/Pipeline->{closure:Illuminate/Pipeline/Pipeline::prepareDestination():178}(Object(Illuminate/Http/Request))
#37 G:/Mursalin_1295365/Laravel/ecommerce/vendor/laravel/framework/src/Illuminate/Foundation/Http/Middleware/ConvertEmptyStringsToNull.php(31): Illuminate/Foundation/Http/Middleware/TransformsRequest->handle(Object(Illuminate/Http/Request), Object(Closure))
#38 G:/Mursalin_1295365/Laravel/ecommerce/vendor/laravel/framework/src/Illuminate/Pipeline/Pipeline.php(219): Illuminate/Foundation/Http/Middleware/ConvertEmptyStringsToNull->handle(Object(Illuminate/Http/Request), Object(Closure))
#39 G:/Mursalin_1295365/Laravel/ecommerce/vendor/laravel/framework/src/Illuminate/Foundation/Http/Middleware/TransformsRequest.php(21): Illuminate/Pipeline/Pipeline->{closure:{closure:Illuminate/Pipeline/Pipeline::carry():194}:195}(Object(Illuminate/Http/Request))
#40 G:/Mursalin_1295365/Laravel/ecommerce/vendor/laravel/framework/src/Illuminate/Foundation/Http/Middleware/TrimStrings.php(51): Illuminate/Foundation/Http/Middleware/TransformsRequest->handle(Object(Illuminate/Http/Request), Object(Closure))
#41 G:/Mursalin_1295365/Laravel/ecommerce/vendor/laravel/framework/src/Illuminate/Pipeline/Pipeline.php(219): Illuminate/Foundation/Http/Middleware/TrimStrings->handle(Object(Illuminate/Http/Request), Object(Closure))
#42 G:/Mursalin_1295365/Laravel/ecommerce/vendor/laravel/framework/src/Illuminate/Http/Middleware/ValidatePostSize.php(27): Illuminate/Pipeline/Pipeline->{closure:{closure:Illuminate/Pipeline/Pipeline::carry():194}:195}(Object(Illuminate/Http/Request))
#43 G:/Mursalin_1295365/Laravel/ecommerce/vendor/laravel/framework/src/Illuminate/Pipeline/Pipeline.php(219): Illuminate/Http/Middleware/ValidatePostSize->handle(Object(Illuminate/Http/Request), Object(Closure))
#44 G:/Mursalin_1295365/Laravel/ecommerce/vendor/laravel/framework/src/Illuminate/Foundation/Http/Middleware/PreventRequestsDuringMaintenance.php(110): Illuminate/Pipeline/Pipeline->{closure:{closure:Illuminate/Pipeline/Pipeline::carry():194}:195}(Object(Illuminate/Http/Request))
#45 G:/Mursalin_1295365/Laravel/ecommerce/vendor/laravel/framework/src/Illuminate/Pipeline/Pipeline.php(219): Illuminate/Foundation/Http/Middleware/PreventRequestsDuringMaintenance->handle(Object(Illuminate/Http/Request), Object(Closure))
#46 G:/Mursalin_1295365/Laravel/ecommerce/vendor/laravel/framework/src/Illuminate/Http/Middleware/HandleCors.php(61): Illuminate/Pipeline/Pipeline->{closure:{closure:Illuminate/Pipeline/Pipeline::carry():194}:195}(Object(Illuminate/Http/Request))
#47 G:/Mursalin_1295365/Laravel/ecommerce/vendor/laravel/framework/src/Illuminate/Pipeline/Pipeline.php(219): Illuminate/Http/Middleware/HandleCors->handle(Object(Illuminate/Http/Request), Object(Closure))
#48 G:/Mursalin_1295365/Laravel/ecommerce/vendor/laravel/framework/src/Illuminate/Http/Middleware/TrustProxies.php(58): Illuminate/Pipeline/Pipeline->{closure:{closure:Illuminate/Pipeline/Pipeline::carry():194}:195}(Object(Illuminate/Http/Request))
#49 G:/Mursalin_1295365/Laravel/ecommerce/vendor/laravel/framework/src/Illuminate/Pipeline/Pipeline.php(219): Illuminate/Http/Middleware/TrustProxies->handle(Object(Illuminate/Http/Request), Object(Closure))
#50 G:/Mursalin_1295365/Laravel/ecommerce/vendor/laravel/framework/src/Illuminate/Foundation/Http/Middleware/InvokeDeferredCallbacks.php(22): Illuminate/Pipeline/Pipeline->{closure:{closure:Illuminate/Pipeline/Pipeline::carry():194}:195}(Object(Illuminate/Http/Request))
#51 G:/Mursalin_1295365/Laravel/ecommerce/vendor/laravel/framework/src/Illuminate/Pipeline/Pipeline.php(219): Illuminate/Foundation/Http/Middleware/InvokeDeferredCallbacks->handle(Object(Illuminate/Http/Request), Object(Closure))
#52 G:/Mursalin_1295365/Laravel/ecommerce/vendor/laravel/framework/src/Illuminate/Http/Middleware/ValidatePathEncoding.php(28): Illuminate/Pipeline/Pipeline->{closure:{closure:Illuminate/Pipeline/Pipeline::carry():194}:195}(Object(Illuminate/Http/Request))
#53 G:/Mursalin_1295365/Laravel/ecommerce/vendor/laravel/framework/src/Illuminate/Pipeline/Pipeline.php(219): Illuminate/Http/Middleware/ValidatePathEncoding->handle(Object(Illuminate/Http/Request), Object(Closure))
#54 G:/Mursalin_1295365/Laravel/ecommerce/vendor/laravel/framework/src/Illuminate/Pipeline/Pipeline.php(137): Illuminate/Pipeline/Pipeline->{closure:{closure:Illuminate/Pipeline/Pipeline::carry():194}:195}(Object(Illuminate/Http/Request))
#55 G:/Mursalin_1295365/Laravel/ecommerce/vendor/laravel/framework/src/Illuminate/Foundation/Http/Kernel.php(175): Illuminate/Pipeline/Pipeline->then(Object(Closure))
#56 G:/Mursalin_1295365/Laravel/ecommerce/vendor/laravel/framework/src/Illuminate/Foundation/Http/Kernel.php(144): Illuminate/Foundation/Http/Kernel->sendRequestThroughRouter(Object(Illuminate/Http/Request))
#57 G:/Mursalin_1295365/Laravel/ecommerce/vendor/laravel/framework/src/Illuminate/Foundation/Application.php(1227): Illuminate/Foundation/Http/Kernel->handle(Object(Illuminate/Http/Request))
#58 G:/Mursalin_1295365/Laravel/ecommerce/public/index.php(20): Illuminate/Foundation/Application->handleRequest(Object(Illuminate/Http/Request))
#59 C:/Program Files/Herd/resources/app.asar.unpacked/resources/valet/server.php(140): require('G://Mursalin_129...')
#60 {main}
"} 
[2026-09-20 03:48:00] local.ERROR: Command "maigrate" is not defined.

Did you mean one of these?
    migrate
    migrate:fresh
    migrate:install
    migrate:refresh
    migrate:reset
    migrate:rollback
    migrate:status {"exception":"[object] (Symfony\\Component\\Console\\Exception\\CommandNotFoundException(code: 0): Command \"maigrate\" is not defined.

Did you mean one of these?
    migrate
    migrate:fresh
    migrate:install
    migrate:refresh
    migrate:reset
    migrate:rollback
    migrate:status at G:/Mursalin_1295365/Laravel/ecommerce/vendor/symfony/console/Application.php:785)
[stacktrace]
#0 G:/Mursalin_1295365/Laravel/ecommerce/vendor/symfony/console/Application.php(321): Symfony/Component/Console/Application->find('maigrate')
#1 G:/Mursalin_1295365/Laravel/ecommerce/vendor/symfony/console/Application.php(218): Symfony/Component/Console/Application->doRun(Object(Symfony/Component/Console/Input/ArgvInput), Object(Symfony/Component/Console/Output/ConsoleOutput))
#2 G:/Mursalin_1295365/Laravel/ecommerce/vendor/laravel/framework/src/Illuminate/Foundation/Console/Kernel.php(198): Symfony/Component/Console/Application->run(Object(Symfony/Component/Console/Input/ArgvInput), Object(Symfony/Component/Console/Output/ConsoleOutput))
#3 G:/Mursalin_1295365/Laravel/ecommerce/vendor/laravel/framework/src/Illuminate/Foundation/Application.php(1242): Illuminate/Foundation/Console/Kernel->handle(Object(Symfony/Component/Console/Input/ArgvInput), Object(Symfony/Component/Console/Output/ConsoleOutput))
#4 G:/Mursalin_1295365/Laravel/ecommerce/artisan(16): Illuminate/Foundation/Application->handleCommand(Object(Symfony/Component/Console/Input/ArgvInput))
#5 {main}
"} 
[2026-09-20 04:27:37] local.ERROR: SQLSTATE[23000]: Integrity constraint violation: 19 UNIQUE constraint failed: users.email (Connection: sqlite, Database: G:\Mursalin_1295365\Laravel\ecommerce\database\database.sqlite, SQL: insert into "users" ("name", "email", "email_verified_at", "password", "remember_token", "updated_at", "created_at") values (Test User, test@example.com, 2026-09-20 04:27:37, $2y$12$tzfeaROSdTVd.TaTEflDVeDrjjbI0eCTC96NzrVNhmcYfcLKFIiEm, eQuA3oAEbv, 2026-09-20 04:27:37, 2026-09-20 04:27:37)) {"exception":"[object] (Illuminate\\Database\\UniqueConstraintViolationException(code: 23000): SQLSTATE[23000]: Integrity constraint violation: 19 UNIQUE constraint failed: users.email (Connection: sqlite, Database: G:\\Mursalin_1295365\\Laravel\\ecommerce\\database\\database.sqlite, SQL: insert into \"users\" (\"name\", \"email\", \"email_verified_at\", \"password\", \"remember_token\", \"updated_at\", \"created_at\") values (Test User, test@example.com, 2026-09-20 04:27:37, $2y$12$tzfeaROSdTVd.TaTEflDVeDrjjbI0eCTC96NzrVNhmcYfcLKFIiEm, eQuA3oAEbv, 2026-09-20 04:27:37, 2026-09-20 04:27:37)) at G:/Mursalin_1295365/Laravel/ecommerce/vendor/laravel/framework/src/Illuminate/Database/Connection.php:857)
[stacktrace]
#0 G:/Mursalin_1295365/Laravel/ecommerce/vendor/laravel/framework/src/Illuminate/Database/Connection.php(813): Illuminate/Database/Connection->runQueryCallback('insert into \"us...', Array, Object(Closure))
#1 G:/Mursalin_1295365/Laravel/ecommerce/vendor/laravel/framework/src/Illuminate/Database/Connection.php(590): Illuminate/Database/Connection->run('insert into \"us...', Array, Object(Closure))
#2 G:/Mursalin_1295365/Laravel/ecommerce/vendor/laravel/framework/src/Illuminate/Database/Connection.php(554): Illuminate/Database/Connection->statement('insert into \"us...', Array)
#3 G:/Mursalin_1295365/Laravel/ecommerce/vendor/laravel/framework/src/Illuminate/Database/Query/Processors/Processor.php(32): Illuminate/Database/Connection->insert('insert into \"us...', Array)
#4 G:/Mursalin_1295365/Laravel/ecommerce/vendor/laravel/framework/src/Illuminate/Database/Query/Builder.php(4313): Illuminate/Database/Query/Processors/Processor->processInsertGetId(Object(Illuminate/Database/Query/Builder), 'insert into \"us...', Array, 'id')
#5 G:/Mursalin_1295365/Laravel/ecommerce/vendor/laravel/framework/src/Illuminate/Database/Eloquent/Builder.php(2336): Illuminate/Database/Query/Builder->insertGetId(Array, 'id')
#6 G:/Mursalin_1295365/Laravel/ecommerce/vendor/laravel/framework/src/Illuminate/Database/Eloquent/Model.php(1687): Illuminate/Database/Eloquent/Builder->__call('insertGetId', Array)
#7 G:/Mursalin_1295365/Laravel/ecommerce/vendor/laravel/framework/src/Illuminate/Database/Eloquent/Model.php(1603): Illuminate/Database/Eloquent/Model->insertAndSetId(Object(Illuminate/Database/Eloquent/Builder), Array)
#8 G:/Mursalin_1295365/Laravel/ecommerce/vendor/laravel/framework/src/Illuminate/Database/Eloquent/Model.php(1407): Illuminate/Database/Eloquent/Model->performInsert(Object(Illuminate/Database/Eloquent/Builder))
#9 G:/Mursalin_1295365/Laravel/ecommerce/vendor/laravel/framework/src/Illuminate/Database/Eloquent/Factories/Factory.php(379): Illuminate/Database/Eloquent/Model->save()
#10 G:/Mursalin_1295365/Laravel/ecommerce/vendor/laravel/framework/src/Illuminate/Collections/Traits/EnumeratesValues.php(275): Illuminate/Database/Eloquent/Factories/Factory->{closure:Illuminate/Database/Eloquent/Factories/Factory::store():374}(Object(App/Models/User), 0)
#11 G:/Mursalin_1295365/Laravel/ecommerce/vendor/laravel/framework/src/Illuminate/Database/Eloquent/Factories/Factory.php(374): Illuminate/Support/Collection->each(Object(Closure))
#12 G:/Mursalin_1295365/Laravel/ecommerce/vendor/laravel/framework/src/Illuminate/Database/Eloquent/Factories/Factory.php(330): Illuminate/Database/Eloquent/Factories/Factory->store(Object(Illuminate/Support/Collection))
#13 G:/Mursalin_1295365/Laravel/ecommerce/vendor/laravel/framework/src/Illuminate/Database/Eloquent/Factories/Factory.php(324): Illuminate/Database/Eloquent/Factories/Factory->create(Array, NULL)
#14 G:/Mursalin_1295365/Laravel/ecommerce/database/seeders/DatabaseSeeder.php(20): Illuminate/Database/Eloquent/Factories/Factory->create(Array)
#15 G:/Mursalin_1295365/Laravel/ecommerce/vendor/laravel/framework/src/Illuminate/Container/BoundMethod.php(36): Database/Seeders/DatabaseSeeder->run()
#16 G:/Mursalin_1295365/Laravel/ecommerce/vendor/laravel/framework/src/Illuminate/Container/Util.php(43): Illuminate/Container/BoundMethod::{closure:Illuminate/Container/BoundMethod::call():35}()
#17 G:/Mursalin_1295365/Laravel/ecommerce/vendor/laravel/framework/src/Illuminate/Container/BoundMethod.php(96): Illuminate/Container/Util::unwrapIfClosure(Object(Closure))
#18 G:/Mursalin_1295365/Laravel/ecommerce/vendor/laravel/framework/src/Illuminate/Container/BoundMethod.php(35): Illuminate/Container/BoundMethod::callBoundMethod(Object(Illuminate/Foundation/Application), Array, Object(Closure))
#19 G:/Mursalin_1295365/Laravel/ecommerce/vendor/laravel/framework/src/Illuminate/Container/Container.php(803): Illuminate/Container/BoundMethod::call(Object(Illuminate/Foundation/Application), Array, Array, NULL)
#20 G:/Mursalin_1295365/Laravel/ecommerce/vendor/laravel/framework/src/Illuminate/Database/Seeder.php(184): Illuminate/Container/Container->call(Array, Array)
#21 G:/Mursalin_1295365/Laravel/ecommerce/vendor/laravel/framework/src/Illuminate/Database/Eloquent/Concerns/HasEvents.php(456): Illuminate/Database/Seeder->{closure:Illuminate/Database/Seeder::__invoke():183}()
#22 G:/Mursalin_1295365/Laravel/ecommerce/vendor/laravel/framework/src/Illuminate/Database/Console/Seeds/WithoutModelEvents.php(17): Illuminate/Database/Eloquent/Model::withoutEvents(Object(Closure))
#23 G:/Mursalin_1295365/Laravel/ecommerce/vendor/laravel/framework/src/Illuminate/Database/Seeder.php(191): Database/Seeders/DatabaseSeeder->{closure:Illuminate/Database/Console/Seeds/WithoutModelEvents::withoutModelEvents():17}()
#24 G:/Mursalin_1295365/Laravel/ecommerce/vendor/laravel/framework/src/Illuminate/Database/Console/Seeds/SeedCommand.php(89): Illuminate/Database/Seeder->__invoke()
#25 G:/Mursalin_1295365/Laravel/ecommerce/vendor/laravel/framework/src/Illuminate/Database/Eloquent/Concerns/GuardsAttributes.php(188): Illuminate/Database/Console/Seeds/SeedCommand->{closure:Illuminate/Database/Console/Seeds/SeedCommand::handle():88}()
#26 G:/Mursalin_1295365/Laravel/ecommerce/vendor/laravel/framework/src/Illuminate/Database/Console/Seeds/SeedCommand.php(88): Illuminate/Database/Eloquent/Model::unguarded(Object(Closure))
#27 G:/Mursalin_1295365/Laravel/ecommerce/vendor/laravel/framework/src/Illuminate/Container/BoundMethod.php(36): Illuminate/Database/Console/Seeds/SeedCommand->handle()
#28 G:/Mursalin_1295365/Laravel/ecommerce/vendor/laravel/framework/src/Illuminate/Container/Util.php(43): Illuminate/Container/BoundMethod::{closure:Illuminate/Container/BoundMethod::call():35}()
#29 G:/Mursalin_1295365/Laravel/ecommerce/vendor/laravel/framework/src/Illuminate/Container/BoundMethod.php(96): Illuminate/Container/Util::unwrapIfClosure(Object(Closure))
#30 G:/Mursalin_1295365/Laravel/ecommerce/vendor/laravel/framework/src/Illuminate/Container/BoundMethod.php(35): Illuminate/Container/BoundMethod::callBoundMethod(Object(Illuminate/Foundation/Application), Array, Object(Closure))
#31 G:/Mursalin_1295365/Laravel/ecommerce/vendor/laravel/framework/src/Illuminate/Container/Container.php(803): Illuminate/Container/BoundMethod::call(Object(Illuminate/Foundation/Application), Array, Array, NULL)
#32 G:/Mursalin_1295365/Laravel/ecommerce/vendor/laravel/framework/src/Illuminate/Console/Command.php(292): Illuminate/Container/Container->call(Array)
#33 G:/Mursalin_1295365/Laravel/ecommerce/vendor/symfony/console/Command/Command.php(285): Illuminate/Console/Command->execute(Object(Symfony/Component/Console/Input/ArrayInput), Object(Illuminate/Console/OutputStyle))
#34 G:/Mursalin_1295365/Laravel/ecommerce/vendor/laravel/framework/src/Illuminate/Console/Command.php(261): Symfony/Component/Console/Command/Command->run(Object(Symfony/Component/Console/Input/ArrayInput), Object(Illuminate/Console/OutputStyle))
#35 G:/Mursalin_1295365/Laravel/ecommerce/vendor/laravel/framework/src/Illuminate/Console/Concerns/CallsCommands.php(68): Illuminate/Console/Command->run(Object(Symfony/Component/Console/Input/ArrayInput), Object(Illuminate/Console/OutputStyle))
#36 G:/Mursalin_1295365/Laravel/ecommerce/vendor/laravel/framework/src/Illuminate/Console/Concerns/CallsCommands.php(29): Illuminate/Console/Command->runCommand('db:seed', Array, Object(Illuminate/Console/OutputStyle))
#37 G:/Mursalin_1295365/Laravel/ecommerce/vendor/laravel/framework/src/Illuminate/Database/Console/Migrations/MigrateCommand.php(127): Illuminate/Console/Command->call('db:seed', Array)
#38 G:/Mursalin_1295365/Laravel/ecommerce/vendor/laravel/framework/src/Illuminate/Database/Migrations/Migrator.php(672): Illuminate/Database/Console/Migrations/MigrateCommand->{closure:Illuminate/Database/Console/Migrations/MigrateCommand::runMigrations():111}()
#39 G:/Mursalin_1295365/Laravel/ecommerce/vendor/laravel/framework/src/Illuminate/Database/Console/Migrations/MigrateCommand.php(111): Illuminate/Database/Migrations/Migrator->usingConnection(NULL, Object(Closure))
#40 G:/Mursalin_1295365/Laravel/ecommerce/vendor/laravel/framework/src/Illuminate/Database/Console/Migrations/MigrateCommand.php(90): Illuminate/Database/Console/Migrations/MigrateCommand->runMigrations()
#41 G:/Mursalin_1295365/Laravel/ecommerce/vendor/laravel/framework/src/Illuminate/Container/BoundMethod.php(36): Illuminate/Database/Console/Migrations/MigrateCommand->handle()
#42 G:/Mursalin_1295365/Laravel/ecommerce/vendor/laravel/framework/src/Illuminate/Container/Util.php(43): Illuminate/Container/BoundMethod::{closure:Illuminate/Container/BoundMethod::call():35}()
#43 G:/Mursalin_1295365/Laravel/ecommerce/vendor/laravel/framework/src/Illuminate/Container/BoundMethod.php(96): Illuminate/Container/Util::unwrapIfClosure(Object(Closure))
#44 G:/Mursalin_1295365/Laravel/ecommerce/vendor/laravel/framework/src/Illuminate/Container/BoundMethod.php(35): Illuminate/Container/BoundMethod::callBoundMethod(Object(Illuminate/Foundation/Application), Array, Object(Closure))
#45 G:/Mursalin_1295365/Laravel/ecommerce/vendor/laravel/framework/src/Illuminate/Container/Container.php(803): Illuminate/Container/BoundMethod::call(Object(Illuminate/Foundation/Application), Array, Array, NULL)
#46 G:/Mursalin_1295365/Laravel/ecommerce/vendor/laravel/framework/src/Illuminate/Console/Command.php(292): Illuminate/Container/Container->call(Array)
#47 G:/Mursalin_1295365/Laravel/ecommerce/vendor/symfony/console/Command/Command.php(285): Illuminate/Console/Command->execute(Object(Symfony/Component/Console/Input/ArgvInput), Object(Illuminate/Console/OutputStyle))
#48 G:/Mursalin_1295365/Laravel/ecommerce/vendor/laravel/framework/src/Illuminate/Console/Command.php(261): Symfony/Component/Console/Command/Command->run(Object(Symfony/Component/Console/Input/ArgvInput), Object(Illuminate/Console/OutputStyle))
#49 G:/Mursalin_1295365/Laravel/ecommerce/vendor/symfony/console/Application.php(1144): Illuminate/Console/Command->run(Object(Symfony/Component/Console/Input/ArgvInput), Object(Symfony/Component/Console/Output/ConsoleOutput))
#50 G:/Mursalin_1295365/Laravel/ecommerce/vendor/symfony/console/Application.php(379): Symfony/Component/Console/Application->doRunCommand(Object(Illuminate/Database/Console/Migrations/MigrateCommand), Object(Symfony/Component/Console/Input/ArgvInput), Object(Symfony/Component/Console/Output/ConsoleOutput))
#51 G:/Mursalin_1295365/Laravel/ecommerce/vendor/symfony/console/Application.php(218): Symfony/Component/Console/Application->doRun(Object(Symfony/Component/Console/Input/ArgvInput), Object(Symfony/Component/Console/Output/ConsoleOutput))
#52 G:/Mursalin_1295365/Laravel/ecommerce/vendor/laravel/framework/src/Illuminate/Foundation/Console/Kernel.php(198): Symfony/Component/Console/Application->run(Object(Symfony/Component/Console/Input/ArgvInput), Object(Symfony/Component/Console/Output/ConsoleOutput))
#53 G:/Mursalin_1295365/Laravel/ecommerce/vendor/laravel/framework/src/Illuminate/Foundation/Application.php(1242): Illuminate/Foundation/Console/Kernel->handle(Object(Symfony/Component/Console/Input/ArgvInput), Object(Symfony/Component/Console/Output/ConsoleOutput))
#54 G:/Mursalin_1295365/Laravel/ecommerce/artisan(16): Illuminate/Foundation/Application->handleCommand(Object(Symfony/Component/Console/Input/ArgvInput))
#55 {main}

[previous exception] [object] (PDOException(code: 23000): SQLSTATE[23000]: Integrity constraint violation: 19 UNIQUE constraint failed: users.email at G:/Mursalin_1295365/Laravel/ecommerce/vendor/laravel/framework/src/Illuminate/Database/Connection.php:601)
[stacktrace]
#0 G:/Mursalin_1295365/Laravel/ecommerce/vendor/laravel/framework/src/Illuminate/Database/Connection.php(601): PDOStatement->execute()
#1 G:/Mursalin_1295365/Laravel/ecommerce/vendor/laravel/framework/src/Illuminate/Database/Connection.php(846): Illuminate/Database/Connection->{closure:Illuminate/Database/Connection::statement():590}('insert into \"us...', Array)
#2 G:/Mursalin_1295365/Laravel/ecommerce/vendor/laravel/framework/src/Illuminate/Database/Connection.php(813): Illuminate/Database/Connection->runQueryCallback('insert into \"us...', Array, Object(Closure))
#3 G:/Mursalin_1295365/Laravel/ecommerce/vendor/laravel/framework/src/Illuminate/Database/Connection.php(590): Illuminate/Database/Connection->run('insert into \"us...', Array, Object(Closure))
#4 G:/Mursalin_1295365/Laravel/ecommerce/vendor/laravel/framework/src/Illuminate/Database/Connection.php(554): Illuminate/Database/Connection->statement('insert into \"us...', Array)
#5 G:/Mursalin_1295365/Laravel/ecommerce/vendor/laravel/framework/src/Illuminate/Database/Query/Processors/Processor.php(32): Illuminate/Database/Connection->insert('insert into \"us...', Array)
#6 G:/Mursalin_1295365/Laravel/ecommerce/vendor/laravel/framework/src/Illuminate/Database/Query/Builder.php(4313): Illuminate/Database/Query/Processors/Processor->processInsertGetId(Object(Illuminate/Database/Query/Builder), 'insert into \"us...', Array, 'id')
#7 G:/Mursalin_1295365/Laravel/ecommerce/vendor/laravel/framework/src/Illuminate/Database/Eloquent/Builder.php(2336): Illuminate/Database/Query/Builder->insertGetId(Array, 'id')
#8 G:/Mursalin_1295365/Laravel/ecommerce/vendor/laravel/framework/src/Illuminate/Database/Eloquent/Model.php(1687): Illuminate/Database/Eloquent/Builder->__call('insertGetId', Array)
#9 G:/Mursalin_1295365/Laravel/ecommerce/vendor/laravel/framework/src/Illuminate/Database/Eloquent/Model.php(1603): Illuminate/Database/Eloquent/Model->insertAndSetId(Object(Illuminate/Database/Eloquent/Builder), Array)
#10 G:/Mursalin_1295365/Laravel/ecommerce/vendor/laravel/framework/src/Illuminate/Database/Eloquent/Model.php(1407): Illuminate/Database/Eloquent/Model->performInsert(Object(Illuminate/Database/Eloquent/Builder))
#11 G:/Mursalin_1295365/Laravel/ecommerce/vendor/laravel/framework/src/Illuminate/Database/Eloquent/Factories/Factory.php(379): Illuminate/Database/Eloquent/Model->save()
#12 G:/Mursalin_1295365/Laravel/ecommerce/vendor/laravel/framework/src/Illuminate/Collections/Traits/EnumeratesValues.php(275): Illuminate/Database/Eloquent/Factories/Factory->{closure:Illuminate/Database/Eloquent/Factories/Factory::store():374}(Object(App/Models/User), 0)
#13 G:/Mursalin_1295365/Laravel/ecommerce/vendor/laravel/framework/src/Illuminate/Database/Eloquent/Factories/Factory.php(374): Illuminate/Support/Collection->each(Object(Closure))
#14 G:/Mursalin_1295365/Laravel/ecommerce/vendor/laravel/framework/src/Illuminate/Database/Eloquent/Factories/Factory.php(330): Illuminate/Database/Eloquent/Factories/Factory->store(Object(Illuminate/Support/Collection))
#15 G:/Mursalin_1295365/Laravel/ecommerce/vendor/laravel/framework/src/Illuminate/Database/Eloquent/Factories/Factory.php(324): Illuminate/Database/Eloquent/Factories/Factory->create(Array, NULL)
#16 G:/Mursalin_1295365/Laravel/ecommerce/database/seeders/DatabaseSeeder.php(20): Illuminate/Database/Eloquent/Factories/Factory->create(Array)
#17 G:/Mursalin_1295365/Laravel/ecommerce/vendor/laravel/framework/src/Illuminate/Container/BoundMethod.php(36): Database/Seeders/DatabaseSeeder->run()
#18 G:/Mursalin_1295365/Laravel/ecommerce/vendor/laravel/framework/src/Illuminate/Container/Util.php(43): Illuminate/Container/BoundMethod::{closure:Illuminate/Container/BoundMethod::call():35}()
#19 G:/Mursalin_1295365/Laravel/ecommerce/vendor/laravel/framework/src/Illuminate/Container/BoundMethod.php(96): Illuminate/Container/Util::unwrapIfClosure(Object(Closure))
#20 G:/Mursalin_1295365/Laravel/ecommerce/vendor/laravel/framework/src/Illuminate/Container/BoundMethod.php(35): Illuminate/Container/BoundMethod::callBoundMethod(Object(Illuminate/Foundation/Application), Array, Object(Closure))
#21 G:/Mursalin_1295365/Laravel/ecommerce/vendor/laravel/framework/src/Illuminate/Container/Container.php(803): Illuminate/Container/BoundMethod::call(Object(Illuminate/Foundation/Application), Array, Array, NULL)
#22 G:/Mursalin_1295365/Laravel/ecommerce/vendor/laravel/framework/src/Illuminate/Database/Seeder.php(184): Illuminate/Container/Container->call(Array, Array)
#23 G:/Mursalin_1295365/Laravel/ecommerce/vendor/laravel/framework/src/Illuminate/Database/Eloquent/Concerns/HasEvents.php(456): Illuminate/Database/Seeder->{closure:Illuminate/Database/Seeder::__invoke():183}()
#24 G:/Mursalin_1295365/Laravel/ecommerce/vendor/laravel/framework/src/Illuminate/Database/Console/Seeds/WithoutModelEvents.php(17): Illuminate/Database/Eloquent/Model::withoutEvents(Object(Closure))
#25 G:/Mursalin_1295365/Laravel/ecommerce/vendor/laravel/framework/src/Illuminate/Database/Seeder.php(191): Database/Seeders/DatabaseSeeder->{closure:Illuminate/Database/Console/Seeds/WithoutModelEvents::withoutModelEvents():17}()
#26 G:/Mursalin_1295365/Laravel/ecommerce/vendor/laravel/framework/src/Illuminate/Database/Console/Seeds/SeedCommand.php(89): Illuminate/Database/Seeder->__invoke()
#27 G:/Mursalin_1295365/Laravel/ecommerce/vendor/laravel/framework/src/Illuminate/Database/Eloquent/Concerns/GuardsAttributes.php(188): Illuminate/Database/Console/Seeds/SeedCommand->{closure:Illuminate/Database/Console/Seeds/SeedCommand::handle():88}()
#28 G:/Mursalin_1295365/Laravel/ecommerce/vendor/laravel/framework/src/Illuminate/Database/Console/Seeds/SeedCommand.php(88): Illuminate/Database/Eloquent/Model::unguarded(Object(Closure))
#29 G:/Mursalin_1295365/Laravel/ecommerce/vendor/laravel/framework/src/Illuminate/Container/BoundMethod.php(36): Illuminate/Database/Console/Seeds/SeedCommand->handle()
#30 G:/Mursalin_1295365/Laravel/ecommerce/vendor/laravel/framework/src/Illuminate/Container/Util.php(43): Illuminate/Container/BoundMethod::{closure:Illuminate/Container/BoundMethod::call():35}()
#31 G:/Mursalin_1295365/Laravel/ecommerce/vendor/laravel/framework/src/Illuminate/Container/BoundMethod.php(96): Illuminate/Container/Util::unwrapIfClosure(Object(Closure))
#32 G:/Mursalin_1295365/Laravel/ecommerce/vendor/laravel/framework/src/Illuminate/Container/BoundMethod.php(35): Illuminate/Container/BoundMethod::callBoundMethod(Object(Illuminate/Foundation/Application), Array, Object(Closure))
#33 G:/Mursalin_1295365/Laravel/ecommerce/vendor/laravel/framework/src/Illuminate/Container/Container.php(803): Illuminate/Container/BoundMethod::call(Object(Illuminate/Foundation/Application), Array, Array, NULL)
#34 G:/Mursalin_1295365/Laravel/ecommerce/vendor/laravel/framework/src/Illuminate/Console/Command.php(292): Illuminate/Container/Container->call(Array)
#35 G:/Mursalin_1295365/Laravel/ecommerce/vendor/symfony/console/Command/Command.php(285): Illuminate/Console/Command->execute(Object(Symfony/Component/Console/Input/ArrayInput), Object(Illuminate/Console/OutputStyle))
#36 G:/Mursalin_1295365/Laravel/ecommerce/vendor/laravel/framework/src/Illuminate/Console/Command.php(261): Symfony/Component/Console/Command/Command->run(Object(Symfony/Component/Console/Input/ArrayInput), Object(Illuminate/Console/OutputStyle))
#37 G:/Mursalin_1295365/Laravel/ecommerce/vendor/laravel/framework/src/Illuminate/Console/Concerns/CallsCommands.php(68): Illuminate/Console/Command->run(Object(Symfony/Component/Console/Input/ArrayInput), Object(Illuminate/Console/OutputStyle))
#38 G:/Mursalin_1295365/Laravel/ecommerce/vendor/laravel/framework/src/Illuminate/Console/Concerns/CallsCommands.php(29): Illuminate/Console/Command->runCommand('db:seed', Array, Object(Illuminate/Console/OutputStyle))
#39 G:/Mursalin_1295365/Laravel/ecommerce/vendor/laravel/framework/src/Illuminate/Database/Console/Migrations/MigrateCommand.php(127): Illuminate/Console/Command->call('db:seed', Array)
#40 G:/Mursalin_1295365/Laravel/ecommerce/vendor/laravel/framework/src/Illuminate/Database/Migrations/Migrator.php(672): Illuminate/Database/Console/Migrations/MigrateCommand->{closure:Illuminate/Database/Console/Migrations/MigrateCommand::runMigrations():111}()
#41 G:/Mursalin_1295365/Laravel/ecommerce/vendor/laravel/framework/src/Illuminate/Database/Console/Migrations/MigrateCommand.php(111): Illuminate/Database/Migrations/Migrator->usingConnection(NULL, Object(Closure))
#42 G:/Mursalin_1295365/Laravel/ecommerce/vendor/laravel/framework/src/Illuminate/Database/Console/Migrations/MigrateCommand.php(90): Illuminate/Database/Console/Migrations/MigrateCommand->runMigrations()
#43 G:/Mursalin_1295365/Laravel/ecommerce/vendor/laravel/framework/src/Illuminate/Container/BoundMethod.php(36): Illuminate/Database/Console/Migrations/MigrateCommand->handle()
#44 G:/Mursalin_1295365/Laravel/ecommerce/vendor/laravel/framework/src/Illuminate/Container/Util.php(43): Illuminate/Container/BoundMethod::{closure:Illuminate/Container/BoundMethod::call():35}()
#45 G:/Mursalin_1295365/Laravel/ecommerce/vendor/laravel/framework/src/Illuminate/Container/BoundMethod.php(96): Illuminate/Container/Util::unwrapIfClosure(Object(Closure))
#46 G:/Mursalin_1295365/Laravel/ecommerce/vendor/laravel/framework/src/Illuminate/Container/BoundMethod.php(35): Illuminate/Container/BoundMethod::callBoundMethod(Object(Illuminate/Foundation/Application), Array, Object(Closure))
#47 G:/Mursalin_1295365/Laravel/ecommerce/vendor/laravel/framework/src/Illuminate/Container/Container.php(803): Illuminate/Container/BoundMethod::call(Object(Illuminate/Foundation/Application), Array, Array, NULL)
#48 G:/Mursalin_1295365/Laravel/ecommerce/vendor/laravel/framework/src/Illuminate/Console/Command.php(292): Illuminate/Container/Container->call(Array)
#49 G:/Mursalin_1295365/Laravel/ecommerce/vendor/symfony/console/Command/Command.php(285): Illuminate/Console/Command->execute(Object(Symfony/Component/Console/Input/ArgvInput), Object(Illuminate/Console/OutputStyle))
#50 G:/Mursalin_1295365/Laravel/ecommerce/vendor/laravel/framework/src/Illuminate/Console/Command.php(261): Symfony/Component/Console/Command/Command->run(Object(Symfony/Component/Console/Input/ArgvInput), Object(Illuminate/Console/OutputStyle))
#51 G:/Mursalin_1295365/Laravel/ecommerce/vendor/symfony/console/Application.php(1144): Illuminate/Console/Command->run(Object(Symfony/Component/Console/Input/ArgvInput), Object(Symfony/Component/Console/Output/ConsoleOutput))
#52 G:/Mursalin_1295365/Laravel/ecommerce/vendor/symfony/console/Application.php(379): Symfony/Component/Console/Application->doRunCommand(Object(Illuminate/Database/Console/Migrations/MigrateCommand), Object(Symfony/Component/Console/Input/ArgvInput), Object(Symfony/Component/Console/Output/ConsoleOutput))
#53 G:/Mursalin_1295365/Laravel/ecommerce/vendor/symfony/console/Application.php(218): Symfony/Component/Console/Application->doRun(Object(Symfony/Component/Console/Input/ArgvInput), Object(Symfony/Component/Console/Output/ConsoleOutput))
#54 G:/Mursalin_1295365/Laravel/ecommerce/vendor/laravel/framework/src/Illuminate/Foundation/Console/Kernel.php(198): Symfony/Component/Console/Application->run(Object(Symfony/Component/Console/Input/ArgvInput), Object(Symfony/Component/Console/Output/ConsoleOutput))
#55 G:/Mursalin_1295365/Laravel/ecommerce/vendor/laravel/framework/src/Illuminate/Foundation/Application.php(1242): Illuminate/Foundation/Console/Kernel->handle(Object(Symfony/Component/Console/Input/ArgvInput), Object(Symfony/Component/Console/Output/ConsoleOutput))
#56 G:/Mursalin_1295365/Laravel/ecommerce/artisan(16): Illuminate/Foundation/Application->handleCommand(Object(Symfony/Component/Console/Input/ArgvInput))
#57 {main}
"} 
[2026-09-20 04:28:45] local.ERROR: SQLSTATE[23000]: Integrity constraint violation: 19 UNIQUE constraint failed: users.email (Connection: sqlite, Database: G:\Mursalin_1295365\Laravel\ecommerce\database\database.sqlite, SQL: insert into "users" ("name", "email", "email_verified_at", "password", "remember_token", "updated_at", "created_at") values (Test User, test@example.com, 2026-09-20 04:28:45, $2y$12$QFDa6mAiavdufy4JagVFqucmFRk9pYM5a9VmgD8Kl4BuYHSBqbRQO, mJvAHBIz7L, 2026-09-20 04:28:45, 2026-09-20 04:28:45)) {"exception":"[object] (Illuminate\\Database\\UniqueConstraintViolationException(code: 23000): SQLSTATE[23000]: Integrity constraint violation: 19 UNIQUE constraint failed: users.email (Connection: sqlite, Database: G:\\Mursalin_1295365\\Laravel\\ecommerce\\database\\database.sqlite, SQL: insert into \"users\" (\"name\", \"email\", \"email_verified_at\", \"password\", \"remember_token\", \"updated_at\", \"created_at\") values (Test User, test@example.com, 2026-09-20 04:28:45, $2y$12$QFDa6mAiavdufy4JagVFqucmFRk9pYM5a9VmgD8Kl4BuYHSBqbRQO, mJvAHBIz7L, 2026-09-20 04:28:45, 2026-09-20 04:28:45)) at G:/Mursalin_1295365/Laravel/ecommerce/vendor/laravel/framework/src/Illuminate/Database/Connection.php:857)
[stacktrace]
#0 G:/Mursalin_1295365/Laravel/ecommerce/vendor/laravel/framework/src/Illuminate/Database/Connection.php(813): Illuminate/Database/Connection->runQueryCallback('insert into \"us...', Array, Object(Closure))
#1 G:/Mursalin_1295365/Laravel/ecommerce/vendor/laravel/framework/src/Illuminate/Database/Connection.php(590): Illuminate/Database/Connection->run('insert into \"us...', Array, Object(Closure))
#2 G:/Mursalin_1295365/Laravel/ecommerce/vendor/laravel/framework/src/Illuminate/Database/Connection.php(554): Illuminate/Database/Connection->statement('insert into \"us...', Array)
#3 G:/Mursalin_1295365/Laravel/ecommerce/vendor/laravel/framework/src/Illuminate/Database/Query/Processors/Processor.php(32): Illuminate/Database/Connection->insert('insert into \"us...', Array)
#4 G:/Mursalin_1295365/Laravel/ecommerce/vendor/laravel/framework/src/Illuminate/Database/Query/Builder.php(4313): Illuminate/Database/Query/Processors/Processor->processInsertGetId(Object(Illuminate/Database/Query/Builder), 'insert into \"us...', Array, 'id')
#5 G:/Mursalin_1295365/Laravel/ecommerce/vendor/laravel/framework/src/Illuminate/Database/Eloquent/Builder.php(2336): Illuminate/Database/Query/Builder->insertGetId(Array, 'id')
#6 G:/Mursalin_1295365/Laravel/ecommerce/vendor/laravel/framework/src/Illuminate/Database/Eloquent/Model.php(1687): Illuminate/Database/Eloquent/Builder->__call('insertGetId', Array)
#7 G:/Mursalin_1295365/Laravel/ecommerce/vendor/laravel/framework/src/Illuminate/Database/Eloquent/Model.php(1603): Illuminate/Database/Eloquent/Model->insertAndSetId(Object(Illuminate/Database/Eloquent/Builder), Array)
#8 G:/Mursalin_1295365/Laravel/ecommerce/vendor/laravel/framework/src/Illuminate/Database/Eloquent/Model.php(1407): Illuminate/Database/Eloquent/Model->performInsert(Object(Illuminate/Database/Eloquent/Builder))
#9 G:/Mursalin_1295365/Laravel/ecommerce/vendor/laravel/framework/src/Illuminate/Database/Eloquent/Factories/Factory.php(379): Illuminate/Database/Eloquent/Model->save()
#10 G:/Mursalin_1295365/Laravel/ecommerce/vendor/laravel/framework/src/Illuminate/Collections/Traits/EnumeratesValues.php(275): Illuminate/Database/Eloquent/Factories/Factory->{closure:Illuminate/Database/Eloquent/Factories/Factory::store():374}(Object(App/Models/User), 0)
#11 G:/Mursalin_1295365/Laravel/ecommerce/vendor/laravel/framework/src/Illuminate/Database/Eloquent/Factories/Factory.php(374): Illuminate/Support/Collection->each(Object(Closure))
#12 G:/Mursalin_1295365/Laravel/ecommerce/vendor/laravel/framework/src/Illuminate/Database/Eloquent/Factories/Factory.php(330): Illuminate/Database/Eloquent/Factories/Factory->store(Object(Illuminate/Support/Collection))
#13 G:/Mursalin_1295365/Laravel/ecommerce/vendor/laravel/framework/src/Illuminate/Database/Eloquent/Factories/Factory.php(324): Illuminate/Database/Eloquent/Factories/Factory->create(Array, NULL)
#14 G:/Mursalin_1295365/Laravel/ecommerce/database/seeders/DatabaseSeeder.php(20): Illuminate/Database/Eloquent/Factories/Factory->create(Array)
#15 G:/Mursalin_1295365/Laravel/ecommerce/vendor/laravel/framework/src/Illuminate/Container/BoundMethod.php(36): Database/Seeders/DatabaseSeeder->run()
#16 G:/Mursalin_1295365/Laravel/ecommerce/vendor/laravel/framework/src/Illuminate/Container/Util.php(43): Illuminate/Container/BoundMethod::{closure:Illuminate/Container/BoundMethod::call():35}()
#17 G:/Mursalin_1295365/Laravel/ecommerce/vendor/laravel/framework/src/Illuminate/Container/BoundMethod.php(96): Illuminate/Container/Util::unwrapIfClosure(Object(Closure))
#18 G:/Mursalin_1295365/Laravel/ecommerce/vendor/laravel/framework/src/Illuminate/Container/BoundMethod.php(35): Illuminate/Container/BoundMethod::callBoundMethod(Object(Illuminate/Foundation/Application), Array, Object(Closure))
#19 G:/Mursalin_1295365/Laravel/ecommerce/vendor/laravel/framework/src/Illuminate/Container/Container.php(803): Illuminate/Container/BoundMethod::call(Object(Illuminate/Foundation/Application), Array, Array, NULL)
#20 G:/Mursalin_1295365/Laravel/ecommerce/vendor/laravel/framework/src/Illuminate/Database/Seeder.php(184): Illuminate/Container/Container->call(Array, Array)
#21 G:/Mursalin_1295365/Laravel/ecommerce/vendor/laravel/framework/src/Illuminate/Database/Eloquent/Concerns/HasEvents.php(456): Illuminate/Database/Seeder->{closure:Illuminate/Database/Seeder::__invoke():183}()
#22 G:/Mursalin_1295365/Laravel/ecommerce/vendor/laravel/framework/src/Illuminate/Database/Console/Seeds/WithoutModelEvents.php(17): Illuminate/Database/Eloquent/Model::withoutEvents(Object(Closure))
#23 G:/Mursalin_1295365/Laravel/ecommerce/vendor/laravel/framework/src/Illuminate/Database/Seeder.php(191): Database/Seeders/DatabaseSeeder->{closure:Illuminate/Database/Console/Seeds/WithoutModelEvents::withoutModelEvents():17}()
#24 G:/Mursalin_1295365/Laravel/ecommerce/vendor/laravel/framework/src/Illuminate/Database/Console/Seeds/SeedCommand.php(89): Illuminate/Database/Seeder->__invoke()
#25 G:/Mursalin_1295365/Laravel/ecommerce/vendor/laravel/framework/src/Illuminate/Database/Eloquent/Concerns/GuardsAttributes.php(188): Illuminate/Database/Console/Seeds/SeedCommand->{closure:Illuminate/Database/Console/Seeds/SeedCommand::handle():88}()
#26 G:/Mursalin_1295365/Laravel/ecommerce/vendor/laravel/framework/src/Illuminate/Database/Console/Seeds/SeedCommand.php(88): Illuminate/Database/Eloquent/Model::unguarded(Object(Closure))
#27 G:/Mursalin_1295365/Laravel/ecommerce/vendor/laravel/framework/src/Illuminate/Container/BoundMethod.php(36): Illuminate/Database/Console/Seeds/SeedCommand->handle()
#28 G:/Mursalin_1295365/Laravel/ecommerce/vendor/laravel/framework/src/Illuminate/Container/Util.php(43): Illuminate/Container/BoundMethod::{closure:Illuminate/Container/BoundMethod::call():35}()
#29 G:/Mursalin_1295365/Laravel/ecommerce/vendor/laravel/framework/src/Illuminate/Container/BoundMethod.php(96): Illuminate/Container/Util::unwrapIfClosure(Object(Closure))
#30 G:/Mursalin_1295365/Laravel/ecommerce/vendor/laravel/framework/src/Illuminate/Container/BoundMethod.php(35): Illuminate/Container/BoundMethod::callBoundMethod(Object(Illuminate/Foundation/Application), Array, Object(Closure))
#31 G:/Mursalin_1295365/Laravel/ecommerce/vendor/laravel/framework/src/Illuminate/Container/Container.php(803): Illuminate/Container/BoundMethod::call(Object(Illuminate/Foundation/Application), Array, Array, NULL)
#32 G:/Mursalin_1295365/Laravel/ecommerce/vendor/laravel/framework/src/Illuminate/Console/Command.php(292): Illuminate/Container/Container->call(Array)
#33 G:/Mursalin_1295365/Laravel/ecommerce/vendor/symfony/console/Command/Command.php(285): Illuminate/Console/Command->execute(Object(Symfony/Component/Console/Input/ArgvInput), Object(Illuminate/Console/OutputStyle))
#34 G:/Mursalin_1295365/Laravel/ecommerce/vendor/laravel/framework/src/Illuminate/Console/Command.php(261): Symfony/Component/Console/Command/Command->run(Object(Symfony/Component/Console/Input/ArgvInput), Object(Illuminate/Console/OutputStyle))
#35 G:/Mursalin_1295365/Laravel/ecommerce/vendor/symfony/console/Application.php(1144): Illuminate/Console/Command->run(Object(Symfony/Component/Console/Input/ArgvInput), Object(Symfony/Component/Console/Output/ConsoleOutput))
#36 G:/Mursalin_1295365/Laravel/ecommerce/vendor/symfony/console/Application.php(379): Symfony/Component/Console/Application->doRunCommand(Object(Illuminate/Database/Console/Seeds/SeedCommand), Object(Symfony/Component/Console/Input/ArgvInput), Object(Symfony/Component/Console/Output/ConsoleOutput))
#37 G:/Mursalin_1295365/Laravel/ecommerce/vendor/symfony/console/Application.php(218): Symfony/Component/Console/Application->doRun(Object(Symfony/Component/Console/Input/ArgvInput), Object(Symfony/Component/Console/Output/ConsoleOutput))
#38 G:/Mursalin_1295365/Laravel/ecommerce/vendor/laravel/framework/src/Illuminate/Foundation/Console/Kernel.php(198): Symfony/Component/Console/Application->run(Object(Symfony/Component/Console/Input/ArgvInput), Object(Symfony/Component/Console/Output/ConsoleOutput))
#39 G:/Mursalin_1295365/Laravel/ecommerce/vendor/laravel/framework/src/Illuminate/Foundation/Application.php(1242): Illuminate/Foundation/Console/Kernel->handle(Object(Symfony/Component/Console/Input/ArgvInput), Object(Symfony/Component/Console/Output/ConsoleOutput))
#40 G:/Mursalin_1295365/Laravel/ecommerce/artisan(16): Illuminate/Foundation/Application->handleCommand(Object(Symfony/Component/Console/Input/ArgvInput))
#41 {main}

[previous exception] [object] (PDOException(code: 23000): SQLSTATE[23000]: Integrity constraint violation: 19 UNIQUE constraint failed: users.email at G:/Mursalin_1295365/Laravel/ecommerce/vendor/laravel/framework/src/Illuminate/Database/Connection.php:601)
[stacktrace]
#0 G:/Mursalin_1295365/Laravel/ecommerce/vendor/laravel/framework/src/Illuminate/Database/Connection.php(601): PDOStatement->execute()
#1 G:/Mursalin_1295365/Laravel/ecommerce/vendor/laravel/framework/src/Illuminate/Database/Connection.php(846): Illuminate/Database/Connection->{closure:Illuminate/Database/Connection::statement():590}('insert into \"us...', Array)
#2 G:/Mursalin_1295365/Laravel/ecommerce/vendor/laravel/framework/src/Illuminate/Database/Connection.php(813): Illuminate/Database/Connection->runQueryCallback('insert into \"us...', Array, Object(Closure))
#3 G:/Mursalin_1295365/Laravel/ecommerce/vendor/laravel/framework/src/Illuminate/Database/Connection.php(590): Illuminate/Database/Connection->run('insert into \"us...', Array, Object(Closure))
#4 G:/Mursalin_1295365/Laravel/ecommerce/vendor/laravel/framework/src/Illuminate/Database/Connection.php(554): Illuminate/Database/Connection->statement('insert into \"us...', Array)
#5 G:/Mursalin_1295365/Laravel/ecommerce/vendor/laravel/framework/src/Illuminate/Database/Query/Processors/Processor.php(32): Illuminate/Database/Connection->insert('insert into \"us...', Array)
#6 G:/Mursalin_1295365/Laravel/ecommerce/vendor/laravel/framework/src/Illuminate/Database/Query/Builder.php(4313): Illuminate/Database/Query/Processors/Processor->processInsertGetId(Object(Illuminate/Database/Query/Builder), 'insert into \"us...', Array, 'id')
#7 G:/Mursalin_1295365/Laravel/ecommerce/vendor/laravel/framework/src/Illuminate/Database/Eloquent/Builder.php(2336): Illuminate/Database/Query/Builder->insertGetId(Array, 'id')
#8 G:/Mursalin_1295365/Laravel/ecommerce/vendor/laravel/framework/src/Illuminate/Database/Eloquent/Model.php(1687): Illuminate/Database/Eloquent/Builder->__call('insertGetId', Array)
#9 G:/Mursalin_1295365/Laravel/ecommerce/vendor/laravel/framework/src/Illuminate/Database/Eloquent/Model.php(1603): Illuminate/Database/Eloquent/Model->insertAndSetId(Object(Illuminate/Database/Eloquent/Builder), Array)
#10 G:/Mursalin_1295365/Laravel/ecommerce/vendor/laravel/framework/src/Illuminate/Database/Eloquent/Model.php(1407): Illuminate/Database/Eloquent/Model->performInsert(Object(Illuminate/Database/Eloquent/Builder))
#11 G:/Mursalin_1295365/Laravel/ecommerce/vendor/laravel/framework/src/Illuminate/Database/Eloquent/Factories/Factory.php(379): Illuminate/Database/Eloquent/Model->save()
#12 G:/Mursalin_1295365/Laravel/ecommerce/vendor/laravel/framework/src/Illuminate/Collections/Traits/EnumeratesValues.php(275): Illuminate/Database/Eloquent/Factories/Factory->{closure:Illuminate/Database/Eloquent/Factories/Factory::store():374}(Object(App/Models/User), 0)
#13 G:/Mursalin_1295365/Laravel/ecommerce/vendor/laravel/framework/src/Illuminate/Database/Eloquent/Factories/Factory.php(374): Illuminate/Support/Collection->each(Object(Closure))
#14 G:/Mursalin_1295365/Laravel/ecommerce/vendor/laravel/framework/src/Illuminate/Database/Eloquent/Factories/Factory.php(330): Illuminate/Database/Eloquent/Factories/Factory->store(Object(Illuminate/Support/Collection))
#15 G:/Mursalin_1295365/Laravel/ecommerce/vendor/laravel/framework/src/Illuminate/Database/Eloquent/Factories/Factory.php(324): Illuminate/Database/Eloquent/Factories/Factory->create(Array, NULL)
#16 G:/Mursalin_1295365/Laravel/ecommerce/database/seeders/DatabaseSeeder.php(20): Illuminate/Database/Eloquent/Factories/Factory->create(Array)
#17 G:/Mursalin_1295365/Laravel/ecommerce/vendor/laravel/framework/src/Illuminate/Container/BoundMethod.php(36): Database/Seeders/DatabaseSeeder->run()
#18 G:/Mursalin_1295365/Laravel/ecommerce/vendor/laravel/framework/src/Illuminate/Container/Util.php(43): Illuminate/Container/BoundMethod::{closure:Illuminate/Container/BoundMethod::call():35}()
#19 G:/Mursalin_1295365/Laravel/ecommerce/vendor/laravel/framework/src/Illuminate/Container/BoundMethod.php(96): Illuminate/Container/Util::unwrapIfClosure(Object(Closure))
#20 G:/Mursalin_1295365/Laravel/ecommerce/vendor/laravel/framework/src/Illuminate/Container/BoundMethod.php(35): Illuminate/Container/BoundMethod::callBoundMethod(Object(Illuminate/Foundation/Application), Array, Object(Closure))
#21 G:/Mursalin_1295365/Laravel/ecommerce/vendor/laravel/framework/src/Illuminate/Container/Container.php(803): Illuminate/Container/BoundMethod::call(Object(Illuminate/Foundation/Application), Array, Array, NULL)
#22 G:/Mursalin_1295365/Laravel/ecommerce/vendor/laravel/framework/src/Illuminate/Database/Seeder.php(184): Illuminate/Container/Container->call(Array, Array)
#23 G:/Mursalin_1295365/Laravel/ecommerce/vendor/laravel/framework/src/Illuminate/Database/Eloquent/Concerns/HasEvents.php(456): Illuminate/Database/Seeder->{closure:Illuminate/Database/Seeder::__invoke():183}()
#24 G:/Mursalin_1295365/Laravel/ecommerce/vendor/laravel/framework/src/Illuminate/Database/Console/Seeds/WithoutModelEvents.php(17): Illuminate/Database/Eloquent/Model::withoutEvents(Object(Closure))
#25 G:/Mursalin_1295365/Laravel/ecommerce/vendor/laravel/framework/src/Illuminate/Database/Seeder.php(191): Database/Seeders/DatabaseSeeder->{closure:Illuminate/Database/Console/Seeds/WithoutModelEvents::withoutModelEvents():17}()
#26 G:/Mursalin_1295365/Laravel/ecommerce/vendor/laravel/framework/src/Illuminate/Database/Console/Seeds/SeedCommand.php(89): Illuminate/Database/Seeder->__invoke()
#27 G:/Mursalin_1295365/Laravel/ecommerce/vendor/laravel/framework/src/Illuminate/Database/Eloquent/Concerns/GuardsAttributes.php(188): Illuminate/Database/Console/Seeds/SeedCommand->{closure:Illuminate/Database/Console/Seeds/SeedCommand::handle():88}()
#28 G:/Mursalin_1295365/Laravel/ecommerce/vendor/laravel/framework/src/Illuminate/Database/Console/Seeds/SeedCommand.php(88): Illuminate/Database/Eloquent/Model::unguarded(Object(Closure))
#29 G:/Mursalin_1295365/Laravel/ecommerce/vendor/laravel/framework/src/Illuminate/Container/BoundMethod.php(36): Illuminate/Database/Console/Seeds/SeedCommand->handle()
#30 G:/Mursalin_1295365/Laravel/ecommerce/vendor/laravel/framework/src/Illuminate/Container/Util.php(43): Illuminate/Container/BoundMethod::{closure:Illuminate/Container/BoundMethod::call():35}()
#31 G:/Mursalin_1295365/Laravel/ecommerce/vendor/laravel/framework/src/Illuminate/Container/BoundMethod.php(96): Illuminate/Container/Util::unwrapIfClosure(Object(Closure))
#32 G:/Mursalin_1295365/Laravel/ecommerce/vendor/laravel/framework/src/Illuminate/Container/BoundMethod.php(35): Illuminate/Container/BoundMethod::callBoundMethod(Object(Illuminate/Foundation/Application), Array, Object(Closure))
#33 G:/Mursalin_1295365/Laravel/ecommerce/vendor/laravel/framework/src/Illuminate/Container/Container.php(803): Illuminate/Container/BoundMethod::call(Object(Illuminate/Foundation/Application), Array, Array, NULL)
#34 G:/Mursalin_1295365/Laravel/ecommerce/vendor/laravel/framework/src/Illuminate/Console/Command.php(292): Illuminate/Container/Container->call(Array)
#35 G:/Mursalin_1295365/Laravel/ecommerce/vendor/symfony/console/Command/Command.php(285): Illuminate/Console/Command->execute(Object(Symfony/Component/Console/Input/ArgvInput), Object(Illuminate/Console/OutputStyle))
#36 G:/Mursalin_1295365/Laravel/ecommerce/vendor/laravel/framework/src/Illuminate/Console/Command.php(261): Symfony/Component/Console/Command/Command->run(Object(Symfony/Component/Console/Input/ArgvInput), Object(Illuminate/Console/OutputStyle))
#37 G:/Mursalin_1295365/Laravel/ecommerce/vendor/symfony/console/Application.php(1144): Illuminate/Console/Command->run(Object(Symfony/Component/Console/Input/ArgvInput), Object(Symfony/Component/Console/Output/ConsoleOutput))
#38 G:/Mursalin_1295365/Laravel/ecommerce/vendor/symfony/console/Application.php(379): Symfony/Component/Console/Application->doRunCommand(Object(Illuminate/Database/Console/Seeds/SeedCommand), Object(Symfony/Component/Console/Input/ArgvInput), Object(Symfony/Component/Console/Output/ConsoleOutput))
#39 G:/Mursalin_1295365/Laravel/ecommerce/vendor/symfony/console/Application.php(218): Symfony/Component/Console/Application->doRun(Object(Symfony/Component/Console/Input/ArgvInput), Object(Symfony/Component/Console/Output/ConsoleOutput))
#40 G:/Mursalin_1295365/Laravel/ecommerce/vendor/laravel/framework/src/Illuminate/Foundation/Console/Kernel.php(198): Symfony/Component/Console/Application->run(Object(Symfony/Component/Console/Input/ArgvInput), Object(Symfony/Component/Console/Output/ConsoleOutput))
#41 G:/Mursalin_1295365/Laravel/ecommerce/vendor/laravel/framework/src/Illuminate/Foundation/Application.php(1242): Illuminate/Foundation/Console/Kernel->handle(Object(Symfony/Component/Console/Input/ArgvInput), Object(Symfony/Component/Console/Output/ConsoleOutput))
#42 G:/Mursalin_1295365/Laravel/ecommerce/artisan(16): Illuminate/Foundation/Application->handleCommand(Object(Symfony/Component/Console/Input/ArgvInput))
#43 {main}
"} 
[2026-09-20 04:29:15] local.ERROR: SQLSTATE[23000]: Integrity constraint violation: 19 UNIQUE constraint failed: users.email (Connection: sqlite, Database: G:\Mursalin_1295365\Laravel\ecommerce\database\database.sqlite, SQL: insert into "users" ("name", "email", "email_verified_at", "password", "remember_token", "updated_at", "created_at") values (Test User, test@example.com, 2026-09-20 04:29:15, $2y$12$LuIVfiLMJAT84Q8WGDRn7OFL/Kasjxm2lw4AgRUjBLWbob4JV9s4O, GRikUjWi9l, 2026-09-20 04:29:15, 2026-09-20 04:29:15)) {"exception":"[object] (Illuminate\\Database\\UniqueConstraintViolationException(code: 23000): SQLSTATE[23000]: Integrity constraint violation: 19 UNIQUE constraint failed: users.email (Connection: sqlite, Database: G:\\Mursalin_1295365\\Laravel\\ecommerce\\database\\database.sqlite, SQL: insert into \"users\" (\"name\", \"email\", \"email_verified_at\", \"password\", \"remember_token\", \"updated_at\", \"created_at\") values (Test User, test@example.com, 2026-09-20 04:29:15, $2y$12$LuIVfiLMJAT84Q8WGDRn7OFL/Kasjxm2lw4AgRUjBLWbob4JV9s4O, GRikUjWi9l, 2026-09-20 04:29:15, 2026-09-20 04:29:15)) at G:/Mursalin_1295365/Laravel/ecommerce/vendor/laravel/framework/src/Illuminate/Database/Connection.php:857)
[stacktrace]
#0 G:/Mursalin_1295365/Laravel/ecommerce/vendor/laravel/framework/src/Illuminate/Database/Connection.php(813): Illuminate/Database/Connection->runQueryCallback('insert into \"us...', Array, Object(Closure))
#1 G:/Mursalin_1295365/Laravel/ecommerce/vendor/laravel/framework/src/Illuminate/Database/Connection.php(590): Illuminate/Database/Connection->run('insert into \"us...', Array, Object(Closure))
#2 G:/Mursalin_1295365/Laravel/ecommerce/vendor/laravel/framework/src/Illuminate/Database/Connection.php(554): Illuminate/Database/Connection->statement('insert into \"us...', Array)
#3 G:/Mursalin_1295365/Laravel/ecommerce/vendor/laravel/framework/src/Illuminate/Database/Query/Processors/Processor.php(32): Illuminate/Database/Connection->insert('insert into \"us...', Array)
#4 G:/Mursalin_1295365/Laravel/ecommerce/vendor/laravel/framework/src/Illuminate/Database/Query/Builder.php(4313): Illuminate/Database/Query/Processors/Processor->processInsertGetId(Object(Illuminate/Database/Query/Builder), 'insert into \"us...', Array, 'id')
#5 G:/Mursalin_1295365/Laravel/ecommerce/vendor/laravel/framework/src/Illuminate/Database/Eloquent/Builder.php(2336): Illuminate/Database/Query/Builder->insertGetId(Array, 'id')
#6 G:/Mursalin_1295365/Laravel/ecommerce/vendor/laravel/framework/src/Illuminate/Database/Eloquent/Model.php(1687): Illuminate/Database/Eloquent/Builder->__call('insertGetId', Array)
#7 G:/Mursalin_1295365/Laravel/ecommerce/vendor/laravel/framework/src/Illuminate/Database/Eloquent/Model.php(1603): Illuminate/Database/Eloquent/Model->insertAndSetId(Object(Illuminate/Database/Eloquent/Builder), Array)
#8 G:/Mursalin_1295365/Laravel/ecommerce/vendor/laravel/framework/src/Illuminate/Database/Eloquent/Model.php(1407): Illuminate/Database/Eloquent/Model->performInsert(Object(Illuminate/Database/Eloquent/Builder))
#9 G:/Mursalin_1295365/Laravel/ecommerce/vendor/laravel/framework/src/Illuminate/Database/Eloquent/Factories/Factory.php(379): Illuminate/Database/Eloquent/Model->save()
#10 G:/Mursalin_1295365/Laravel/ecommerce/vendor/laravel/framework/src/Illuminate/Collections/Traits/EnumeratesValues.php(275): Illuminate/Database/Eloquent/Factories/Factory->{closure:Illuminate/Database/Eloquent/Factories/Factory::store():374}(Object(App/Models/User), 0)
#11 G:/Mursalin_1295365/Laravel/ecommerce/vendor/laravel/framework/src/Illuminate/Database/Eloquent/Factories/Factory.php(374): Illuminate/Support/Collection->each(Object(Closure))
#12 G:/Mursalin_1295365/Laravel/ecommerce/vendor/laravel/framework/src/Illuminate/Database/Eloquent/Factories/Factory.php(330): Illuminate/Database/Eloquent/Factories/Factory->store(Object(Illuminate/Support/Collection))
#13 G:/Mursalin_1295365/Laravel/ecommerce/vendor/laravel/framework/src/Illuminate/Database/Eloquent/Factories/Factory.php(324): Illuminate/Database/Eloquent/Factories/Factory->create(Array, NULL)
#14 G:/Mursalin_1295365/Laravel/ecommerce/database/seeders/DatabaseSeeder.php(20): Illuminate/Database/Eloquent/Factories/Factory->create(Array)
#15 G:/Mursalin_1295365/Laravel/ecommerce/vendor/laravel/framework/src/Illuminate/Container/BoundMethod.php(36): Database/Seeders/DatabaseSeeder->run()
#16 G:/Mursalin_1295365/Laravel/ecommerce/vendor/laravel/framework/src/Illuminate/Container/Util.php(43): Illuminate/Container/BoundMethod::{closure:Illuminate/Container/BoundMethod::call():35}()
#17 G:/Mursalin_1295365/Laravel/ecommerce/vendor/laravel/framework/src/Illuminate/Container/BoundMethod.php(96): Illuminate/Container/Util::unwrapIfClosure(Object(Closure))
#18 G:/Mursalin_1295365/Laravel/ecommerce/vendor/laravel/framework/src/Illuminate/Container/BoundMethod.php(35): Illuminate/Container/BoundMethod::callBoundMethod(Object(Illuminate/Foundation/Application), Array, Object(Closure))
#19 G:/Mursalin_1295365/Laravel/ecommerce/vendor/laravel/framework/src/Illuminate/Container/Container.php(803): Illuminate/Container/BoundMethod::call(Object(Illuminate/Foundation/Application), Array, Array, NULL)
#20 G:/Mursalin_1295365/Laravel/ecommerce/vendor/laravel/framework/src/Illuminate/Database/Seeder.php(184): Illuminate/Container/Container->call(Array, Array)
#21 G:/Mursalin_1295365/Laravel/ecommerce/vendor/laravel/framework/src/Illuminate/Database/Eloquent/Concerns/HasEvents.php(456): Illuminate/Database/Seeder->{closure:Illuminate/Database/Seeder::__invoke():183}()
#22 G:/Mursalin_1295365/Laravel/ecommerce/vendor/laravel/framework/src/Illuminate/Database/Console/Seeds/WithoutModelEvents.php(17): Illuminate/Database/Eloquent/Model::withoutEvents(Object(Closure))
#23 G:/Mursalin_1295365/Laravel/ecommerce/vendor/laravel/framework/src/Illuminate/Database/Seeder.php(191): Database/Seeders/DatabaseSeeder->{closure:Illuminate/Database/Console/Seeds/WithoutModelEvents::withoutModelEvents():17}()
#24 G:/Mursalin_1295365/Laravel/ecommerce/vendor/laravel/framework/src/Illuminate/Database/Console/Seeds/SeedCommand.php(89): Illuminate/Database/Seeder->__invoke()
#25 G:/Mursalin_1295365/Laravel/ecommerce/vendor/laravel/framework/src/Illuminate/Database/Eloquent/Concerns/GuardsAttributes.php(188): Illuminate/Database/Console/Seeds/SeedCommand->{closure:Illuminate/Database/Console/Seeds/SeedCommand::handle():88}()
#26 G:/Mursalin_1295365/Laravel/ecommerce/vendor/laravel/framework/src/Illuminate/Database/Console/Seeds/SeedCommand.php(88): Illuminate/Database/Eloquent/Model::unguarded(Object(Closure))
#27 G:/Mursalin_1295365/Laravel/ecommerce/vendor/laravel/framework/src/Illuminate/Container/BoundMethod.php(36): Illuminate/Database/Console/Seeds/SeedCommand->handle()
#28 G:/Mursalin_1295365/Laravel/ecommerce/vendor/laravel/framework/src/Illuminate/Container/Util.php(43): Illuminate/Container/BoundMethod::{closure:Illuminate/Container/BoundMethod::call():35}()
#29 G:/Mursalin_1295365/Laravel/ecommerce/vendor/laravel/framework/src/Illuminate/Container/BoundMethod.php(96): Illuminate/Container/Util::unwrapIfClosure(Object(Closure))
#30 G:/Mursalin_1295365/Laravel/ecommerce/vendor/laravel/framework/src/Illuminate/Container/BoundMethod.php(35): Illuminate/Container/BoundMethod::callBoundMethod(Object(Illuminate/Foundation/Application), Array, Object(Closure))
#31 G:/Mursalin_1295365/Laravel/ecommerce/vendor/laravel/framework/src/Illuminate/Container/Container.php(803): Illuminate/Container/BoundMethod::call(Object(Illuminate/Foundation/Application), Array, Array, NULL)
#32 G:/Mursalin_1295365/Laravel/ecommerce/vendor/laravel/framework/src/Illuminate/Console/Command.php(292): Illuminate/Container/Container->call(Array)
#33 G:/Mursalin_1295365/Laravel/ecommerce/vendor/symfony/console/Command/Command.php(285): Illuminate/Console/Command->execute(Object(Symfony/Component/Console/Input/ArrayInput), Object(Illuminate/Console/OutputStyle))
#34 G:/Mursalin_1295365/Laravel/ecommerce/vendor/laravel/framework/src/Illuminate/Console/Command.php(261): Symfony/Component/Console/Command/Command->run(Object(Symfony/Component/Console/Input/ArrayInput), Object(Illuminate/Console/OutputStyle))
#35 G:/Mursalin_1295365/Laravel/ecommerce/vendor/laravel/framework/src/Illuminate/Console/Concerns/CallsCommands.php(68): Illuminate/Console/Command->run(Object(Symfony/Component/Console/Input/ArrayInput), Object(Illuminate/Console/OutputStyle))
#36 G:/Mursalin_1295365/Laravel/ecommerce/vendor/laravel/framework/src/Illuminate/Console/Concerns/CallsCommands.php(29): Illuminate/Console/Command->runCommand('db:seed', Array, Object(Illuminate/Console/OutputStyle))
#37 G:/Mursalin_1295365/Laravel/ecommerce/vendor/laravel/framework/src/Illuminate/Database/Console/Migrations/MigrateCommand.php(127): Illuminate/Console/Command->call('db:seed', Array)
#38 G:/Mursalin_1295365/Laravel/ecommerce/vendor/laravel/framework/src/Illuminate/Database/Migrations/Migrator.php(672): Illuminate/Database/Console/Migrations/MigrateCommand->{closure:Illuminate/Database/Console/Migrations/MigrateCommand::runMigrations():111}()
#39 G:/Mursalin_1295365/Laravel/ecommerce/vendor/laravel/framework/src/Illuminate/Database/Console/Migrations/MigrateCommand.php(111): Illuminate/Database/Migrations/Migrator->usingConnection(NULL, Object(Closure))
#40 G:/Mursalin_1295365/Laravel/ecommerce/vendor/laravel/framework/src/Illuminate/Database/Console/Migrations/MigrateCommand.php(90): Illuminate/Database/Console/Migrations/MigrateCommand->runMigrations()
#41 G:/Mursalin_1295365/Laravel/ecommerce/vendor/laravel/framework/src/Illuminate/Container/BoundMethod.php(36): Illuminate/Database/Console/Migrations/MigrateCommand->handle()
#42 G:/Mursalin_1295365/Laravel/ecommerce/vendor/laravel/framework/src/Illuminate/Container/Util.php(43): Illuminate/Container/BoundMethod::{closure:Illuminate/Container/BoundMethod::call():35}()
#43 G:/Mursalin_1295365/Laravel/ecommerce/vendor/laravel/framework/src/Illuminate/Container/BoundMethod.php(96): Illuminate/Container/Util::unwrapIfClosure(Object(Closure))
#44 G:/Mursalin_1295365/Laravel/ecommerce/vendor/laravel/framework/src/Illuminate/Container/BoundMethod.php(35): Illuminate/Container/BoundMethod::callBoundMethod(Object(Illuminate/Foundation/Application), Array, Object(Closure))
#45 G:/Mursalin_1295365/Laravel/ecommerce/vendor/laravel/framework/src/Illuminate/Container/Container.php(803): Illuminate/Container/BoundMethod::call(Object(Illuminate/Foundation/Application), Array, Array, NULL)
#46 G:/Mursalin_1295365/Laravel/ecommerce/vendor/laravel/framework/src/Illuminate/Console/Command.php(292): Illuminate/Container/Container->call(Array)
#47 G:/Mursalin_1295365/Laravel/ecommerce/vendor/symfony/console/Command/Command.php(285): Illuminate/Console/Command->execute(Object(Symfony/Component/Console/Input/ArgvInput), Object(Illuminate/Console/OutputStyle))
#48 G:/Mursalin_1295365/Laravel/ecommerce/vendor/laravel/framework/src/Illuminate/Console/Command.php(261): Symfony/Component/Console/Command/Command->run(Object(Symfony/Component/Console/Input/ArgvInput), Object(Illuminate/Console/OutputStyle))
#49 G:/Mursalin_1295365/Laravel/ecommerce/vendor/symfony/console/Application.php(1144): Illuminate/Console/Command->run(Object(Symfony/Component/Console/Input/ArgvInput), Object(Symfony/Component/Console/Output/ConsoleOutput))
#50 G:/Mursalin_1295365/Laravel/ecommerce/vendor/symfony/console/Application.php(379): Symfony/Component/Console/Application->doRunCommand(Object(Illuminate/Database/Console/Migrations/MigrateCommand), Object(Symfony/Component/Console/Input/ArgvInput), Object(Symfony/Component/Console/Output/ConsoleOutput))
#51 G:/Mursalin_1295365/Laravel/ecommerce/vendor/symfony/console/Application.php(218): Symfony/Component/Console/Application->doRun(Object(Symfony/Component/Console/Input/ArgvInput), Object(Symfony/Component/Console/Output/ConsoleOutput))
#52 G:/Mursalin_1295365/Laravel/ecommerce/vendor/laravel/framework/src/Illuminate/Foundation/Console/Kernel.php(198): Symfony/Component/Console/Application->run(Object(Symfony/Component/Console/Input/ArgvInput), Object(Symfony/Component/Console/Output/ConsoleOutput))
#53 G:/Mursalin_1295365/Laravel/ecommerce/vendor/laravel/framework/src/Illuminate/Foundation/Application.php(1242): Illuminate/Foundation/Console/Kernel->handle(Object(Symfony/Component/Console/Input/ArgvInput), Object(Symfony/Component/Console/Output/ConsoleOutput))
#54 G:/Mursalin_1295365/Laravel/ecommerce/artisan(16): Illuminate/Foundation/Application->handleCommand(Object(Symfony/Component/Console/Input/ArgvInput))
#55 {main}

[previous exception] [object] (PDOException(code: 23000): SQLSTATE[23000]: Integrity constraint violation: 19 UNIQUE constraint failed: users.email at G:/Mursalin_1295365/Laravel/ecommerce/vendor/laravel/framework/src/Illuminate/Database/Connection.php:601)
[stacktrace]
#0 G:/Mursalin_1295365/Laravel/ecommerce/vendor/laravel/framework/src/Illuminate/Database/Connection.php(601): PDOStatement->execute()
#1 G:/Mursalin_1295365/Laravel/ecommerce/vendor/laravel/framework/src/Illuminate/Database/Connection.php(846): Illuminate/Database/Connection->{closure:Illuminate/Database/Connection::statement():590}('insert into \"us...', Array)
#2 G:/Mursalin_1295365/Laravel/ecommerce/vendor/laravel/framework/src/Illuminate/Database/Connection.php(813): Illuminate/Database/Connection->runQueryCallback('insert into \"us...', Array, Object(Closure))
#3 G:/Mursalin_1295365/Laravel/ecommerce/vendor/laravel/framework/src/Illuminate/Database/Connection.php(590): Illuminate/Database/Connection->run('insert into \"us...', Array, Object(Closure))
#4 G:/Mursalin_1295365/Laravel/ecommerce/vendor/laravel/framework/src/Illuminate/Database/Connection.php(554): Illuminate/Database/Connection->statement('insert into \"us...', Array)
#5 G:/Mursalin_1295365/Laravel/ecommerce/vendor/laravel/framework/src/Illuminate/Database/Query/Processors/Processor.php(32): Illuminate/Database/Connection->insert('insert into \"us...', Array)
#6 G:/Mursalin_1295365/Laravel/ecommerce/vendor/laravel/framework/src/Illuminate/Database/Query/Builder.php(4313): Illuminate/Database/Query/Processors/Processor->processInsertGetId(Object(Illuminate/Database/Query/Builder), 'insert into \"us...', Array, 'id')
#7 G:/Mursalin_1295365/Laravel/ecommerce/vendor/laravel/framework/src/Illuminate/Database/Eloquent/Builder.php(2336): Illuminate/Database/Query/Builder->insertGetId(Array, 'id')
#8 G:/Mursalin_1295365/Laravel/ecommerce/vendor/laravel/framework/src/Illuminate/Database/Eloquent/Model.php(1687): Illuminate/Database/Eloquent/Builder->__call('insertGetId', Array)
#9 G:/Mursalin_1295365/Laravel/ecommerce/vendor/laravel/framework/src/Illuminate/Database/Eloquent/Model.php(1603): Illuminate/Database/Eloquent/Model->insertAndSetId(Object(Illuminate/Database/Eloquent/Builder), Array)
#10 G:/Mursalin_1295365/Laravel/ecommerce/vendor/laravel/framework/src/Illuminate/Database/Eloquent/Model.php(1407): Illuminate/Database/Eloquent/Model->performInsert(Object(Illuminate/Database/Eloquent/Builder))
#11 G:/Mursalin_1295365/Laravel/ecommerce/vendor/laravel/framework/src/Illuminate/Database/Eloquent/Factories/Factory.php(379): Illuminate/Database/Eloquent/Model->save()
#12 G:/Mursalin_1295365/Laravel/ecommerce/vendor/laravel/framework/src/Illuminate/Collections/Traits/EnumeratesValues.php(275): Illuminate/Database/Eloquent/Factories/Factory->{closure:Illuminate/Database/Eloquent/Factories/Factory::store():374}(Object(App/Models/User), 0)
#13 G:/Mursalin_1295365/Laravel/ecommerce/vendor/laravel/framework/src/Illuminate/Database/Eloquent/Factories/Factory.php(374): Illuminate/Support/Collection->each(Object(Closure))
#14 G:/Mursalin_1295365/Laravel/ecommerce/vendor/laravel/framework/src/Illuminate/Database/Eloquent/Factories/Factory.php(330): Illuminate/Database/Eloquent/Factories/Factory->store(Object(Illuminate/Support/Collection))
#15 G:/Mursalin_1295365/Laravel/ecommerce/vendor/laravel/framework/src/Illuminate/Database/Eloquent/Factories/Factory.php(324): Illuminate/Database/Eloquent/Factories/Factory->create(Array, NULL)
#16 G:/Mursalin_1295365/Laravel/ecommerce/database/seeders/DatabaseSeeder.php(20): Illuminate/Database/Eloquent/Factories/Factory->create(Array)
#17 G:/Mursalin_1295365/Laravel/ecommerce/vendor/laravel/framework/src/Illuminate/Container/BoundMethod.php(36): Database/Seeders/DatabaseSeeder->run()
#18 G:/Mursalin_1295365/Laravel/ecommerce/vendor/laravel/framework/src/Illuminate/Container/Util.php(43): Illuminate/Container/BoundMethod::{closure:Illuminate/Container/BoundMethod::call():35}()
#19 G:/Mursalin_1295365/Laravel/ecommerce/vendor/laravel/framework/src/Illuminate/Container/BoundMethod.php(96): Illuminate/Container/Util::unwrapIfClosure(Object(Closure))
#20 G:/Mursalin_1295365/Laravel/ecommerce/vendor/laravel/framework/src/Illuminate/Container/BoundMethod.php(35): Illuminate/Container/BoundMethod::callBoundMethod(Object(Illuminate/Foundation/Application), Array, Object(Closure))
#21 G:/Mursalin_1295365/Laravel/ecommerce/vendor/laravel/framework/src/Illuminate/Container/Container.php(803): Illuminate/Container/BoundMethod::call(Object(Illuminate/Foundation/Application), Array, Array, NULL)
#22 G:/Mursalin_1295365/Laravel/ecommerce/vendor/laravel/framework/src/Illuminate/Database/Seeder.php(184): Illuminate/Container/Container->call(Array, Array)
#23 G:/Mursalin_1295365/Laravel/ecommerce/vendor/laravel/framework/src/Illuminate/Database/Eloquent/Concerns/HasEvents.php(456): Illuminate/Database/Seeder->{closure:Illuminate/Database/Seeder::__invoke():183}()
#24 G:/Mursalin_1295365/Laravel/ecommerce/vendor/laravel/framework/src/Illuminate/Database/Console/Seeds/WithoutModelEvents.php(17): Illuminate/Database/Eloquent/Model::withoutEvents(Object(Closure))
#25 G:/Mursalin_1295365/Laravel/ecommerce/vendor/laravel/framework/src/Illuminate/Database/Seeder.php(191): Database/Seeders/DatabaseSeeder->{closure:Illuminate/Database/Console/Seeds/WithoutModelEvents::withoutModelEvents():17}()
#26 G:/Mursalin_1295365/Laravel/ecommerce/vendor/laravel/framework/src/Illuminate/Database/Console/Seeds/SeedCommand.php(89): Illuminate/Database/Seeder->__invoke()
#27 G:/Mursalin_1295365/Laravel/ecommerce/vendor/laravel/framework/src/Illuminate/Database/Eloquent/Concerns/GuardsAttributes.php(188): Illuminate/Database/Console/Seeds/SeedCommand->{closure:Illuminate/Database/Console/Seeds/SeedCommand::handle():88}()
#28 G:/Mursalin_1295365/Laravel/ecommerce/vendor/laravel/framework/src/Illuminate/Database/Console/Seeds/SeedCommand.php(88): Illuminate/Database/Eloquent/Model::unguarded(Object(Closure))
#29 G:/Mursalin_1295365/Laravel/ecommerce/vendor/laravel/framework/src/Illuminate/Container/BoundMethod.php(36): Illuminate/Database/Console/Seeds/SeedCommand->handle()
#30 G:/Mursalin_1295365/Laravel/ecommerce/vendor/laravel/framework/src/Illuminate/Container/Util.php(43): Illuminate/Container/BoundMethod::{closure:Illuminate/Container/BoundMethod::call():35}()
#31 G:/Mursalin_1295365/Laravel/ecommerce/vendor/laravel/framework/src/Illuminate/Container/BoundMethod.php(96): Illuminate/Container/Util::unwrapIfClosure(Object(Closure))
#32 G:/Mursalin_1295365/Laravel/ecommerce/vendor/laravel/framework/src/Illuminate/Container/BoundMethod.php(35): Illuminate/Container/BoundMethod::callBoundMethod(Object(Illuminate/Foundation/Application), Array, Object(Closure))
#33 G:/Mursalin_1295365/Laravel/ecommerce/vendor/laravel/framework/src/Illuminate/Container/Container.php(803): Illuminate/Container/BoundMethod::call(Object(Illuminate/Foundation/Application), Array, Array, NULL)
#34 G:/Mursalin_1295365/Laravel/ecommerce/vendor/laravel/framework/src/Illuminate/Console/Command.php(292): Illuminate/Container/Container->call(Array)
#35 G:/Mursalin_1295365/Laravel/ecommerce/vendor/symfony/console/Command/Command.php(285): Illuminate/Console/Command->execute(Object(Symfony/Component/Console/Input/ArrayInput), Object(Illuminate/Console/OutputStyle))
#36 G:/Mursalin_1295365/Laravel/ecommerce/vendor/laravel/framework/src/Illuminate/Console/Command.php(261): Symfony/Component/Console/Command/Command->run(Object(Symfony/Component/Console/Input/ArrayInput), Object(Illuminate/Console/OutputStyle))
#37 G:/Mursalin_1295365/Laravel/ecommerce/vendor/laravel/framework/src/Illuminate/Console/Concerns/CallsCommands.php(68): Illuminate/Console/Command->run(Object(Symfony/Component/Console/Input/ArrayInput), Object(Illuminate/Console/OutputStyle))
#38 G:/Mursalin_1295365/Laravel/ecommerce/vendor/laravel/framework/src/Illuminate/Console/Concerns/CallsCommands.php(29): Illuminate/Console/Command->runCommand('db:seed', Array, Object(Illuminate/Console/OutputStyle))
#39 G:/Mursalin_1295365/Laravel/ecommerce/vendor/laravel/framework/src/Illuminate/Database/Console/Migrations/MigrateCommand.php(127): Illuminate/Console/Command->call('db:seed', Array)
#40 G:/Mursalin_1295365/Laravel/ecommerce/vendor/laravel/framework/src/Illuminate/Database/Migrations/Migrator.php(672): Illuminate/Database/Console/Migrations/MigrateCommand->{closure:Illuminate/Database/Console/Migrations/MigrateCommand::runMigrations():111}()
#41 G:/Mursalin_1295365/Laravel/ecommerce/vendor/laravel/framework/src/Illuminate/Database/Console/Migrations/MigrateCommand.php(111): Illuminate/Database/Migrations/Migrator->usingConnection(NULL, Object(Closure))
#42 G:/Mursalin_1295365/Laravel/ecommerce/vendor/laravel/framework/src/Illuminate/Database/Console/Migrations/MigrateCommand.php(90): Illuminate/Database/Console/Migrations/MigrateCommand->runMigrations()
#43 G:/Mursalin_1295365/Laravel/ecommerce/vendor/laravel/framework/src/Illuminate/Container/BoundMethod.php(36): Illuminate/Database/Console/Migrations/MigrateCommand->handle()
#44 G:/Mursalin_1295365/Laravel/ecommerce/vendor/laravel/framework/src/Illuminate/Container/Util.php(43): Illuminate/Container/BoundMethod::{closure:Illuminate/Container/BoundMethod::call():35}()
#45 G:/Mursalin_1295365/Laravel/ecommerce/vendor/laravel/framework/src/Illuminate/Container/BoundMethod.php(96): Illuminate/Container/Util::unwrapIfClosure(Object(Closure))
#46 G:/Mursalin_1295365/Laravel/ecommerce/vendor/laravel/framework/src/Illuminate/Container/BoundMethod.php(35): Illuminate/Container/BoundMethod::callBoundMethod(Object(Illuminate/Foundation/Application), Array, Object(Closure))
#47 G:/Mursalin_1295365/Laravel/ecommerce/vendor/laravel/framework/src/Illuminate/Container/Container.php(803): Illuminate/Container/BoundMethod::call(Object(Illuminate/Foundation/Application), Array, Array, NULL)
#48 G:/Mursalin_1295365/Laravel/ecommerce/vendor/laravel/framework/src/Illuminate/Console/Command.php(292): Illuminate/Container/Container->call(Array)
#49 G:/Mursalin_1295365/Laravel/ecommerce/vendor/symfony/console/Command/Command.php(285): Illuminate/Console/Command->execute(Object(Symfony/Component/Console/Input/ArgvInput), Object(Illuminate/Console/OutputStyle))
#50 G:/Mursalin_1295365/Laravel/ecommerce/vendor/laravel/framework/src/Illuminate/Console/Command.php(261): Symfony/Component/Console/Command/Command->run(Object(Symfony/Component/Console/Input/ArgvInput), Object(Illuminate/Console/OutputStyle))
#51 G:/Mursalin_1295365/Laravel/ecommerce/vendor/symfony/console/Application.php(1144): Illuminate/Console/Command->run(Object(Symfony/Component/Console/Input/ArgvInput), Object(Symfony/Component/Console/Output/ConsoleOutput))
#52 G:/Mursalin_1295365/Laravel/ecommerce/vendor/symfony/console/Application.php(379): Symfony/Component/Console/Application->doRunCommand(Object(Illuminate/Database/Console/Migrations/MigrateCommand), Object(Symfony/Component/Console/Input/ArgvInput), Object(Symfony/Component/Console/Output/ConsoleOutput))
#53 G:/Mursalin_1295365/Laravel/ecommerce/vendor/symfony/console/Application.php(218): Symfony/Component/Console/Application->doRun(Object(Symfony/Component/Console/Input/ArgvInput), Object(Symfony/Component/Console/Output/ConsoleOutput))
#54 G:/Mursalin_1295365/Laravel/ecommerce/vendor/laravel/framework/src/Illuminate/Foundation/Console/Kernel.php(198): Symfony/Component/Console/Application->run(Object(Symfony/Component/Console/Input/ArgvInput), Object(Symfony/Component/Console/Output/ConsoleOutput))
#55 G:/Mursalin_1295365/Laravel/ecommerce/vendor/laravel/framework/src/Illuminate/Foundation/Application.php(1242): Illuminate/Foundation/Console/Kernel->handle(Object(Symfony/Component/Console/Input/ArgvInput), Object(Symfony/Component/Console/Output/ConsoleOutput))
#56 G:/Mursalin_1295365/Laravel/ecommerce/artisan(16): Illuminate/Foundation/Application->handleCommand(Object(Symfony/Component/Console/Input/ArgvInput))
#57 {main}
"} 
[2026-09-20 04:57:52] local.ERROR: SQLSTATE[HY000]: General error: 1 no such table: orders (Connection: sqlite, Database: G:\Mursalin_1295365\Laravel\ecommerce\database\database.sqlite, SQL: select count(*) as "aggregate" from "orders") {"exception":"[object] (Illuminate\\Database\\QueryException(code: HY000): SQLSTATE[HY000]: General error: 1 no such table: orders (Connection: sqlite, Database: G:\\Mursalin_1295365\\Laravel\\ecommerce\\database\\database.sqlite, SQL: select count(*) as \"aggregate\" from \"orders\") at G:/Mursalin_1295365/Laravel/ecommerce/vendor/laravel/framework/src/Illuminate/Database/Connection.php:857)
[stacktrace]
#0 G:/Mursalin_1295365/Laravel/ecommerce/vendor/laravel/framework/src/Illuminate/Database/Connection.php(813): Illuminate/Database/Connection->runQueryCallback('select count(*)...', Array, Object(Closure))
#1 G:/Mursalin_1295365/Laravel/ecommerce/vendor/laravel/framework/src/Illuminate/Database/Connection.php(426): Illuminate/Database/Connection->run('select count(*)...', Array, Object(Closure))
#2 G:/Mursalin_1295365/Laravel/ecommerce/vendor/laravel/framework/src/Illuminate/Database/Query/Builder.php(3629): Illuminate/Database/Connection->select('select count(*)...', Array, true, Array)
#3 G:/Mursalin_1295365/Laravel/ecommerce/vendor/laravel/framework/src/Illuminate/Database/Query/Builder.php(3613): Illuminate/Database/Query/Builder->runSelect()
#4 G:/Mursalin_1295365/Laravel/ecommerce/vendor/laravel/framework/src/Illuminate/Database/Query/Builder.php(4129): Illuminate/Database/Query/Builder->get(Array)
#5 G:/Mursalin_1295365/Laravel/ecommerce/vendor/laravel/framework/src/Illuminate/Database/Query/Builder.php(4057): Illuminate/Database/Query/Builder->aggregate('count', Array)
#6 G:/Mursalin_1295365/Laravel/ecommerce/vendor/laravel/framework/src/Illuminate/Database/Eloquent/Builder.php(2336): Illuminate/Database/Query/Builder->count()
#7 G:/Mursalin_1295365/Laravel/ecommerce/vendor/laravel/framework/src/Illuminate/Support/Traits/ForwardsCalls.php(23): Illuminate/Database/Eloquent/Builder->__call('count', Array)
#8 G:/Mursalin_1295365/Laravel/ecommerce/vendor/laravel/framework/src/Illuminate/Database/Eloquent/Model.php(2866): Illuminate/Database/Eloquent/Model->forwardCallTo(Object(Illuminate/Database/Eloquent/Builder), 'count', Array)
#9 G:/Mursalin_1295365/Laravel/ecommerce/vendor/laravel/framework/src/Illuminate/Database/Eloquent/Model.php(2882): Illuminate/Database/Eloquent/Model->__call('count', Array)
#10 G:/Mursalin_1295365/Laravel/ecommerce/app/Http/Controllers/DashboardController.php(16): Illuminate/Database/Eloquent/Model::__callStatic('count', Array)
#11 G:/Mursalin_1295365/Laravel/ecommerce/vendor/laravel/framework/src/Illuminate/Routing/ControllerDispatcher.php(46): App/Http/Controllers/DashboardController->__invoke()
#12 G:/Mursalin_1295365/Laravel/ecommerce/vendor/laravel/framework/src/Illuminate/Routing/Route.php(276): Illuminate/Routing/ControllerDispatcher->dispatch(Object(Illuminate/Routing/Route), Object(App/Http/Controllers/DashboardController), '__invoke')
#13 G:/Mursalin_1295365/Laravel/ecommerce/vendor/laravel/framework/src/Illuminate/Routing/Route.php(216): Illuminate/Routing/Route->runController()
#14 G:/Mursalin_1295365/Laravel/ecommerce/vendor/laravel/framework/src/Illuminate/Routing/Router.php(822): Illuminate/Routing/Route->run()
#15 G:/Mursalin_1295365/Laravel/ecommerce/vendor/laravel/framework/src/Illuminate/Pipeline/Pipeline.php(180): Illuminate/Routing/Router->{closure:Illuminate/Routing/Router::runRouteWithinStack():821}(Object(Illuminate/Http/Request))
#16 G:/Mursalin_1295365/Laravel/ecommerce/vendor/laravel/boost/src/Middleware/InjectBoost.php(22): Illuminate/Pipeline/Pipeline->{closure:Illuminate/Pipeline/Pipeline::prepareDestination():178}(Object(Illuminate/Http/Request))
#17 G:/Mursalin_1295365/Laravel/ecommerce/vendor/laravel/framework/src/Illuminate/Pipeline/Pipeline.php(219): Laravel/Boost/Middleware/InjectBoost->handle(Object(Illuminate/Http/Request), Object(Closure))
#18 G:/Mursalin_1295365/Laravel/ecommerce/vendor/laravel/framework/src/Illuminate/Routing/Middleware/SubstituteBindings.php(52): Illuminate/Pipeline/Pipeline->{closure:{closure:Illuminate/Pipeline/Pipeline::carry():194}:195}(Object(Illuminate/Http/Request))
#19 G:/Mursalin_1295365/Laravel/ecommerce/vendor/laravel/framework/src/Illuminate/Pipeline/Pipeline.php(219): Illuminate/Routing/Middleware/SubstituteBindings->handle(Object(Illuminate/Http/Request), Object(Closure))
#20 G:/Mursalin_1295365/Laravel/ecommerce/vendor/laravel/framework/src/Illuminate/Foundation/Http/Middleware/PreventRequestForgery.php(104): Illuminate/Pipeline/Pipeline->{closure:{closure:Illuminate/Pipeline/Pipeline::carry():194}:195}(Object(Illuminate/Http/Request))
#21 G:/Mursalin_1295365/Laravel/ecommerce/vendor/laravel/framework/src/Illuminate/Pipeline/Pipeline.php(219): Illuminate/Foundation/Http/Middleware/PreventRequestForgery->handle(Object(Illuminate/Http/Request), Object(Closure))
#22 G:/Mursalin_1295365/Laravel/ecommerce/vendor/laravel/framework/src/Illuminate/View/Middleware/ShareErrorsFromSession.php(48): Illuminate/Pipeline/Pipeline->{closure:{closure:Illuminate/Pipeline/Pipeline::carry():194}:195}(Object(Illuminate/Http/Request))
#23 G:/Mursalin_1295365/Laravel/ecommerce/vendor/laravel/framework/src/Illuminate/Pipeline/Pipeline.php(219): Illuminate/View/Middleware/ShareErrorsFromSession->handle(Object(Illuminate/Http/Request), Object(Closure))
#24 G:/Mursalin_1295365/Laravel/ecommerce/vendor/laravel/framework/src/Illuminate/Session/Middleware/StartSession.php(120): Illuminate/Pipeline/Pipeline->{closure:{closure:Illuminate/Pipeline/Pipeline::carry():194}:195}(Object(Illuminate/Http/Request))
#25 G:/Mursalin_1295365/Laravel/ecommerce/vendor/laravel/framework/src/Illuminate/Session/Middleware/StartSession.php(63): Illuminate/Session/Middleware/StartSession->handleStatefulRequest(Object(Illuminate/Http/Request), Object(Illuminate/Session/Store), Object(Closure))
#26 G:/Mursalin_1295365/Laravel/ecommerce/vendor/laravel/framework/src/Illuminate/Pipeline/Pipeline.php(219): Illuminate/Session/Middleware/StartSession->handle(Object(Illuminate/Http/Request), Object(Closure))
#27 G:/Mursalin_1295365/Laravel/ecommerce/vendor/laravel/framework/src/Illuminate/Cookie/Middleware/AddQueuedCookiesToResponse.php(36): Illuminate/Pipeline/Pipeline->{closure:{closure:Illuminate/Pipeline/Pipeline::carry():194}:195}(Object(Illuminate/Http/Request))
#28 G:/Mursalin_1295365/Laravel/ecommerce/vendor/laravel/framework/src/Illuminate/Pipeline/Pipeline.php(219): Illuminate/Cookie/Middleware/AddQueuedCookiesToResponse->handle(Object(Illuminate/Http/Request), Object(Closure))
#29 G:/Mursalin_1295365/Laravel/ecommerce/vendor/laravel/framework/src/Illuminate/Cookie/Middleware/EncryptCookies.php(74): Illuminate/Pipeline/Pipeline->{closure:{closure:Illuminate/Pipeline/Pipeline::carry():194}:195}(Object(Illuminate/Http/Request))
#30 G:/Mursalin_1295365/Laravel/ecommerce/vendor/laravel/framework/src/Illuminate/Pipeline/Pipeline.php(219): Illuminate/Cookie/Middleware/EncryptCookies->handle(Object(Illuminate/Http/Request), Object(Closure))
#31 G:/Mursalin_1295365/Laravel/ecommerce/vendor/laravel/framework/src/Illuminate/Pipeline/Pipeline.php(137): Illuminate/Pipeline/Pipeline->{closure:{closure:Illuminate/Pipeline/Pipeline::carry():194}:195}(Object(Illuminate/Http/Request))
#32 G:/Mursalin_1295365/Laravel/ecommerce/vendor/laravel/framework/src/Illuminate/Routing/Router.php(821): Illuminate/Pipeline/Pipeline->then(Object(Closure))
#33 G:/Mursalin_1295365/Laravel/ecommerce/vendor/laravel/framework/src/Illuminate/Routing/Router.php(800): Illuminate/Routing/Router->runRouteWithinStack(Object(Illuminate/Routing/Route), Object(Illuminate/Http/Request))
#34 G:/Mursalin_1295365/Laravel/ecommerce/vendor/laravel/framework/src/Illuminate/Routing/Router.php(764): Illuminate/Routing/Router->runRoute(Object(Illuminate/Http/Request), Object(Illuminate/Routing/Route))
#35 G:/Mursalin_1295365/Laravel/ecommerce/vendor/laravel/framework/src/Illuminate/Routing/Router.php(753): Illuminate/Routing/Router->dispatchToRoute(Object(Illuminate/Http/Request))
#36 G:/Mursalin_1295365/Laravel/ecommerce/vendor/laravel/framework/src/Illuminate/Foundation/Http/Kernel.php(200): Illuminate/Routing/Router->dispatch(Object(Illuminate/Http/Request))
#37 G:/Mursalin_1295365/Laravel/ecommerce/vendor/laravel/framework/src/Illuminate/Pipeline/Pipeline.php(180): Illuminate/Foundation/Http/Kernel->{closure:Illuminate/Foundation/Http/Kernel::dispatchToRouter():197}(Object(Illuminate/Http/Request))
#38 G:/Mursalin_1295365/Laravel/ecommerce/vendor/laravel/framework/src/Illuminate/Foundation/Http/Middleware/TransformsRequest.php(21): Illuminate/Pipeline/Pipeline->{closure:Illuminate/Pipeline/Pipeline::prepareDestination():178}(Object(Illuminate/Http/Request))
#39 G:/Mursalin_1295365/Laravel/ecommerce/vendor/laravel/framework/src/Illuminate/Foundation/Http/Middleware/ConvertEmptyStringsToNull.php(31): Illuminate/Foundation/Http/Middleware/TransformsRequest->handle(Object(Illuminate/Http/Request), Object(Closure))
#40 G:/Mursalin_1295365/Laravel/ecommerce/vendor/laravel/framework/src/Illuminate/Pipeline/Pipeline.php(219): Illuminate/Foundation/Http/Middleware/ConvertEmptyStringsToNull->handle(Object(Illuminate/Http/Request), Object(Closure))
#41 G:/Mursalin_1295365/Laravel/ecommerce/vendor/laravel/framework/src/Illuminate/Foundation/Http/Middleware/TransformsRequest.php(21): Illuminate/Pipeline/Pipeline->{closure:{closure:Illuminate/Pipeline/Pipeline::carry():194}:195}(Object(Illuminate/Http/Request))
#42 G:/Mursalin_1295365/Laravel/ecommerce/vendor/laravel/framework/src/Illuminate/Foundation/Http/Middleware/TrimStrings.php(51): Illuminate/Foundation/Http/Middleware/TransformsRequest->handle(Object(Illuminate/Http/Request), Object(Closure))
#43 G:/Mursalin_1295365/Laravel/ecommerce/vendor/laravel/framework/src/Illuminate/Pipeline/Pipeline.php(219): Illuminate/Foundation/Http/Middleware/TrimStrings->handle(Object(Illuminate/Http/Request), Object(Closure))
#44 G:/Mursalin_1295365/Laravel/ecommerce/vendor/laravel/framework/src/Illuminate/Http/Middleware/ValidatePostSize.php(27): Illuminate/Pipeline/Pipeline->{closure:{closure:Illuminate/Pipeline/Pipeline::carry():194}:195}(Object(Illuminate/Http/Request))
#45 G:/Mursalin_1295365/Laravel/ecommerce/vendor/laravel/framework/src/Illuminate/Pipeline/Pipeline.php(219): Illuminate/Http/Middleware/ValidatePostSize->handle(Object(Illuminate/Http/Request), Object(Closure))
#46 G:/Mursalin_1295365/Laravel/ecommerce/vendor/laravel/framework/src/Illuminate/Foundation/Http/Middleware/PreventRequestsDuringMaintenance.php(110): Illuminate/Pipeline/Pipeline->{closure:{closure:Illuminate/Pipeline/Pipeline::carry():194}:195}(Object(Illuminate/Http/Request))
#47 G:/Mursalin_1295365/Laravel/ecommerce/vendor/laravel/framework/src/Illuminate/Pipeline/Pipeline.php(219): Illuminate/Foundation/Http/Middleware/PreventRequestsDuringMaintenance->handle(Object(Illuminate/Http/Request), Object(Closure))
#48 G:/Mursalin_1295365/Laravel/ecommerce/vendor/laravel/framework/src/Illuminate/Http/Middleware/HandleCors.php(61): Illuminate/Pipeline/Pipeline->{closure:{closure:Illuminate/Pipeline/Pipeline::carry():194}:195}(Object(Illuminate/Http/Request))
#49 G:/Mursalin_1295365/Laravel/ecommerce/vendor/laravel/framework/src/Illuminate/Pipeline/Pipeline.php(219): Illuminate/Http/Middleware/HandleCors->handle(Object(Illuminate/Http/Request), Object(Closure))
#50 G:/Mursalin_1295365/Laravel/ecommerce/vendor/laravel/framework/src/Illuminate/Http/Middleware/TrustProxies.php(58): Illuminate/Pipeline/Pipeline->{closure:{closure:Illuminate/Pipeline/Pipeline::carry():194}:195}(Object(Illuminate/Http/Request))
#51 G:/Mursalin_1295365/Laravel/ecommerce/vendor/laravel/framework/src/Illuminate/Pipeline/Pipeline.php(219): Illuminate/Http/Middleware/TrustProxies->handle(Object(Illuminate/Http/Request), Object(Closure))
#52 G:/Mursalin_1295365/Laravel/ecommerce/vendor/laravel/framework/src/Illuminate/Foundation/Http/Middleware/InvokeDeferredCallbacks.php(22): Illuminate/Pipeline/Pipeline->{closure:{closure:Illuminate/Pipeline/Pipeline::carry():194}:195}(Object(Illuminate/Http/Request))
#53 G:/Mursalin_1295365/Laravel/ecommerce/vendor/laravel/framework/src/Illuminate/Pipeline/Pipeline.php(219): Illuminate/Foundation/Http/Middleware/InvokeDeferredCallbacks->handle(Object(Illuminate/Http/Request), Object(Closure))
#54 G:/Mursalin_1295365/Laravel/ecommerce/vendor/laravel/framework/src/Illuminate/Http/Middleware/ValidatePathEncoding.php(28): Illuminate/Pipeline/Pipeline->{closure:{closure:Illuminate/Pipeline/Pipeline::carry():194}:195}(Object(Illuminate/Http/Request))
#55 G:/Mursalin_1295365/Laravel/ecommerce/vendor/laravel/framework/src/Illuminate/Pipeline/Pipeline.php(219): Illuminate/Http/Middleware/ValidatePathEncoding->handle(Object(Illuminate/Http/Request), Object(Closure))
#56 G:/Mursalin_1295365/Laravel/ecommerce/vendor/laravel/framework/src/Illuminate/Pipeline/Pipeline.php(137): Illuminate/Pipeline/Pipeline->{closure:{closure:Illuminate/Pipeline/Pipeline::carry():194}:195}(Object(Illuminate/Http/Request))
#57 G:/Mursalin_1295365/Laravel/ecommerce/vendor/laravel/framework/src/Illuminate/Foundation/Http/Kernel.php(175): Illuminate/Pipeline/Pipeline->then(Object(Closure))
#58 G:/Mursalin_1295365/Laravel/ecommerce/vendor/laravel/framework/src/Illuminate/Foundation/Http/Kernel.php(144): Illuminate/Foundation/Http/Kernel->sendRequestThroughRouter(Object(Illuminate/Http/Request))
#59 G:/Mursalin_1295365/Laravel/ecommerce/vendor/laravel/framework/src/Illuminate/Foundation/Application.php(1227): Illuminate/Foundation/Http/Kernel->handle(Object(Illuminate/Http/Request))
#60 G:/Mursalin_1295365/Laravel/ecommerce/public/index.php(20): Illuminate/Foundation/Application->handleRequest(Object(Illuminate/Http/Request))
#61 C:/Program Files/Herd/resources/app.asar.unpacked/resources/valet/server.php(140): require('G://Mursalin_129...')
#62 {main}

[previous exception] [object] (PDOException(code: HY000): SQLSTATE[HY000]: General error: 1 no such table: orders at G:/Mursalin_1295365/Laravel/ecommerce/vendor/laravel/framework/src/Illuminate/Database/Connection.php:435)
[stacktrace]
#0 G:/Mursalin_1295365/Laravel/ecommerce/vendor/laravel/framework/src/Illuminate/Database/Connection.php(435): PDO->prepare('select count(*)...')
#1 G:/Mursalin_1295365/Laravel/ecommerce/vendor/laravel/framework/src/Illuminate/Database/Connection.php(846): Illuminate/Database/Connection->{closure:Illuminate/Database/Connection::select():426}('select count(*)...', Array)
#2 G:/Mursalin_1295365/Laravel/ecommerce/vendor/laravel/framework/src/Illuminate/Database/Connection.php(813): Illuminate/Database/Connection->runQueryCallback('select count(*)...', Array, Object(Closure))
#3 G:/Mursalin_1295365/Laravel/ecommerce/vendor/laravel/framework/src/Illuminate/Database/Connection.php(426): Illuminate/Database/Connection->run('select count(*)...', Array, Object(Closure))
#4 G:/Mursalin_1295365/Laravel/ecommerce/vendor/laravel/framework/src/Illuminate/Database/Query/Builder.php(3629): Illuminate/Database/Connection->select('select count(*)...', Array, true, Array)
#5 G:/Mursalin_1295365/Laravel/ecommerce/vendor/laravel/framework/src/Illuminate/Database/Query/Builder.php(3613): Illuminate/Database/Query/Builder->runSelect()
#6 G:/Mursalin_1295365/Laravel/ecommerce/vendor/laravel/framework/src/Illuminate/Database/Query/Builder.php(4129): Illuminate/Database/Query/Builder->get(Array)
#7 G:/Mursalin_1295365/Laravel/ecommerce/vendor/laravel/framework/src/Illuminate/Database/Query/Builder.php(4057): Illuminate/Database/Query/Builder->aggregate('count', Array)
#8 G:/Mursalin_1295365/Laravel/ecommerce/vendor/laravel/framework/src/Illuminate/Database/Eloquent/Builder.php(2336): Illuminate/Database/Query/Builder->count()
#9 G:/Mursalin_1295365/Laravel/ecommerce/vendor/laravel/framework/src/Illuminate/Support/Traits/ForwardsCalls.php(23): Illuminate/Database/Eloquent/Builder->__call('count', Array)
#10 G:/Mursalin_1295365/Laravel/ecommerce/vendor/laravel/framework/src/Illuminate/Database/Eloquent/Model.php(2866): Illuminate/Database/Eloquent/Model->forwardCallTo(Object(Illuminate/Database/Eloquent/Builder), 'count', Array)
#11 G:/Mursalin_1295365/Laravel/ecommerce/vendor/laravel/framework/src/Illuminate/Database/Eloquent/Model.php(2882): Illuminate/Database/Eloquent/Model->__call('count', Array)
#12 G:/Mursalin_1295365/Laravel/ecommerce/app/Http/Controllers/DashboardController.php(16): Illuminate/Database/Eloquent/Model::__callStatic('count', Array)
#13 G:/Mursalin_1295365/Laravel/ecommerce/vendor/laravel/framework/src/Illuminate/Routing/ControllerDispatcher.php(46): App/Http/Controllers/DashboardController->__invoke()
#14 G:/Mursalin_1295365/Laravel/ecommerce/vendor/laravel/framework/src/Illuminate/Routing/Route.php(276): Illuminate/Routing/ControllerDispatcher->dispatch(Object(Illuminate/Routing/Route), Object(App/Http/Controllers/DashboardController), '__invoke')
#15 G:/Mursalin_1295365/Laravel/ecommerce/vendor/laravel/framework/src/Illuminate/Routing/Route.php(216): Illuminate/Routing/Route->runController()
#16 G:/Mursalin_1295365/Laravel/ecommerce/vendor/laravel/framework/src/Illuminate/Routing/Router.php(822): Illuminate/Routing/Route->run()
#17 G:/Mursalin_1295365/Laravel/ecommerce/vendor/laravel/framework/src/Illuminate/Pipeline/Pipeline.php(180): Illuminate/Routing/Router->{closure:Illuminate/Routing/Router::runRouteWithinStack():821}(Object(Illuminate/Http/Request))
#18 G:/Mursalin_1295365/Laravel/ecommerce/vendor/laravel/boost/src/Middleware/InjectBoost.php(22): Illuminate/Pipeline/Pipeline->{closure:Illuminate/Pipeline/Pipeline::prepareDestination():178}(Object(Illuminate/Http/Request))
#19 G:/Mursalin_1295365/Laravel/ecommerce/vendor/laravel/framework/src/Illuminate/Pipeline/Pipeline.php(219): Laravel/Boost/Middleware/InjectBoost->handle(Object(Illuminate/Http/Request), Object(Closure))
#20 G:/Mursalin_1295365/Laravel/ecommerce/vendor/laravel/framework/src/Illuminate/Routing/Middleware/SubstituteBindings.php(52): Illuminate/Pipeline/Pipeline->{closure:{closure:Illuminate/Pipeline/Pipeline::carry():194}:195}(Object(Illuminate/Http/Request))
#21 G:/Mursalin_1295365/Laravel/ecommerce/vendor/laravel/framework/src/Illuminate/Pipeline/Pipeline.php(219): Illuminate/Routing/Middleware/SubstituteBindings->handle(Object(Illuminate/Http/Request), Object(Closure))
#22 G:/Mursalin_1295365/Laravel/ecommerce/vendor/laravel/framework/src/Illuminate/Foundation/Http/Middleware/PreventRequestForgery.php(104): Illuminate/Pipeline/Pipeline->{closure:{closure:Illuminate/Pipeline/Pipeline::carry():194}:195}(Object(Illuminate/Http/Request))
#23 G:/Mursalin_1295365/Laravel/ecommerce/vendor/laravel/framework/src/Illuminate/Pipeline/Pipeline.php(219): Illuminate/Foundation/Http/Middleware/PreventRequestForgery->handle(Object(Illuminate/Http/Request), Object(Closure))
#24 G:/Mursalin_1295365/Laravel/ecommerce/vendor/laravel/framework/src/Illuminate/View/Middleware/ShareErrorsFromSession.php(48): Illuminate/Pipeline/Pipeline->{closure:{closure:Illuminate/Pipeline/Pipeline::carry():194}:195}(Object(Illuminate/Http/Request))
#25 G:/Mursalin_1295365/Laravel/ecommerce/vendor/laravel/framework/src/Illuminate/Pipeline/Pipeline.php(219): Illuminate/View/Middleware/ShareErrorsFromSession->handle(Object(Illuminate/Http/Request), Object(Closure))
#26 G:/Mursalin_1295365/Laravel/ecommerce/vendor/laravel/framework/src/Illuminate/Session/Middleware/StartSession.php(120): Illuminate/Pipeline/Pipeline->{closure:{closure:Illuminate/Pipeline/Pipeline::carry():194}:195}(Object(Illuminate/Http/Request))
#27 G:/Mursalin_1295365/Laravel/ecommerce/vendor/laravel/framework/src/Illuminate/Session/Middleware/StartSession.php(63): Illuminate/Session/Middleware/StartSession->handleStatefulRequest(Object(Illuminate/Http/Request), Object(Illuminate/Session/Store), Object(Closure))
#28 G:/Mursalin_1295365/Laravel/ecommerce/vendor/laravel/framework/src/Illuminate/Pipeline/Pipeline.php(219): Illuminate/Session/Middleware/StartSession->handle(Object(Illuminate/Http/Request), Object(Closure))
#29 G:/Mursalin_1295365/Laravel/ecommerce/vendor/laravel/framework/src/Illuminate/Cookie/Middleware/AddQueuedCookiesToResponse.php(36): Illuminate/Pipeline/Pipeline->{closure:{closure:Illuminate/Pipeline/Pipeline::carry():194}:195}(Object(Illuminate/Http/Request))
#30 G:/Mursalin_1295365/Laravel/ecommerce/vendor/laravel/framework/src/Illuminate/Pipeline/Pipeline.php(219): Illuminate/Cookie/Middleware/AddQueuedCookiesToResponse->handle(Object(Illuminate/Http/Request), Object(Closure))
#31 G:/Mursalin_1295365/Laravel/ecommerce/vendor/laravel/framework/src/Illuminate/Cookie/Middleware/EncryptCookies.php(74): Illuminate/Pipeline/Pipeline->{closure:{closure:Illuminate/Pipeline/Pipeline::carry():194}:195}(Object(Illuminate/Http/Request))
#32 G:/Mursalin_1295365/Laravel/ecommerce/vendor/laravel/framework/src/Illuminate/Pipeline/Pipeline.php(219): Illuminate/Cookie/Middleware/EncryptCookies->handle(Object(Illuminate/Http/Request), Object(Closure))
#33 G:/Mursalin_1295365/Laravel/ecommerce/vendor/laravel/framework/src/Illuminate/Pipeline/Pipeline.php(137): Illuminate/Pipeline/Pipeline->{closure:{closure:Illuminate/Pipeline/Pipeline::carry():194}:195}(Object(Illuminate/Http/Request))
#34 G:/Mursalin_1295365/Laravel/ecommerce/vendor/laravel/framework/src/Illuminate/Routing/Router.php(821): Illuminate/Pipeline/Pipeline->then(Object(Closure))
#35 G:/Mursalin_1295365/Laravel/ecommerce/vendor/laravel/framework/src/Illuminate/Routing/Router.php(800): Illuminate/Routing/Router->runRouteWithinStack(Object(Illuminate/Routing/Route), Object(Illuminate/Http/Request))
#36 G:/Mursalin_1295365/Laravel/ecommerce/vendor/laravel/framework/src/Illuminate/Routing/Router.php(764): Illuminate/Routing/Router->runRoute(Object(Illuminate/Http/Request), Object(Illuminate/Routing/Route))
#37 G:/Mursalin_1295365/Laravel/ecommerce/vendor/laravel/framework/src/Illuminate/Routing/Router.php(753): Illuminate/Routing/Router->dispatchToRoute(Object(Illuminate/Http/Request))
#38 G:/Mursalin_1295365/Laravel/ecommerce/vendor/laravel/framework/src/Illuminate/Foundation/Http/Kernel.php(200): Illuminate/Routing/Router->dispatch(Object(Illuminate/Http/Request))
#39 G:/Mursalin_1295365/Laravel/ecommerce/vendor/laravel/framework/src/Illuminate/Pipeline/Pipeline.php(180): Illuminate/Foundation/Http/Kernel->{closure:Illuminate/Foundation/Http/Kernel::dispatchToRouter():197}(Object(Illuminate/Http/Request))
#40 G:/Mursalin_1295365/Laravel/ecommerce/vendor/laravel/framework/src/Illuminate/Foundation/Http/Middleware/TransformsRequest.php(21): Illuminate/Pipeline/Pipeline->{closure:Illuminate/Pipeline/Pipeline::prepareDestination():178}(Object(Illuminate/Http/Request))
#41 G:/Mursalin_1295365/Laravel/ecommerce/vendor/laravel/framework/src/Illuminate/Foundation/Http/Middleware/ConvertEmptyStringsToNull.php(31): Illuminate/Foundation/Http/Middleware/TransformsRequest->handle(Object(Illuminate/Http/Request), Object(Closure))
#42 G:/Mursalin_1295365/Laravel/ecommerce/vendor/laravel/framework/src/Illuminate/Pipeline/Pipeline.php(219): Illuminate/Foundation/Http/Middleware/ConvertEmptyStringsToNull->handle(Object(Illuminate/Http/Request), Object(Closure))
#43 G:/Mursalin_1295365/Laravel/ecommerce/vendor/laravel/framework/src/Illuminate/Foundation/Http/Middleware/TransformsRequest.php(21): Illuminate/Pipeline/Pipeline->{closure:{closure:Illuminate/Pipeline/Pipeline::carry():194}:195}(Object(Illuminate/Http/Request))
#44 G:/Mursalin_1295365/Laravel/ecommerce/vendor/laravel/framework/src/Illuminate/Foundation/Http/Middleware/TrimStrings.php(51): Illuminate/Foundation/Http/Middleware/TransformsRequest->handle(Object(Illuminate/Http/Request), Object(Closure))
#45 G:/Mursalin_1295365/Laravel/ecommerce/vendor/laravel/framework/src/Illuminate/Pipeline/Pipeline.php(219): Illuminate/Foundation/Http/Middleware/TrimStrings->handle(Object(Illuminate/Http/Request), Object(Closure))
#46 G:/Mursalin_1295365/Laravel/ecommerce/vendor/laravel/framework/src/Illuminate/Http/Middleware/ValidatePostSize.php(27): Illuminate/Pipeline/Pipeline->{closure:{closure:Illuminate/Pipeline/Pipeline::carry():194}:195}(Object(Illuminate/Http/Request))
#47 G:/Mursalin_1295365/Laravel/ecommerce/vendor/laravel/framework/src/Illuminate/Pipeline/Pipeline.php(219): Illuminate/Http/Middleware/ValidatePostSize->handle(Object(Illuminate/Http/Request), Object(Closure))
#48 G:/Mursalin_1295365/Laravel/ecommerce/vendor/laravel/framework/src/Illuminate/Foundation/Http/Middleware/PreventRequestsDuringMaintenance.php(110): Illuminate/Pipeline/Pipeline->{closure:{closure:Illuminate/Pipeline/Pipeline::carry():194}:195}(Object(Illuminate/Http/Request))
#49 G:/Mursalin_1295365/Laravel/ecommerce/vendor/laravel/framework/src/Illuminate/Pipeline/Pipeline.php(219): Illuminate/Foundation/Http/Middleware/PreventRequestsDuringMaintenance->handle(Object(Illuminate/Http/Request), Object(Closure))
#50 G:/Mursalin_1295365/Laravel/ecommerce/vendor/laravel/framework/src/Illuminate/Http/Middleware/HandleCors.php(61): Illuminate/Pipeline/Pipeline->{closure:{closure:Illuminate/Pipeline/Pipeline::carry():194}:195}(Object(Illuminate/Http/Request))
#51 G:/Mursalin_1295365/Laravel/ecommerce/vendor/laravel/framework/src/Illuminate/Pipeline/Pipeline.php(219): Illuminate/Http/Middleware/HandleCors->handle(Object(Illuminate/Http/Request), Object(Closure))
#52 G:/Mursalin_1295365/Laravel/ecommerce/vendor/laravel/framework/src/Illuminate/Http/Middleware/TrustProxies.php(58): Illuminate/Pipeline/Pipeline->{closure:{closure:Illuminate/Pipeline/Pipeline::carry():194}:195}(Object(Illuminate/Http/Request))
#53 G:/Mursalin_1295365/Laravel/ecommerce/vendor/laravel/framework/src/Illuminate/Pipeline/Pipeline.php(219): Illuminate/Http/Middleware/TrustProxies->handle(Object(Illuminate/Http/Request), Object(Closure))
#54 G:/Mursalin_1295365/Laravel/ecommerce/vendor/laravel/framework/src/Illuminate/Foundation/Http/Middleware/InvokeDeferredCallbacks.php(22): Illuminate/Pipeline/Pipeline->{closure:{closure:Illuminate/Pipeline/Pipeline::carry():194}:195}(Object(Illuminate/Http/Request))
#55 G:/Mursalin_1295365/Laravel/ecommerce/vendor/laravel/framework/src/Illuminate/Pipeline/Pipeline.php(219): Illuminate/Foundation/Http/Middleware/InvokeDeferredCallbacks->handle(Object(Illuminate/Http/Request), Object(Closure))
#56 G:/Mursalin_1295365/Laravel/ecommerce/vendor/laravel/framework/src/Illuminate/Http/Middleware/ValidatePathEncoding.php(28): Illuminate/Pipeline/Pipeline->{closure:{closure:Illuminate/Pipeline/Pipeline::carry():194}:195}(Object(Illuminate/Http/Request))
#57 G:/Mursalin_1295365/Laravel/ecommerce/vendor/laravel/framework/src/Illuminate/Pipeline/Pipeline.php(219): Illuminate/Http/Middleware/ValidatePathEncoding->handle(Object(Illuminate/Http/Request), Object(Closure))
#58 G:/Mursalin_1295365/Laravel/ecommerce/vendor/laravel/framework/src/Illuminate/Pipeline/Pipeline.php(137): Illuminate/Pipeline/Pipeline->{closure:{closure:Illuminate/Pipeline/Pipeline::carry():194}:195}(Object(Illuminate/Http/Request))
#59 G:/Mursalin_1295365/Laravel/ecommerce/vendor/laravel/framework/src/Illuminate/Foundation/Http/Kernel.php(175): Illuminate/Pipeline/Pipeline->then(Object(Closure))
#60 G:/Mursalin_1295365/Laravel/ecommerce/vendor/laravel/framework/src/Illuminate/Foundation/Http/Kernel.php(144): Illuminate/Foundation/Http/Kernel->sendRequestThroughRouter(Object(Illuminate/Http/Request))
#61 G:/Mursalin_1295365/Laravel/ecommerce/vendor/laravel/framework/src/Illuminate/Foundation/Application.php(1227): Illuminate/Foundation/Http/Kernel->handle(Object(Illuminate/Http/Request))
#62 G:/Mursalin_1295365/Laravel/ecommerce/public/index.php(20): Illuminate/Foundation/Application->handleRequest(Object(Illuminate/Http/Request))
#63 C:/Program Files/Herd/resources/app.asar.unpacked/resources/valet/server.php(140): require('G://Mursalin_129...')
#64 {main}
"} 
[2026-09-20 04:57:53] local.ERROR: SQLSTATE[HY000]: General error: 1 no such table: orders (Connection: sqlite, Database: G:\Mursalin_1295365\Laravel\ecommerce\database\database.sqlite, SQL: select count(*) as "aggregate" from "orders") {"exception":"[object] (Illuminate\\Database\\QueryException(code: HY000): SQLSTATE[HY000]: General error: 1 no such table: orders (Connection: sqlite, Database: G:\\Mursalin_1295365\\Laravel\\ecommerce\\database\\database.sqlite, SQL: select count(*) as \"aggregate\" from \"orders\") at G:/Mursalin_1295365/Laravel/ecommerce/vendor/laravel/framework/src/Illuminate/Database/Connection.php:857)
[stacktrace]
#0 G:/Mursalin_1295365/Laravel/ecommerce/vendor/laravel/framework/src/Illuminate/Database/Connection.php(813): Illuminate/Database/Connection->runQueryCallback('select count(*)...', Array, Object(Closure))
#1 G:/Mursalin_1295365/Laravel/ecommerce/vendor/laravel/framework/src/Illuminate/Database/Connection.php(426): Illuminate/Database/Connection->run('select count(*)...', Array, Object(Closure))
#2 G:/Mursalin_1295365/Laravel/ecommerce/vendor/laravel/framework/src/Illuminate/Database/Query/Builder.php(3629): Illuminate/Database/Connection->select('select count(*)...', Array, true, Array)
#3 G:/Mursalin_1295365/Laravel/ecommerce/vendor/laravel/framework/src/Illuminate/Database/Query/Builder.php(3613): Illuminate/Database/Query/Builder->runSelect()
#4 G:/Mursalin_1295365/Laravel/ecommerce/vendor/laravel/framework/src/Illuminate/Database/Query/Builder.php(4129): Illuminate/Database/Query/Builder->get(Array)
#5 G:/Mursalin_1295365/Laravel/ecommerce/vendor/laravel/framework/src/Illuminate/Database/Query/Builder.php(4057): Illuminate/Database/Query/Builder->aggregate('count', Array)
#6 G:/Mursalin_1295365/Laravel/ecommerce/vendor/laravel/framework/src/Illuminate/Database/Eloquent/Builder.php(2336): Illuminate/Database/Query/Builder->count()
#7 G:/Mursalin_1295365/Laravel/ecommerce/vendor/laravel/framework/src/Illuminate/Support/Traits/ForwardsCalls.php(23): Illuminate/Database/Eloquent/Builder->__call('count', Array)
#8 G:/Mursalin_1295365/Laravel/ecommerce/vendor/laravel/framework/src/Illuminate/Database/Eloquent/Model.php(2866): Illuminate/Database/Eloquent/Model->forwardCallTo(Object(Illuminate/Database/Eloquent/Builder), 'count', Array)
#9 G:/Mursalin_1295365/Laravel/ecommerce/vendor/laravel/framework/src/Illuminate/Database/Eloquent/Model.php(2882): Illuminate/Database/Eloquent/Model->__call('count', Array)
#10 G:/Mursalin_1295365/Laravel/ecommerce/app/Http/Controllers/DashboardController.php(16): Illuminate/Database/Eloquent/Model::__callStatic('count', Array)
#11 G:/Mursalin_1295365/Laravel/ecommerce/vendor/laravel/framework/src/Illuminate/Routing/ControllerDispatcher.php(46): App/Http/Controllers/DashboardController->__invoke()
#12 G:/Mursalin_1295365/Laravel/ecommerce/vendor/laravel/framework/src/Illuminate/Routing/Route.php(276): Illuminate/Routing/ControllerDispatcher->dispatch(Object(Illuminate/Routing/Route), Object(App/Http/Controllers/DashboardController), '__invoke')
#13 G:/Mursalin_1295365/Laravel/ecommerce/vendor/laravel/framework/src/Illuminate/Routing/Route.php(216): Illuminate/Routing/Route->runController()
#14 G:/Mursalin_1295365/Laravel/ecommerce/vendor/laravel/framework/src/Illuminate/Routing/Router.php(822): Illuminate/Routing/Route->run()
#15 G:/Mursalin_1295365/Laravel/ecommerce/vendor/laravel/framework/src/Illuminate/Pipeline/Pipeline.php(180): Illuminate/Routing/Router->{closure:Illuminate/Routing/Router::runRouteWithinStack():821}(Object(Illuminate/Http/Request))
#16 G:/Mursalin_1295365/Laravel/ecommerce/vendor/laravel/boost/src/Middleware/InjectBoost.php(22): Illuminate/Pipeline/Pipeline->{closure:Illuminate/Pipeline/Pipeline::prepareDestination():178}(Object(Illuminate/Http/Request))
#17 G:/Mursalin_1295365/Laravel/ecommerce/vendor/laravel/framework/src/Illuminate/Pipeline/Pipeline.php(219): Laravel/Boost/Middleware/InjectBoost->handle(Object(Illuminate/Http/Request), Object(Closure))
#18 G:/Mursalin_1295365/Laravel/ecommerce/vendor/laravel/framework/src/Illuminate/Routing/Middleware/SubstituteBindings.php(52): Illuminate/Pipeline/Pipeline->{closure:{closure:Illuminate/Pipeline/Pipeline::carry():194}:195}(Object(Illuminate/Http/Request))
#19 G:/Mursalin_1295365/Laravel/ecommerce/vendor/laravel/framework/src/Illuminate/Pipeline/Pipeline.php(219): Illuminate/Routing/Middleware/SubstituteBindings->handle(Object(Illuminate/Http/Request), Object(Closure))
#20 G:/Mursalin_1295365/Laravel/ecommerce/vendor/laravel/framework/src/Illuminate/Foundation/Http/Middleware/PreventRequestForgery.php(104): Illuminate/Pipeline/Pipeline->{closure:{closure:Illuminate/Pipeline/Pipeline::carry():194}:195}(Object(Illuminate/Http/Request))
#21 G:/Mursalin_1295365/Laravel/ecommerce/vendor/laravel/framework/src/Illuminate/Pipeline/Pipeline.php(219): Illuminate/Foundation/Http/Middleware/PreventRequestForgery->handle(Object(Illuminate/Http/Request), Object(Closure))
#22 G:/Mursalin_1295365/Laravel/ecommerce/vendor/laravel/framework/src/Illuminate/View/Middleware/ShareErrorsFromSession.php(48): Illuminate/Pipeline/Pipeline->{closure:{closure:Illuminate/Pipeline/Pipeline::carry():194}:195}(Object(Illuminate/Http/Request))
#23 G:/Mursalin_1295365/Laravel/ecommerce/vendor/laravel/framework/src/Illuminate/Pipeline/Pipeline.php(219): Illuminate/View/Middleware/ShareErrorsFromSession->handle(Object(Illuminate/Http/Request), Object(Closure))
#24 G:/Mursalin_1295365/Laravel/ecommerce/vendor/laravel/framework/src/Illuminate/Session/Middleware/StartSession.php(120): Illuminate/Pipeline/Pipeline->{closure:{closure:Illuminate/Pipeline/Pipeline::carry():194}:195}(Object(Illuminate/Http/Request))
#25 G:/Mursalin_1295365/Laravel/ecommerce/vendor/laravel/framework/src/Illuminate/Session/Middleware/StartSession.php(63): Illuminate/Session/Middleware/StartSession->handleStatefulRequest(Object(Illuminate/Http/Request), Object(Illuminate/Session/Store), Object(Closure))
#26 G:/Mursalin_1295365/Laravel/ecommerce/vendor/laravel/framework/src/Illuminate/Pipeline/Pipeline.php(219): Illuminate/Session/Middleware/StartSession->handle(Object(Illuminate/Http/Request), Object(Closure))
#27 G:/Mursalin_1295365/Laravel/ecommerce/vendor/laravel/framework/src/Illuminate/Cookie/Middleware/AddQueuedCookiesToResponse.php(36): Illuminate/Pipeline/Pipeline->{closure:{closure:Illuminate/Pipeline/Pipeline::carry():194}:195}(Object(Illuminate/Http/Request))
#28 G:/Mursalin_1295365/Laravel/ecommerce/vendor/laravel/framework/src/Illuminate/Pipeline/Pipeline.php(219): Illuminate/Cookie/Middleware/AddQueuedCookiesToResponse->handle(Object(Illuminate/Http/Request), Object(Closure))
#29 G:/Mursalin_1295365/Laravel/ecommerce/vendor/laravel/framework/src/Illuminate/Cookie/Middleware/EncryptCookies.php(74): Illuminate/Pipeline/Pipeline->{closure:{closure:Illuminate/Pipeline/Pipeline::carry():194}:195}(Object(Illuminate/Http/Request))
#30 G:/Mursalin_1295365/Laravel/ecommerce/vendor/laravel/framework/src/Illuminate/Pipeline/Pipeline.php(219): Illuminate/Cookie/Middleware/EncryptCookies->handle(Object(Illuminate/Http/Request), Object(Closure))
#31 G:/Mursalin_1295365/Laravel/ecommerce/vendor/laravel/framework/src/Illuminate/Pipeline/Pipeline.php(137): Illuminate/Pipeline/Pipeline->{closure:{closure:Illuminate/Pipeline/Pipeline::carry():194}:195}(Object(Illuminate/Http/Request))
#32 G:/Mursalin_1295365/Laravel/ecommerce/vendor/laravel/framework/src/Illuminate/Routing/Router.php(821): Illuminate/Pipeline/Pipeline->then(Object(Closure))
#33 G:/Mursalin_1295365/Laravel/ecommerce/vendor/laravel/framework/src/Illuminate/Routing/Router.php(800): Illuminate/Routing/Router->runRouteWithinStack(Object(Illuminate/Routing/Route), Object(Illuminate/Http/Request))
#34 G:/Mursalin_1295365/Laravel/ecommerce/vendor/laravel/framework/src/Illuminate/Routing/Router.php(764): Illuminate/Routing/Router->runRoute(Object(Illuminate/Http/Request), Object(Illuminate/Routing/Route))
#35 G:/Mursalin_1295365/Laravel/ecommerce/vendor/laravel/framework/src/Illuminate/Routing/Router.php(753): Illuminate/Routing/Router->dispatchToRoute(Object(Illuminate/Http/Request))
#36 G:/Mursalin_1295365/Laravel/ecommerce/vendor/laravel/framework/src/Illuminate/Foundation/Http/Kernel.php(200): Illuminate/Routing/Router->dispatch(Object(Illuminate/Http/Request))
#37 G:/Mursalin_1295365/Laravel/ecommerce/vendor/laravel/framework/src/Illuminate/Pipeline/Pipeline.php(180): Illuminate/Foundation/Http/Kernel->{closure:Illuminate/Foundation/Http/Kernel::dispatchToRouter():197}(Object(Illuminate/Http/Request))
#38 G:/Mursalin_1295365/Laravel/ecommerce/vendor/laravel/framework/src/Illuminate/Foundation/Http/Middleware/TransformsRequest.php(21): Illuminate/Pipeline/Pipeline->{closure:Illuminate/Pipeline/Pipeline::prepareDestination():178}(Object(Illuminate/Http/Request))
#39 G:/Mursalin_1295365/Laravel/ecommerce/vendor/laravel/framework/src/Illuminate/Foundation/Http/Middleware/ConvertEmptyStringsToNull.php(31): Illuminate/Foundation/Http/Middleware/TransformsRequest->handle(Object(Illuminate/Http/Request), Object(Closure))
#40 G:/Mursalin_1295365/Laravel/ecommerce/vendor/laravel/framework/src/Illuminate/Pipeline/Pipeline.php(219): Illuminate/Foundation/Http/Middleware/ConvertEmptyStringsToNull->handle(Object(Illuminate/Http/Request), Object(Closure))
#41 G:/Mursalin_1295365/Laravel/ecommerce/vendor/laravel/framework/src/Illuminate/Foundation/Http/Middleware/TransformsRequest.php(21): Illuminate/Pipeline/Pipeline->{closure:{closure:Illuminate/Pipeline/Pipeline::carry():194}:195}(Object(Illuminate/Http/Request))
#42 G:/Mursalin_1295365/Laravel/ecommerce/vendor/laravel/framework/src/Illuminate/Foundation/Http/Middleware/TrimStrings.php(51): Illuminate/Foundation/Http/Middleware/TransformsRequest->handle(Object(Illuminate/Http/Request), Object(Closure))
#43 G:/Mursalin_1295365/Laravel/ecommerce/vendor/laravel/framework/src/Illuminate/Pipeline/Pipeline.php(219): Illuminate/Foundation/Http/Middleware/TrimStrings->handle(Object(Illuminate/Http/Request), Object(Closure))
#44 G:/Mursalin_1295365/Laravel/ecommerce/vendor/laravel/framework/src/Illuminate/Http/Middleware/ValidatePostSize.php(27): Illuminate/Pipeline/Pipeline->{closure:{closure:Illuminate/Pipeline/Pipeline::carry():194}:195}(Object(Illuminate/Http/Request))
#45 G:/Mursalin_1295365/Laravel/ecommerce/vendor/laravel/framework/src/Illuminate/Pipeline/Pipeline.php(219): Illuminate/Http/Middleware/ValidatePostSize->handle(Object(Illuminate/Http/Request), Object(Closure))
#46 G:/Mursalin_1295365/Laravel/ecommerce/vendor/laravel/framework/src/Illuminate/Foundation/Http/Middleware/PreventRequestsDuringMaintenance.php(110): Illuminate/Pipeline/Pipeline->{closure:{closure:Illuminate/Pipeline/Pipeline::carry():194}:195}(Object(Illuminate/Http/Request))
#47 G:/Mursalin_1295365/Laravel/ecommerce/vendor/laravel/framework/src/Illuminate/Pipeline/Pipeline.php(219): Illuminate/Foundation/Http/Middleware/PreventRequestsDuringMaintenance->handle(Object(Illuminate/Http/Request), Object(Closure))
#48 G:/Mursalin_1295365/Laravel/ecommerce/vendor/laravel/framework/src/Illuminate/Http/Middleware/HandleCors.php(61): Illuminate/Pipeline/Pipeline->{closure:{closure:Illuminate/Pipeline/Pipeline::carry():194}:195}(Object(Illuminate/Http/Request))
#49 G:/Mursalin_1295365/Laravel/ecommerce/vendor/laravel/framework/src/Illuminate/Pipeline/Pipeline.php(219): Illuminate/Http/Middleware/HandleCors->handle(Object(Illuminate/Http/Request), Object(Closure))
#50 G:/Mursalin_1295365/Laravel/ecommerce/vendor/laravel/framework/src/Illuminate/Http/Middleware/TrustProxies.php(58): Illuminate/Pipeline/Pipeline->{closure:{closure:Illuminate/Pipeline/Pipeline::carry():194}:195}(Object(Illuminate/Http/Request))
#51 G:/Mursalin_1295365/Laravel/ecommerce/vendor/laravel/framework/src/Illuminate/Pipeline/Pipeline.php(219): Illuminate/Http/Middleware/TrustProxies->handle(Object(Illuminate/Http/Request), Object(Closure))
#52 G:/Mursalin_1295365/Laravel/ecommerce/vendor/laravel/framework/src/Illuminate/Foundation/Http/Middleware/InvokeDeferredCallbacks.php(22): Illuminate/Pipeline/Pipeline->{closure:{closure:Illuminate/Pipeline/Pipeline::carry():194}:195}(Object(Illuminate/Http/Request))
#53 G:/Mursalin_1295365/Laravel/ecommerce/vendor/laravel/framework/src/Illuminate/Pipeline/Pipeline.php(219): Illuminate/Foundation/Http/Middleware/InvokeDeferredCallbacks->handle(Object(Illuminate/Http/Request), Object(Closure))
#54 G:/Mursalin_1295365/Laravel/ecommerce/vendor/laravel/framework/src/Illuminate/Http/Middleware/ValidatePathEncoding.php(28): Illuminate/Pipeline/Pipeline->{closure:{closure:Illuminate/Pipeline/Pipeline::carry():194}:195}(Object(Illuminate/Http/Request))
#55 G:/Mursalin_1295365/Laravel/ecommerce/vendor/laravel/framework/src/Illuminate/Pipeline/Pipeline.php(219): Illuminate/Http/Middleware/ValidatePathEncoding->handle(Object(Illuminate/Http/Request), Object(Closure))
#56 G:/Mursalin_1295365/Laravel/ecommerce/vendor/laravel/framework/src/Illuminate/Pipeline/Pipeline.php(137): Illuminate/Pipeline/Pipeline->{closure:{closure:Illuminate/Pipeline/Pipeline::carry():194}:195}(Object(Illuminate/Http/Request))
#57 G:/Mursalin_1295365/Laravel/ecommerce/vendor/laravel/framework/src/Illuminate/Foundation/Http/Kernel.php(175): Illuminate/Pipeline/Pipeline->then(Object(Closure))
#58 G:/Mursalin_1295365/Laravel/ecommerce/vendor/laravel/framework/src/Illuminate/Foundation/Http/Kernel.php(144): Illuminate/Foundation/Http/Kernel->sendRequestThroughRouter(Object(Illuminate/Http/Request))
#59 G:/Mursalin_1295365/Laravel/ecommerce/vendor/laravel/framework/src/Illuminate/Foundation/Application.php(1227): Illuminate/Foundation/Http/Kernel->handle(Object(Illuminate/Http/Request))
#60 G:/Mursalin_1295365/Laravel/ecommerce/public/index.php(20): Illuminate/Foundation/Application->handleRequest(Object(Illuminate/Http/Request))
#61 C:/Program Files/Herd/resources/app.asar.unpacked/resources/valet/server.php(140): require('G://Mursalin_129...')
#62 {main}

[previous exception] [object] (PDOException(code: HY000): SQLSTATE[HY000]: General error: 1 no such table: orders at G:/Mursalin_1295365/Laravel/ecommerce/vendor/laravel/framework/src/Illuminate/Database/Connection.php:435)
[stacktrace]
#0 G:/Mursalin_1295365/Laravel/ecommerce/vendor/laravel/framework/src/Illuminate/Database/Connection.php(435): PDO->prepare('select count(*)...')
#1 G:/Mursalin_1295365/Laravel/ecommerce/vendor/laravel/framework/src/Illuminate/Database/Connection.php(846): Illuminate/Database/Connection->{closure:Illuminate/Database/Connection::select():426}('select count(*)...', Array)
#2 G:/Mursalin_1295365/Laravel/ecommerce/vendor/laravel/framework/src/Illuminate/Database/Connection.php(813): Illuminate/Database/Connection->runQueryCallback('select count(*)...', Array, Object(Closure))
#3 G:/Mursalin_1295365/Laravel/ecommerce/vendor/laravel/framework/src/Illuminate/Database/Connection.php(426): Illuminate/Database/Connection->run('select count(*)...', Array, Object(Closure))
#4 G:/Mursalin_1295365/Laravel/ecommerce/vendor/laravel/framework/src/Illuminate/Database/Query/Builder.php(3629): Illuminate/Database/Connection->select('select count(*)...', Array, true, Array)
#5 G:/Mursalin_1295365/Laravel/ecommerce/vendor/laravel/framework/src/Illuminate/Database/Query/Builder.php(3613): Illuminate/Database/Query/Builder->runSelect()
#6 G:/Mursalin_1295365/Laravel/ecommerce/vendor/laravel/framework/src/Illuminate/Database/Query/Builder.php(4129): Illuminate/Database/Query/Builder->get(Array)
#7 G:/Mursalin_1295365/Laravel/ecommerce/vendor/laravel/framework/src/Illuminate/Database/Query/Builder.php(4057): Illuminate/Database/Query/Builder->aggregate('count', Array)
#8 G:/Mursalin_1295365/Laravel/ecommerce/vendor/laravel/framework/src/Illuminate/Database/Eloquent/Builder.php(2336): Illuminate/Database/Query/Builder->count()
#9 G:/Mursalin_1295365/Laravel/ecommerce/vendor/laravel/framework/src/Illuminate/Support/Traits/ForwardsCalls.php(23): Illuminate/Database/Eloquent/Builder->__call('count', Array)
#10 G:/Mursalin_1295365/Laravel/ecommerce/vendor/laravel/framework/src/Illuminate/Database/Eloquent/Model.php(2866): Illuminate/Database/Eloquent/Model->forwardCallTo(Object(Illuminate/Database/Eloquent/Builder), 'count', Array)
#11 G:/Mursalin_1295365/Laravel/ecommerce/vendor/laravel/framework/src/Illuminate/Database/Eloquent/Model.php(2882): Illuminate/Database/Eloquent/Model->__call('count', Array)
#12 G:/Mursalin_1295365/Laravel/ecommerce/app/Http/Controllers/DashboardController.php(16): Illuminate/Database/Eloquent/Model::__callStatic('count', Array)
#13 G:/Mursalin_1295365/Laravel/ecommerce/vendor/laravel/framework/src/Illuminate/Routing/ControllerDispatcher.php(46): App/Http/Controllers/DashboardController->__invoke()
#14 G:/Mursalin_1295365/Laravel/ecommerce/vendor/laravel/framework/src/Illuminate/Routing/Route.php(276): Illuminate/Routing/ControllerDispatcher->dispatch(Object(Illuminate/Routing/Route), Object(App/Http/Controllers/DashboardController), '__invoke')
#15 G:/Mursalin_1295365/Laravel/ecommerce/vendor/laravel/framework/src/Illuminate/Routing/Route.php(216): Illuminate/Routing/Route->runController()
#16 G:/Mursalin_1295365/Laravel/ecommerce/vendor/laravel/framework/src/Illuminate/Routing/Router.php(822): Illuminate/Routing/Route->run()
#17 G:/Mursalin_1295365/Laravel/ecommerce/vendor/laravel/framework/src/Illuminate/Pipeline/Pipeline.php(180): Illuminate/Routing/Router->{closure:Illuminate/Routing/Router::runRouteWithinStack():821}(Object(Illuminate/Http/Request))
#18 G:/Mursalin_1295365/Laravel/ecommerce/vendor/laravel/boost/src/Middleware/InjectBoost.php(22): Illuminate/Pipeline/Pipeline->{closure:Illuminate/Pipeline/Pipeline::prepareDestination():178}(Object(Illuminate/Http/Request))
#19 G:/Mursalin_1295365/Laravel/ecommerce/vendor/laravel/framework/src/Illuminate/Pipeline/Pipeline.php(219): Laravel/Boost/Middleware/InjectBoost->handle(Object(Illuminate/Http/Request), Object(Closure))
#20 G:/Mursalin_1295365/Laravel/ecommerce/vendor/laravel/framework/src/Illuminate/Routing/Middleware/SubstituteBindings.php(52): Illuminate/Pipeline/Pipeline->{closure:{closure:Illuminate/Pipeline/Pipeline::carry():194}:195}(Object(Illuminate/Http/Request))
#21 G:/Mursalin_1295365/Laravel/ecommerce/vendor/laravel/framework/src/Illuminate/Pipeline/Pipeline.php(219): Illuminate/Routing/Middleware/SubstituteBindings->handle(Object(Illuminate/Http/Request), Object(Closure))
#22 G:/Mursalin_1295365/Laravel/ecommerce/vendor/laravel/framework/src/Illuminate/Foundation/Http/Middleware/PreventRequestForgery.php(104): Illuminate/Pipeline/Pipeline->{closure:{closure:Illuminate/Pipeline/Pipeline::carry():194}:195}(Object(Illuminate/Http/Request))
#23 G:/Mursalin_1295365/Laravel/ecommerce/vendor/laravel/framework/src/Illuminate/Pipeline/Pipeline.php(219): Illuminate/Foundation/Http/Middleware/PreventRequestForgery->handle(Object(Illuminate/Http/Request), Object(Closure))
#24 G:/Mursalin_1295365/Laravel/ecommerce/vendor/laravel/framework/src/Illuminate/View/Middleware/ShareErrorsFromSession.php(48): Illuminate/Pipeline/Pipeline->{closure:{closure:Illuminate/Pipeline/Pipeline::carry():194}:195}(Object(Illuminate/Http/Request))
#25 G:/Mursalin_1295365/Laravel/ecommerce/vendor/laravel/framework/src/Illuminate/Pipeline/Pipeline.php(219): Illuminate/View/Middleware/ShareErrorsFromSession->handle(Object(Illuminate/Http/Request), Object(Closure))
#26 G:/Mursalin_1295365/Laravel/ecommerce/vendor/laravel/framework/src/Illuminate/Session/Middleware/StartSession.php(120): Illuminate/Pipeline/Pipeline->{closure:{closure:Illuminate/Pipeline/Pipeline::carry():194}:195}(Object(Illuminate/Http/Request))
#27 G:/Mursalin_1295365/Laravel/ecommerce/vendor/laravel/framework/src/Illuminate/Session/Middleware/StartSession.php(63): Illuminate/Session/Middleware/StartSession->handleStatefulRequest(Object(Illuminate/Http/Request), Object(Illuminate/Session/Store), Object(Closure))
#28 G:/Mursalin_1295365/Laravel/ecommerce/vendor/laravel/framework/src/Illuminate/Pipeline/Pipeline.php(219): Illuminate/Session/Middleware/StartSession->handle(Object(Illuminate/Http/Request), Object(Closure))
#29 G:/Mursalin_1295365/Laravel/ecommerce/vendor/laravel/framework/src/Illuminate/Cookie/Middleware/AddQueuedCookiesToResponse.php(36): Illuminate/Pipeline/Pipeline->{closure:{closure:Illuminate/Pipeline/Pipeline::carry():194}:195}(Object(Illuminate/Http/Request))
#30 G:/Mursalin_1295365/Laravel/ecommerce/vendor/laravel/framework/src/Illuminate/Pipeline/Pipeline.php(219): Illuminate/Cookie/Middleware/AddQueuedCookiesToResponse->handle(Object(Illuminate/Http/Request), Object(Closure))
#31 G:/Mursalin_1295365/Laravel/ecommerce/vendor/laravel/framework/src/Illuminate/Cookie/Middleware/EncryptCookies.php(74): Illuminate/Pipeline/Pipeline->{closure:{closure:Illuminate/Pipeline/Pipeline::carry():194}:195}(Object(Illuminate/Http/Request))
#32 G:/Mursalin_1295365/Laravel/ecommerce/vendor/laravel/framework/src/Illuminate/Pipeline/Pipeline.php(219): Illuminate/Cookie/Middleware/EncryptCookies->handle(Object(Illuminate/Http/Request), Object(Closure))
#33 G:/Mursalin_1295365/Laravel/ecommerce/vendor/laravel/framework/src/Illuminate/Pipeline/Pipeline.php(137): Illuminate/Pipeline/Pipeline->{closure:{closure:Illuminate/Pipeline/Pipeline::carry():194}:195}(Object(Illuminate/Http/Request))
#34 G:/Mursalin_1295365/Laravel/ecommerce/vendor/laravel/framework/src/Illuminate/Routing/Router.php(821): Illuminate/Pipeline/Pipeline->then(Object(Closure))
#35 G:/Mursalin_1295365/Laravel/ecommerce/vendor/laravel/framework/src/Illuminate/Routing/Router.php(800): Illuminate/Routing/Router->runRouteWithinStack(Object(Illuminate/Routing/Route), Object(Illuminate/Http/Request))
#36 G:/Mursalin_1295365/Laravel/ecommerce/vendor/laravel/framework/src/Illuminate/Routing/Router.php(764): Illuminate/Routing/Router->runRoute(Object(Illuminate/Http/Request), Object(Illuminate/Routing/Route))
#37 G:/Mursalin_1295365/Laravel/ecommerce/vendor/laravel/framework/src/Illuminate/Routing/Router.php(753): Illuminate/Routing/Router->dispatchToRoute(Object(Illuminate/Http/Request))
#38 G:/Mursalin_1295365/Laravel/ecommerce/vendor/laravel/framework/src/Illuminate/Foundation/Http/Kernel.php(200): Illuminate/Routing/Router->dispatch(Object(Illuminate/Http/Request))
#39 G:/Mursalin_1295365/Laravel/ecommerce/vendor/laravel/framework/src/Illuminate/Pipeline/Pipeline.php(180): Illuminate/Foundation/Http/Kernel->{closure:Illuminate/Foundation/Http/Kernel::dispatchToRouter():197}(Object(Illuminate/Http/Request))
#40 G:/Mursalin_1295365/Laravel/ecommerce/vendor/laravel/framework/src/Illuminate/Foundation/Http/Middleware/TransformsRequest.php(21): Illuminate/Pipeline/Pipeline->{closure:Illuminate/Pipeline/Pipeline::prepareDestination():178}(Object(Illuminate/Http/Request))
#41 G:/Mursalin_1295365/Laravel/ecommerce/vendor/laravel/framework/src/Illuminate/Foundation/Http/Middleware/ConvertEmptyStringsToNull.php(31): Illuminate/Foundation/Http/Middleware/TransformsRequest->handle(Object(Illuminate/Http/Request), Object(Closure))
#42 G:/Mursalin_1295365/Laravel/ecommerce/vendor/laravel/framework/src/Illuminate/Pipeline/Pipeline.php(219): Illuminate/Foundation/Http/Middleware/ConvertEmptyStringsToNull->handle(Object(Illuminate/Http/Request), Object(Closure))
#43 G:/Mursalin_1295365/Laravel/ecommerce/vendor/laravel/framework/src/Illuminate/Foundation/Http/Middleware/TransformsRequest.php(21): Illuminate/Pipeline/Pipeline->{closure:{closure:Illuminate/Pipeline/Pipeline::carry():194}:195}(Object(Illuminate/Http/Request))
#44 G:/Mursalin_1295365/Laravel/ecommerce/vendor/laravel/framework/src/Illuminate/Foundation/Http/Middleware/TrimStrings.php(51): Illuminate/Foundation/Http/Middleware/TransformsRequest->handle(Object(Illuminate/Http/Request), Object(Closure))
#45 G:/Mursalin_1295365/Laravel/ecommerce/vendor/laravel/framework/src/Illuminate/Pipeline/Pipeline.php(219): Illuminate/Foundation/Http/Middleware/TrimStrings->handle(Object(Illuminate/Http/Request), Object(Closure))
#46 G:/Mursalin_1295365/Laravel/ecommerce/vendor/laravel/framework/src/Illuminate/Http/Middleware/ValidatePostSize.php(27): Illuminate/Pipeline/Pipeline->{closure:{closure:Illuminate/Pipeline/Pipeline::carry():194}:195}(Object(Illuminate/Http/Request))
#47 G:/Mursalin_1295365/Laravel/ecommerce/vendor/laravel/framework/src/Illuminate/Pipeline/Pipeline.php(219): Illuminate/Http/Middleware/ValidatePostSize->handle(Object(Illuminate/Http/Request), Object(Closure))
#48 G:/Mursalin_1295365/Laravel/ecommerce/vendor/laravel/framework/src/Illuminate/Foundation/Http/Middleware/PreventRequestsDuringMaintenance.php(110): Illuminate/Pipeline/Pipeline->{closure:{closure:Illuminate/Pipeline/Pipeline::carry():194}:195}(Object(Illuminate/Http/Request))
#49 G:/Mursalin_1295365/Laravel/ecommerce/vendor/laravel/framework/src/Illuminate/Pipeline/Pipeline.php(219): Illuminate/Foundation/Http/Middleware/PreventRequestsDuringMaintenance->handle(Object(Illuminate/Http/Request), Object(Closure))
#50 G:/Mursalin_1295365/Laravel/ecommerce/vendor/laravel/framework/src/Illuminate/Http/Middleware/HandleCors.php(61): Illuminate/Pipeline/Pipeline->{closure:{closure:Illuminate/Pipeline/Pipeline::carry():194}:195}(Object(Illuminate/Http/Request))
#51 G:/Mursalin_1295365/Laravel/ecommerce/vendor/laravel/framework/src/Illuminate/Pipeline/Pipeline.php(219): Illuminate/Http/Middleware/HandleCors->handle(Object(Illuminate/Http/Request), Object(Closure))
#52 G:/Mursalin_1295365/Laravel/ecommerce/vendor/laravel/framework/src/Illuminate/Http/Middleware/TrustProxies.php(58): Illuminate/Pipeline/Pipeline->{closure:{closure:Illuminate/Pipeline/Pipeline::carry():194}:195}(Object(Illuminate/Http/Request))
#53 G:/Mursalin_1295365/Laravel/ecommerce/vendor/laravel/framework/src/Illuminate/Pipeline/Pipeline.php(219): Illuminate/Http/Middleware/TrustProxies->handle(Object(Illuminate/Http/Request), Object(Closure))
#54 G:/Mursalin_1295365/Laravel/ecommerce/vendor/laravel/framework/src/Illuminate/Foundation/Http/Middleware/InvokeDeferredCallbacks.php(22): Illuminate/Pipeline/Pipeline->{closure:{closure:Illuminate/Pipeline/Pipeline::carry():194}:195}(Object(Illuminate/Http/Request))
#55 G:/Mursalin_1295365/Laravel/ecommerce/vendor/laravel/framework/src/Illuminate/Pipeline/Pipeline.php(219): Illuminate/Foundation/Http/Middleware/InvokeDeferredCallbacks->handle(Object(Illuminate/Http/Request), Object(Closure))
#56 G:/Mursalin_1295365/Laravel/ecommerce/vendor/laravel/framework/src/Illuminate/Http/Middleware/ValidatePathEncoding.php(28): Illuminate/Pipeline/Pipeline->{closure:{closure:Illuminate/Pipeline/Pipeline::carry():194}:195}(Object(Illuminate/Http/Request))
#57 G:/Mursalin_1295365/Laravel/ecommerce/vendor/laravel/framework/src/Illuminate/Pipeline/Pipeline.php(219): Illuminate/Http/Middleware/ValidatePathEncoding->handle(Object(Illuminate/Http/Request), Object(Closure))
#58 G:/Mursalin_1295365/Laravel/ecommerce/vendor/laravel/framework/src/Illuminate/Pipeline/Pipeline.php(137): Illuminate/Pipeline/Pipeline->{closure:{closure:Illuminate/Pipeline/Pipeline::carry():194}:195}(Object(Illuminate/Http/Request))
#59 G:/Mursalin_1295365/Laravel/ecommerce/vendor/laravel/framework/src/Illuminate/Foundation/Http/Kernel.php(175): Illuminate/Pipeline/Pipeline->then(Object(Closure))
#60 G:/Mursalin_1295365/Laravel/ecommerce/vendor/laravel/framework/src/Illuminate/Foundation/Http/Kernel.php(144): Illuminate/Foundation/Http/Kernel->sendRequestThroughRouter(Object(Illuminate/Http/Request))
#61 G:/Mursalin_1295365/Laravel/ecommerce/vendor/laravel/framework/src/Illuminate/Foundation/Application.php(1227): Illuminate/Foundation/Http/Kernel->handle(Object(Illuminate/Http/Request))
#62 G:/Mursalin_1295365/Laravel/ecommerce/public/index.php(20): Illuminate/Foundation/Application->handleRequest(Object(Illuminate/Http/Request))
#63 C:/Program Files/Herd/resources/app.asar.unpacked/resources/valet/server.php(140): require('G://Mursalin_129...')
#64 {main}
"} 
[2026-09-20 04:59:54] local.ERROR: SQLSTATE[42S22]: Column not found: 1054 Unknown column 'updated_at' in 'field list' (Connection: mysql, Host: 127.0.0.1, Port: 3306, Database: ecommerce, SQL: insert into `products` (`category_id`, `brand_id`, `name`, `slug`, `description`, `is_active`, `updated_at`, `created_at`) values (3, 1, Mursalin X1 Smartphone, mursalin-x1-smartphone, A demo smartphone product for the first store flow., 1, 2026-09-20 04:59:54, 2026-09-20 04:59:54)) {"exception":"[object] (Illuminate\\Database\\QueryException(code: 42S22): SQLSTATE[42S22]: Column not found: 1054 Unknown column 'updated_at' in 'field list' (Connection: mysql, Host: 127.0.0.1, Port: 3306, Database: ecommerce, SQL: insert into `products` (`category_id`, `brand_id`, `name`, `slug`, `description`, `is_active`, `updated_at`, `created_at`) values (3, 1, Mursalin X1 Smartphone, mursalin-x1-smartphone, A demo smartphone product for the first store flow., 1, 2026-09-20 04:59:54, 2026-09-20 04:59:54)) at G:/Mursalin_1295365/Laravel/ecommerce/vendor/laravel/framework/src/Illuminate/Database/Connection.php:857)
[stacktrace]
#0 G:/Mursalin_1295365/Laravel/ecommerce/vendor/laravel/framework/src/Illuminate/Database/Connection.php(813): Illuminate/Database/Connection->runQueryCallback('insert into `pr...', Array, Object(Closure))
#1 G:/Mursalin_1295365/Laravel/ecommerce/vendor/laravel/framework/src/Illuminate/Database/MySqlConnection.php(42): Illuminate/Database/Connection->run('insert into `pr...', Array, Object(Closure))
#2 G:/Mursalin_1295365/Laravel/ecommerce/vendor/laravel/framework/src/Illuminate/Database/Query/Processors/MySqlProcessor.php(35): Illuminate/Database/MySqlConnection->insert('insert into `pr...', Array, 'product_id')
#3 G:/Mursalin_1295365/Laravel/ecommerce/vendor/laravel/framework/src/Illuminate/Database/Query/Builder.php(4313): Illuminate/Database/Query/Processors/MySqlProcessor->processInsertGetId(Object(Illuminate/Database/Query/Builder), 'insert into `pr...', Array, 'product_id')
#4 G:/Mursalin_1295365/Laravel/ecommerce/vendor/laravel/framework/src/Illuminate/Database/Eloquent/Builder.php(2336): Illuminate/Database/Query/Builder->insertGetId(Array, 'product_id')
#5 G:/Mursalin_1295365/Laravel/ecommerce/vendor/laravel/framework/src/Illuminate/Database/Eloquent/Model.php(1687): Illuminate/Database/Eloquent/Builder->__call('insertGetId', Array)
#6 G:/Mursalin_1295365/Laravel/ecommerce/vendor/laravel/framework/src/Illuminate/Database/Eloquent/Model.php(1603): Illuminate/Database/Eloquent/Model->insertAndSetId(Object(Illuminate/Database/Eloquent/Builder), Array)
#7 G:/Mursalin_1295365/Laravel/ecommerce/vendor/laravel/framework/src/Illuminate/Database/Eloquent/Model.php(1407): Illuminate/Database/Eloquent/Model->performInsert(Object(Illuminate/Database/Eloquent/Builder))
#8 G:/Mursalin_1295365/Laravel/ecommerce/vendor/laravel/framework/src/Illuminate/Database/Eloquent/Builder.php(1258): Illuminate/Database/Eloquent/Model->save()
#9 G:/Mursalin_1295365/Laravel/ecommerce/vendor/laravel/framework/src/Illuminate/Support/helpers.php(393): Illuminate/Database/Eloquent/Builder->{closure:Illuminate/Database/Eloquent/Builder::create():1257}(Object(App/Models/Product))
#10 G:/Mursalin_1295365/Laravel/ecommerce/vendor/laravel/framework/src/Illuminate/Database/Eloquent/Builder.php(1257): tap(Object(App/Models/Product), Object(Closure))
#11 G:/Mursalin_1295365/Laravel/ecommerce/vendor/laravel/framework/src/Illuminate/Support/Traits/ForwardsCalls.php(23): Illuminate/Database/Eloquent/Builder->create(Array)
#12 G:/Mursalin_1295365/Laravel/ecommerce/vendor/laravel/framework/src/Illuminate/Database/Eloquent/Model.php(2866): Illuminate/Database/Eloquent/Model->forwardCallTo(Object(Illuminate/Database/Eloquent/Builder), 'create', Array)
#13 G:/Mursalin_1295365/Laravel/ecommerce/vendor/laravel/framework/src/Illuminate/Database/Eloquent/Model.php(2882): Illuminate/Database/Eloquent/Model->__call('create', Array)
#14 G:/Mursalin_1295365/Laravel/ecommerce/database/seeders/DatabaseSeeder.php(58): Illuminate/Database/Eloquent/Model::__callStatic('create', Array)
#15 G:/Mursalin_1295365/Laravel/ecommerce/vendor/laravel/framework/src/Illuminate/Container/BoundMethod.php(36): Database/Seeders/DatabaseSeeder->run()
#16 G:/Mursalin_1295365/Laravel/ecommerce/vendor/laravel/framework/src/Illuminate/Container/Util.php(43): Illuminate/Container/BoundMethod::{closure:Illuminate/Container/BoundMethod::call():35}()
#17 G:/Mursalin_1295365/Laravel/ecommerce/vendor/laravel/framework/src/Illuminate/Container/BoundMethod.php(96): Illuminate/Container/Util::unwrapIfClosure(Object(Closure))
#18 G:/Mursalin_1295365/Laravel/ecommerce/vendor/laravel/framework/src/Illuminate/Container/BoundMethod.php(35): Illuminate/Container/BoundMethod::callBoundMethod(Object(Illuminate/Foundation/Application), Array, Object(Closure))
#19 G:/Mursalin_1295365/Laravel/ecommerce/vendor/laravel/framework/src/Illuminate/Container/Container.php(803): Illuminate/Container/BoundMethod::call(Object(Illuminate/Foundation/Application), Array, Array, NULL)
#20 G:/Mursalin_1295365/Laravel/ecommerce/vendor/laravel/framework/src/Illuminate/Database/Seeder.php(184): Illuminate/Container/Container->call(Array, Array)
#21 G:/Mursalin_1295365/Laravel/ecommerce/vendor/laravel/framework/src/Illuminate/Database/Seeder.php(191): Illuminate/Database/Seeder->{closure:Illuminate/Database/Seeder::__invoke():183}()
#22 G:/Mursalin_1295365/Laravel/ecommerce/vendor/laravel/framework/src/Illuminate/Database/Console/Seeds/SeedCommand.php(89): Illuminate/Database/Seeder->__invoke()
#23 G:/Mursalin_1295365/Laravel/ecommerce/vendor/laravel/framework/src/Illuminate/Database/Eloquent/Concerns/GuardsAttributes.php(188): Illuminate/Database/Console/Seeds/SeedCommand->{closure:Illuminate/Database/Console/Seeds/SeedCommand::handle():88}()
#24 G:/Mursalin_1295365/Laravel/ecommerce/vendor/laravel/framework/src/Illuminate/Database/Console/Seeds/SeedCommand.php(88): Illuminate/Database/Eloquent/Model::unguarded(Object(Closure))
#25 G:/Mursalin_1295365/Laravel/ecommerce/vendor/laravel/framework/src/Illuminate/Container/BoundMethod.php(36): Illuminate/Database/Console/Seeds/SeedCommand->handle()
#26 G:/Mursalin_1295365/Laravel/ecommerce/vendor/laravel/framework/src/Illuminate/Container/Util.php(43): Illuminate/Container/BoundMethod::{closure:Illuminate/Container/BoundMethod::call():35}()
#27 G:/Mursalin_1295365/Laravel/ecommerce/vendor/laravel/framework/src/Illuminate/Container/BoundMethod.php(96): Illuminate/Container/Util::unwrapIfClosure(Object(Closure))
#28 G:/Mursalin_1295365/Laravel/ecommerce/vendor/laravel/framework/src/Illuminate/Container/BoundMethod.php(35): Illuminate/Container/BoundMethod::callBoundMethod(Object(Illuminate/Foundation/Application), Array, Object(Closure))
#29 G:/Mursalin_1295365/Laravel/ecommerce/vendor/laravel/framework/src/Illuminate/Container/Container.php(803): Illuminate/Container/BoundMethod::call(Object(Illuminate/Foundation/Application), Array, Array, NULL)
#30 G:/Mursalin_1295365/Laravel/ecommerce/vendor/laravel/framework/src/Illuminate/Console/Command.php(292): Illuminate/Container/Container->call(Array)
#31 G:/Mursalin_1295365/Laravel/ecommerce/vendor/symfony/console/Command/Command.php(285): Illuminate/Console/Command->execute(Object(Symfony/Component/Console/Input/ArrayInput), Object(Illuminate/Console/OutputStyle))
#32 G:/Mursalin_1295365/Laravel/ecommerce/vendor/laravel/framework/src/Illuminate/Console/Command.php(261): Symfony/Component/Console/Command/Command->run(Object(Symfony/Component/Console/Input/ArrayInput), Object(Illuminate/Console/OutputStyle))
#33 G:/Mursalin_1295365/Laravel/ecommerce/vendor/laravel/framework/src/Illuminate/Console/Concerns/CallsCommands.php(68): Illuminate/Console/Command->run(Object(Symfony/Component/Console/Input/ArrayInput), Object(Illuminate/Console/OutputStyle))
#34 G:/Mursalin_1295365/Laravel/ecommerce/vendor/laravel/framework/src/Illuminate/Console/Concerns/CallsCommands.php(29): Illuminate/Console/Command->runCommand('db:seed', Array, Object(Illuminate/Console/OutputStyle))
#35 G:/Mursalin_1295365/Laravel/ecommerce/vendor/laravel/framework/src/Illuminate/Database/Console/Migrations/FreshCommand.php(136): Illuminate/Console/Command->call('db:seed', Array)
#36 G:/Mursalin_1295365/Laravel/ecommerce/vendor/laravel/framework/src/Illuminate/Database/Console/Migrations/FreshCommand.php(112): Illuminate/Database/Console/Migrations/FreshCommand->runSeeder(NULL)
#37 G:/Mursalin_1295365/Laravel/ecommerce/vendor/laravel/framework/src/Illuminate/Container/BoundMethod.php(36): Illuminate/Database/Console/Migrations/FreshCommand->handle()
#38 G:/Mursalin_1295365/Laravel/ecommerce/vendor/laravel/framework/src/Illuminate/Container/Util.php(43): Illuminate/Container/BoundMethod::{closure:Illuminate/Container/BoundMethod::call():35}()
#39 G:/Mursalin_1295365/Laravel/ecommerce/vendor/laravel/framework/src/Illuminate/Container/BoundMethod.php(96): Illuminate/Container/Util::unwrapIfClosure(Object(Closure))
#40 G:/Mursalin_1295365/Laravel/ecommerce/vendor/laravel/framework/src/Illuminate/Container/BoundMethod.php(35): Illuminate/Container/BoundMethod::callBoundMethod(Object(Illuminate/Foundation/Application), Array, Object(Closure))
#41 G:/Mursalin_1295365/Laravel/ecommerce/vendor/laravel/framework/src/Illuminate/Container/Container.php(803): Illuminate/Container/BoundMethod::call(Object(Illuminate/Foundation/Application), Array, Array, NULL)
#42 G:/Mursalin_1295365/Laravel/ecommerce/vendor/laravel/framework/src/Illuminate/Console/Command.php(292): Illuminate/Container/Container->call(Array)
#43 G:/Mursalin_1295365/Laravel/ecommerce/vendor/symfony/console/Command/Command.php(285): Illuminate/Console/Command->execute(Object(Symfony/Component/Console/Input/ArgvInput), Object(Illuminate/Console/OutputStyle))
#44 G:/Mursalin_1295365/Laravel/ecommerce/vendor/laravel/framework/src/Illuminate/Console/Command.php(261): Symfony/Component/Console/Command/Command->run(Object(Symfony/Component/Console/Input/ArgvInput), Object(Illuminate/Console/OutputStyle))
#45 G:/Mursalin_1295365/Laravel/ecommerce/vendor/symfony/console/Application.php(1144): Illuminate/Console/Command->run(Object(Symfony/Component/Console/Input/ArgvInput), Object(Symfony/Component/Console/Output/ConsoleOutput))
#46 G:/Mursalin_1295365/Laravel/ecommerce/vendor/symfony/console/Application.php(379): Symfony/Component/Console/Application->doRunCommand(Object(Illuminate/Database/Console/Migrations/FreshCommand), Object(Symfony/Component/Console/Input/ArgvInput), Object(Symfony/Component/Console/Output/ConsoleOutput))
#47 G:/Mursalin_1295365/Laravel/ecommerce/vendor/symfony/console/Application.php(218): Symfony/Component/Console/Application->doRun(Object(Symfony/Component/Console/Input/ArgvInput), Object(Symfony/Component/Console/Output/ConsoleOutput))
#48 G:/Mursalin_1295365/Laravel/ecommerce/vendor/laravel/framework/src/Illuminate/Foundation/Console/Kernel.php(198): Symfony/Component/Console/Application->run(Object(Symfony/Component/Console/Input/ArgvInput), Object(Symfony/Component/Console/Output/ConsoleOutput))
#49 G:/Mursalin_1295365/Laravel/ecommerce/vendor/laravel/framework/src/Illuminate/Foundation/Application.php(1242): Illuminate/Foundation/Console/Kernel->handle(Object(Symfony/Component/Console/Input/ArgvInput), Object(Symfony/Component/Console/Output/ConsoleOutput))
#50 G:/Mursalin_1295365/Laravel/ecommerce/artisan(16): Illuminate/Foundation/Application->handleCommand(Object(Symfony/Component/Console/Input/ArgvInput))
#51 {main}

[previous exception] [object] (PDOException(code: 42S22): SQLSTATE[42S22]: Column not found: 1054 Unknown column 'updated_at' in 'field list' at G:/Mursalin_1295365/Laravel/ecommerce/vendor/laravel/framework/src/Illuminate/Database/MySqlConnection.php:47)
[stacktrace]
#0 G:/Mursalin_1295365/Laravel/ecommerce/vendor/laravel/framework/src/Illuminate/Database/MySqlConnection.php(47): PDO->prepare('insert into `pr...')
#1 G:/Mursalin_1295365/Laravel/ecommerce/vendor/laravel/framework/src/Illuminate/Database/Connection.php(846): Illuminate/Database/MySqlConnection->{closure:Illuminate/Database/MySqlConnection::insert():42}('insert into `pr...', Array)
#2 G:/Mursalin_1295365/Laravel/ecommerce/vendor/laravel/framework/src/Illuminate/Database/Connection.php(813): Illuminate/Database/Connection->runQueryCallback('insert into `pr...', Array, Object(Closure))
#3 G:/Mursalin_1295365/Laravel/ecommerce/vendor/laravel/framework/src/Illuminate/Database/MySqlConnection.php(42): Illuminate/Database/Connection->run('insert into `pr...', Array, Object(Closure))
#4 G:/Mursalin_1295365/Laravel/ecommerce/vendor/laravel/framework/src/Illuminate/Database/Query/Processors/MySqlProcessor.php(35): Illuminate/Database/MySqlConnection->insert('insert into `pr...', Array, 'product_id')
#5 G:/Mursalin_1295365/Laravel/ecommerce/vendor/laravel/framework/src/Illuminate/Database/Query/Builder.php(4313): Illuminate/Database/Query/Processors/MySqlProcessor->processInsertGetId(Object(Illuminate/Database/Query/Builder), 'insert into `pr...', Array, 'product_id')
#6 G:/Mursalin_1295365/Laravel/ecommerce/vendor/laravel/framework/src/Illuminate/Database/Eloquent/Builder.php(2336): Illuminate/Database/Query/Builder->insertGetId(Array, 'product_id')
#7 G:/Mursalin_1295365/Laravel/ecommerce/vendor/laravel/framework/src/Illuminate/Database/Eloquent/Model.php(1687): Illuminate/Database/Eloquent/Builder->__call('insertGetId', Array)
#8 G:/Mursalin_1295365/Laravel/ecommerce/vendor/laravel/framework/src/Illuminate/Database/Eloquent/Model.php(1603): Illuminate/Database/Eloquent/Model->insertAndSetId(Object(Illuminate/Database/Eloquent/Builder), Array)
#9 G:/Mursalin_1295365/Laravel/ecommerce/vendor/laravel/framework/src/Illuminate/Database/Eloquent/Model.php(1407): Illuminate/Database/Eloquent/Model->performInsert(Object(Illuminate/Database/Eloquent/Builder))
#10 G:/Mursalin_1295365/Laravel/ecommerce/vendor/laravel/framework/src/Illuminate/Database/Eloquent/Builder.php(1258): Illuminate/Database/Eloquent/Model->save()
#11 G:/Mursalin_1295365/Laravel/ecommerce/vendor/laravel/framework/src/Illuminate/Support/helpers.php(393): Illuminate/Database/Eloquent/Builder->{closure:Illuminate/Database/Eloquent/Builder::create():1257}(Object(App/Models/Product))
#12 G:/Mursalin_1295365/Laravel/ecommerce/vendor/laravel/framework/src/Illuminate/Database/Eloquent/Builder.php(1257): tap(Object(App/Models/Product), Object(Closure))
#13 G:/Mursalin_1295365/Laravel/ecommerce/vendor/laravel/framework/src/Illuminate/Support/Traits/ForwardsCalls.php(23): Illuminate/Database/Eloquent/Builder->create(Array)
#14 G:/Mursalin_1295365/Laravel/ecommerce/vendor/laravel/framework/src/Illuminate/Database/Eloquent/Model.php(2866): Illuminate/Database/Eloquent/Model->forwardCallTo(Object(Illuminate/Database/Eloquent/Builder), 'create', Array)
#15 G:/Mursalin_1295365/Laravel/ecommerce/vendor/laravel/framework/src/Illuminate/Database/Eloquent/Model.php(2882): Illuminate/Database/Eloquent/Model->__call('create', Array)
#16 G:/Mursalin_1295365/Laravel/ecommerce/database/seeders/DatabaseSeeder.php(58): Illuminate/Database/Eloquent/Model::__callStatic('create', Array)
#17 G:/Mursalin_1295365/Laravel/ecommerce/vendor/laravel/framework/src/Illuminate/Container/BoundMethod.php(36): Database/Seeders/DatabaseSeeder->run()
#18 G:/Mursalin_1295365/Laravel/ecommerce/vendor/laravel/framework/src/Illuminate/Container/Util.php(43): Illuminate/Container/BoundMethod::{closure:Illuminate/Container/BoundMethod::call():35}()
#19 G:/Mursalin_1295365/Laravel/ecommerce/vendor/laravel/framework/src/Illuminate/Container/BoundMethod.php(96): Illuminate/Container/Util::unwrapIfClosure(Object(Closure))
#20 G:/Mursalin_1295365/Laravel/ecommerce/vendor/laravel/framework/src/Illuminate/Container/BoundMethod.php(35): Illuminate/Container/BoundMethod::callBoundMethod(Object(Illuminate/Foundation/Application), Array, Object(Closure))
#21 G:/Mursalin_1295365/Laravel/ecommerce/vendor/laravel/framework/src/Illuminate/Container/Container.php(803): Illuminate/Container/BoundMethod::call(Object(Illuminate/Foundation/Application), Array, Array, NULL)
#22 G:/Mursalin_1295365/Laravel/ecommerce/vendor/laravel/framework/src/Illuminate/Database/Seeder.php(184): Illuminate/Container/Container->call(Array, Array)
#23 G:/Mursalin_1295365/Laravel/ecommerce/vendor/laravel/framework/src/Illuminate/Database/Seeder.php(191): Illuminate/Database/Seeder->{closure:Illuminate/Database/Seeder::__invoke():183}()
#24 G:/Mursalin_1295365/Laravel/ecommerce/vendor/laravel/framework/src/Illuminate/Database/Console/Seeds/SeedCommand.php(89): Illuminate/Database/Seeder->__invoke()
#25 G:/Mursalin_1295365/Laravel/ecommerce/vendor/laravel/framework/src/Illuminate/Database/Eloquent/Concerns/GuardsAttributes.php(188): Illuminate/Database/Console/Seeds/SeedCommand->{closure:Illuminate/Database/Console/Seeds/SeedCommand::handle():88}()
#26 G:/Mursalin_1295365/Laravel/ecommerce/vendor/laravel/framework/src/Illuminate/Database/Console/Seeds/SeedCommand.php(88): Illuminate/Database/Eloquent/Model::unguarded(Object(Closure))
#27 G:/Mursalin_1295365/Laravel/ecommerce/vendor/laravel/framework/src/Illuminate/Container/BoundMethod.php(36): Illuminate/Database/Console/Seeds/SeedCommand->handle()
#28 G:/Mursalin_1295365/Laravel/ecommerce/vendor/laravel/framework/src/Illuminate/Container/Util.php(43): Illuminate/Container/BoundMethod::{closure:Illuminate/Container/BoundMethod::call():35}()
#29 G:/Mursalin_1295365/Laravel/ecommerce/vendor/laravel/framework/src/Illuminate/Container/BoundMethod.php(96): Illuminate/Container/Util::unwrapIfClosure(Object(Closure))
#30 G:/Mursalin_1295365/Laravel/ecommerce/vendor/laravel/framework/src/Illuminate/Container/BoundMethod.php(35): Illuminate/Container/BoundMethod::callBoundMethod(Object(Illuminate/Foundation/Application), Array, Object(Closure))
#31 G:/Mursalin_1295365/Laravel/ecommerce/vendor/laravel/framework/src/Illuminate/Container/Container.php(803): Illuminate/Container/BoundMethod::call(Object(Illuminate/Foundation/Application), Array, Array, NULL)
#32 G:/Mursalin_1295365/Laravel/ecommerce/vendor/laravel/framework/src/Illuminate/Console/Command.php(292): Illuminate/Container/Container->call(Array)
#33 G:/Mursalin_1295365/Laravel/ecommerce/vendor/symfony/console/Command/Command.php(285): Illuminate/Console/Command->execute(Object(Symfony/Component/Console/Input/ArrayInput), Object(Illuminate/Console/OutputStyle))
#34 G:/Mursalin_1295365/Laravel/ecommerce/vendor/laravel/framework/src/Illuminate/Console/Command.php(261): Symfony/Component/Console/Command/Command->run(Object(Symfony/Component/Console/Input/ArrayInput), Object(Illuminate/Console/OutputStyle))
#35 G:/Mursalin_1295365/Laravel/ecommerce/vendor/laravel/framework/src/Illuminate/Console/Concerns/CallsCommands.php(68): Illuminate/Console/Command->run(Object(Symfony/Component/Console/Input/ArrayInput), Object(Illuminate/Console/OutputStyle))
#36 G:/Mursalin_1295365/Laravel/ecommerce/vendor/laravel/framework/src/Illuminate/Console/Concerns/CallsCommands.php(29): Illuminate/Console/Command->runCommand('db:seed', Array, Object(Illuminate/Console/OutputStyle))
#37 G:/Mursalin_1295365/Laravel/ecommerce/vendor/laravel/framework/src/Illuminate/Database/Console/Migrations/FreshCommand.php(136): Illuminate/Console/Command->call('db:seed', Array)
#38 G:/Mursalin_1295365/Laravel/ecommerce/vendor/laravel/framework/src/Illuminate/Database/Console/Migrations/FreshCommand.php(112): Illuminate/Database/Console/Migrations/FreshCommand->runSeeder(NULL)
#39 G:/Mursalin_1295365/Laravel/ecommerce/vendor/laravel/framework/src/Illuminate/Container/BoundMethod.php(36): Illuminate/Database/Console/Migrations/FreshCommand->handle()
#40 G:/Mursalin_1295365/Laravel/ecommerce/vendor/laravel/framework/src/Illuminate/Container/Util.php(43): Illuminate/Container/BoundMethod::{closure:Illuminate/Container/BoundMethod::call():35}()
#41 G:/Mursalin_1295365/Laravel/ecommerce/vendor/laravel/framework/src/Illuminate/Container/BoundMethod.php(96): Illuminate/Container/Util::unwrapIfClosure(Object(Closure))
#42 G:/Mursalin_1295365/Laravel/ecommerce/vendor/laravel/framework/src/Illuminate/Container/BoundMethod.php(35): Illuminate/Container/BoundMethod::callBoundMethod(Object(Illuminate/Foundation/Application), Array, Object(Closure))
#43 G:/Mursalin_1295365/Laravel/ecommerce/vendor/laravel/framework/src/Illuminate/Container/Container.php(803): Illuminate/Container/BoundMethod::call(Object(Illuminate/Foundation/Application), Array, Array, NULL)
#44 G:/Mursalin_1295365/Laravel/ecommerce/vendor/laravel/framework/src/Illuminate/Console/Command.php(292): Illuminate/Container/Container->call(Array)
#45 G:/Mursalin_1295365/Laravel/ecommerce/vendor/symfony/console/Command/Command.php(285): Illuminate/Console/Command->execute(Object(Symfony/Component/Console/Input/ArgvInput), Object(Illuminate/Console/OutputStyle))
#46 G:/Mursalin_1295365/Laravel/ecommerce/vendor/laravel/framework/src/Illuminate/Console/Command.php(261): Symfony/Component/Console/Command/Command->run(Object(Symfony/Component/Console/Input/ArgvInput), Object(Illuminate/Console/OutputStyle))
#47 G:/Mursalin_1295365/Laravel/ecommerce/vendor/symfony/console/Application.php(1144): Illuminate/Console/Command->run(Object(Symfony/Component/Console/Input/ArgvInput), Object(Symfony/Component/Console/Output/ConsoleOutput))
#48 G:/Mursalin_1295365/Laravel/ecommerce/vendor/symfony/console/Application.php(379): Symfony/Component/Console/Application->doRunCommand(Object(Illuminate/Database/Console/Migrations/FreshCommand), Object(Symfony/Component/Console/Input/ArgvInput), Object(Symfony/Component/Console/Output/ConsoleOutput))
#49 G:/Mursalin_1295365/Laravel/ecommerce/vendor/symfony/console/Application.php(218): Symfony/Component/Console/Application->doRun(Object(Symfony/Component/Console/Input/ArgvInput), Object(Symfony/Component/Console/Output/ConsoleOutput))
#50 G:/Mursalin_1295365/Laravel/ecommerce/vendor/laravel/framework/src/Illuminate/Foundation/Console/Kernel.php(198): Symfony/Component/Console/Application->run(Object(Symfony/Component/Console/Input/ArgvInput), Object(Symfony/Component/Console/Output/ConsoleOutput))
#51 G:/Mursalin_1295365/Laravel/ecommerce/vendor/laravel/framework/src/Illuminate/Foundation/Application.php(1242): Illuminate/Foundation/Console/Kernel->handle(Object(Symfony/Component/Console/Input/ArgvInput), Object(Symfony/Component/Console/Output/ConsoleOutput))
#52 G:/Mursalin_1295365/Laravel/ecommerce/artisan(16): Illuminate/Foundation/Application->handleCommand(Object(Symfony/Component/Console/Input/ArgvInput))
#53 {main}
"} 
[2026-09-20 05:00:22] local.ERROR: SQLSTATE[42S22]: Column not found: 1054 Unknown column 'id' in 'where clause' (Connection: mysql, Host: 127.0.0.1, Port: 3306, Database: ecommerce, SQL: select count(*) as `aggregate` from `categories` where `id` = 3) {"exception":"[object] (Illuminate\\Database\\QueryException(code: 42S22): SQLSTATE[42S22]: Column not found: 1054 Unknown column 'id' in 'where clause' (Connection: mysql, Host: 127.0.0.1, Port: 3306, Database: ecommerce, SQL: select count(*) as `aggregate` from `categories` where `id` = 3) at G:/Mursalin_1295365/Laravel/ecommerce/vendor/laravel/framework/src/Illuminate/Database/Connection.php:857)
[stacktrace]
#0 G:/Mursalin_1295365/Laravel/ecommerce/vendor/laravel/framework/src/Illuminate/Database/Connection.php(813): Illuminate/Database/Connection->runQueryCallback('select count(*)...', Array, Object(Closure))
#1 G:/Mursalin_1295365/Laravel/ecommerce/vendor/laravel/framework/src/Illuminate/Database/Connection.php(426): Illuminate/Database/Connection->run('select count(*)...', Array, Object(Closure))
#2 G:/Mursalin_1295365/Laravel/ecommerce/vendor/laravel/framework/src/Illuminate/Database/Query/Builder.php(3629): Illuminate/Database/Connection->select('select count(*)...', Array, false, Array)
#3 G:/Mursalin_1295365/Laravel/ecommerce/vendor/laravel/framework/src/Illuminate/Database/Query/Builder.php(3613): Illuminate/Database/Query/Builder->runSelect()
#4 G:/Mursalin_1295365/Laravel/ecommerce/vendor/laravel/framework/src/Illuminate/Database/Query/Builder.php(4129): Illuminate/Database/Query/Builder->get(Array)
#5 G:/Mursalin_1295365/Laravel/ecommerce/vendor/laravel/framework/src/Illuminate/Database/Query/Builder.php(4057): Illuminate/Database/Query/Builder->aggregate('count', Array)
#6 G:/Mursalin_1295365/Laravel/ecommerce/vendor/laravel/framework/src/Illuminate/Validation/DatabasePresenceVerifier.php(53): Illuminate/Database/Query/Builder->count()
#7 G:/Mursalin_1295365/Laravel/ecommerce/vendor/laravel/framework/src/Illuminate/Validation/Concerns/ValidatesAttributes.php(1081): Illuminate/Validation/DatabasePresenceVerifier->getCount('categories', 'id', '3', NULL, NULL, Array)
#8 G:/Mursalin_1295365/Laravel/ecommerce/vendor/laravel/framework/src/Illuminate/Validation/Concerns/ValidatesAttributes.php(1052): Illuminate/Validation/Validator->getExistCount(NULL, 'categories', 'id', '3', Array)
#9 G:/Mursalin_1295365/Laravel/ecommerce/vendor/laravel/framework/src/Illuminate/Validation/Validator.php(733): Illuminate/Validation/Validator->validateExists('category_id', '3', Array, Object(Illuminate/Validation/Validator))
#10 G:/Mursalin_1295365/Laravel/ecommerce/vendor/laravel/framework/src/Illuminate/Validation/Validator.php(488): Illuminate/Validation/Validator->validateAttribute('category_id', 'Exists')
#11 G:/Mursalin_1295365/Laravel/ecommerce/vendor/laravel/framework/src/Illuminate/Validation/Validator.php(523): Illuminate/Validation/Validator->passes()
#12 G:/Mursalin_1295365/Laravel/ecommerce/vendor/laravel/framework/src/Illuminate/Validation/Validator.php(599): Illuminate/Validation/Validator->fails()
#13 G:/Mursalin_1295365/Laravel/ecommerce/vendor/laravel/framework/src/Illuminate/Foundation/Providers/FoundationServiceProvider.php(158): Illuminate/Validation/Validator->validate()
#14 G:/Mursalin_1295365/Laravel/ecommerce/vendor/laravel/framework/src/Illuminate/Macroable/Traits/Macroable.php(132): Illuminate/Http/Request->{closure:Illuminate/Foundation/Providers/FoundationServiceProvider::registerRequestValidation():150}(Array)
#15 G:/Mursalin_1295365/Laravel/ecommerce/app/Http/Controllers/ProductController.php(38): Illuminate/Http/Request->__call('validate', Array)
#16 G:/Mursalin_1295365/Laravel/ecommerce/vendor/laravel/framework/src/Illuminate/Routing/ControllerDispatcher.php(46): App/Http/Controllers/ProductController->store(Object(Illuminate/Http/Request))
#17 G:/Mursalin_1295365/Laravel/ecommerce/vendor/laravel/framework/src/Illuminate/Routing/Route.php(276): Illuminate/Routing/ControllerDispatcher->dispatch(Object(Illuminate/Routing/Route), Object(App/Http/Controllers/ProductController), 'store')
#18 G:/Mursalin_1295365/Laravel/ecommerce/vendor/laravel/framework/src/Illuminate/Routing/Route.php(216): Illuminate/Routing/Route->runController()
#19 G:/Mursalin_1295365/Laravel/ecommerce/vendor/laravel/framework/src/Illuminate/Routing/Router.php(822): Illuminate/Routing/Route->run()
#20 G:/Mursalin_1295365/Laravel/ecommerce/vendor/laravel/framework/src/Illuminate/Pipeline/Pipeline.php(180): Illuminate/Routing/Router->{closure:Illuminate/Routing/Router::runRouteWithinStack():821}(Object(Illuminate/Http/Request))
#21 G:/Mursalin_1295365/Laravel/ecommerce/vendor/laravel/boost/src/Middleware/InjectBoost.php(22): Illuminate/Pipeline/Pipeline->{closure:Illuminate/Pipeline/Pipeline::prepareDestination():178}(Object(Illuminate/Http/Request))
#22 G:/Mursalin_1295365/Laravel/ecommerce/vendor/laravel/framework/src/Illuminate/Pipeline/Pipeline.php(219): Laravel/Boost/Middleware/InjectBoost->handle(Object(Illuminate/Http/Request), Object(Closure))
#23 G:/Mursalin_1295365/Laravel/ecommerce/vendor/laravel/framework/src/Illuminate/Routing/Middleware/SubstituteBindings.php(52): Illuminate/Pipeline/Pipeline->{closure:{closure:Illuminate/Pipeline/Pipeline::carry():194}:195}(Object(Illuminate/Http/Request))
#24 G:/Mursalin_1295365/Laravel/ecommerce/vendor/laravel/framework/src/Illuminate/Pipeline/Pipeline.php(219): Illuminate/Routing/Middleware/SubstituteBindings->handle(Object(Illuminate/Http/Request), Object(Closure))
#25 G:/Mursalin_1295365/Laravel/ecommerce/vendor/laravel/framework/src/Illuminate/Foundation/Http/Middleware/PreventRequestForgery.php(104): Illuminate/Pipeline/Pipeline->{closure:{closure:Illuminate/Pipeline/Pipeline::carry():194}:195}(Object(Illuminate/Http/Request))
#26 G:/Mursalin_1295365/Laravel/ecommerce/vendor/laravel/framework/src/Illuminate/Pipeline/Pipeline.php(219): Illuminate/Foundation/Http/Middleware/PreventRequestForgery->handle(Object(Illuminate/Http/Request), Object(Closure))
#27 G:/Mursalin_1295365/Laravel/ecommerce/vendor/laravel/framework/src/Illuminate/View/Middleware/ShareErrorsFromSession.php(48): Illuminate/Pipeline/Pipeline->{closure:{closure:Illuminate/Pipeline/Pipeline::carry():194}:195}(Object(Illuminate/Http/Request))
#28 G:/Mursalin_1295365/Laravel/ecommerce/vendor/laravel/framework/src/Illuminate/Pipeline/Pipeline.php(219): Illuminate/View/Middleware/ShareErrorsFromSession->handle(Object(Illuminate/Http/Request), Object(Closure))
#29 G:/Mursalin_1295365/Laravel/ecommerce/vendor/laravel/framework/src/Illuminate/Session/Middleware/StartSession.php(120): Illuminate/Pipeline/Pipeline->{closure:{closure:Illuminate/Pipeline/Pipeline::carry():194}:195}(Object(Illuminate/Http/Request))
#30 G:/Mursalin_1295365/Laravel/ecommerce/vendor/laravel/framework/src/Illuminate/Session/Middleware/StartSession.php(63): Illuminate/Session/Middleware/StartSession->handleStatefulRequest(Object(Illuminate/Http/Request), Object(Illuminate/Session/Store), Object(Closure))
#31 G:/Mursalin_1295365/Laravel/ecommerce/vendor/laravel/framework/src/Illuminate/Pipeline/Pipeline.php(219): Illuminate/Session/Middleware/StartSession->handle(Object(Illuminate/Http/Request), Object(Closure))
#32 G:/Mursalin_1295365/Laravel/ecommerce/vendor/laravel/framework/src/Illuminate/Cookie/Middleware/AddQueuedCookiesToResponse.php(36): Illuminate/Pipeline/Pipeline->{closure:{closure:Illuminate/Pipeline/Pipeline::carry():194}:195}(Object(Illuminate/Http/Request))
#33 G:/Mursalin_1295365/Laravel/ecommerce/vendor/laravel/framework/src/Illuminate/Pipeline/Pipeline.php(219): Illuminate/Cookie/Middleware/AddQueuedCookiesToResponse->handle(Object(Illuminate/Http/Request), Object(Closure))
#34 G:/Mursalin_1295365/Laravel/ecommerce/vendor/laravel/framework/src/Illuminate/Cookie/Middleware/EncryptCookies.php(74): Illuminate/Pipeline/Pipeline->{closure:{closure:Illuminate/Pipeline/Pipeline::carry():194}:195}(Object(Illuminate/Http/Request))
#35 G:/Mursalin_1295365/Laravel/ecommerce/vendor/laravel/framework/src/Illuminate/Pipeline/Pipeline.php(219): Illuminate/Cookie/Middleware/EncryptCookies->handle(Object(Illuminate/Http/Request), Object(Closure))
#36 G:/Mursalin_1295365/Laravel/ecommerce/vendor/laravel/framework/src/Illuminate/Pipeline/Pipeline.php(137): Illuminate/Pipeline/Pipeline->{closure:{closure:Illuminate/Pipeline/Pipeline::carry():194}:195}(Object(Illuminate/Http/Request))
#37 G:/Mursalin_1295365/Laravel/ecommerce/vendor/laravel/framework/src/Illuminate/Routing/Router.php(821): Illuminate/Pipeline/Pipeline->then(Object(Closure))
#38 G:/Mursalin_1295365/Laravel/ecommerce/vendor/laravel/framework/src/Illuminate/Routing/Router.php(800): Illuminate/Routing/Router->runRouteWithinStack(Object(Illuminate/Routing/Route), Object(Illuminate/Http/Request))
#39 G:/Mursalin_1295365/Laravel/ecommerce/vendor/laravel/framework/src/Illuminate/Routing/Router.php(764): Illuminate/Routing/Router->runRoute(Object(Illuminate/Http/Request), Object(Illuminate/Routing/Route))
#40 G:/Mursalin_1295365/Laravel/ecommerce/vendor/laravel/framework/src/Illuminate/Routing/Router.php(753): Illuminate/Routing/Router->dispatchToRoute(Object(Illuminate/Http/Request))
#41 G:/Mursalin_1295365/Laravel/ecommerce/vendor/laravel/framework/src/Illuminate/Foundation/Http/Kernel.php(200): Illuminate/Routing/Router->dispatch(Object(Illuminate/Http/Request))
#42 G:/Mursalin_1295365/Laravel/ecommerce/vendor/laravel/framework/src/Illuminate/Pipeline/Pipeline.php(180): Illuminate/Foundation/Http/Kernel->{closure:Illuminate/Foundation/Http/Kernel::dispatchToRouter():197}(Object(Illuminate/Http/Request))
#43 G:/Mursalin_1295365/Laravel/ecommerce/vendor/laravel/framework/src/Illuminate/Foundation/Http/Middleware/TransformsRequest.php(21): Illuminate/Pipeline/Pipeline->{closure:Illuminate/Pipeline/Pipeline::prepareDestination():178}(Object(Illuminate/Http/Request))
#44 G:/Mursalin_1295365/Laravel/ecommerce/vendor/laravel/framework/src/Illuminate/Foundation/Http/Middleware/ConvertEmptyStringsToNull.php(31): Illuminate/Foundation/Http/Middleware/TransformsRequest->handle(Object(Illuminate/Http/Request), Object(Closure))
#45 G:/Mursalin_1295365/Laravel/ecommerce/vendor/laravel/framework/src/Illuminate/Pipeline/Pipeline.php(219): Illuminate/Foundation/Http/Middleware/ConvertEmptyStringsToNull->handle(Object(Illuminate/Http/Request), Object(Closure))
#46 G:/Mursalin_1295365/Laravel/ecommerce/vendor/laravel/framework/src/Illuminate/Foundation/Http/Middleware/TransformsRequest.php(21): Illuminate/Pipeline/Pipeline->{closure:{closure:Illuminate/Pipeline/Pipeline::carry():194}:195}(Object(Illuminate/Http/Request))
#47 G:/Mursalin_1295365/Laravel/ecommerce/vendor/laravel/framework/src/Illuminate/Foundation/Http/Middleware/TrimStrings.php(51): Illuminate/Foundation/Http/Middleware/TransformsRequest->handle(Object(Illuminate/Http/Request), Object(Closure))
#48 G:/Mursalin_1295365/Laravel/ecommerce/vendor/laravel/framework/src/Illuminate/Pipeline/Pipeline.php(219): Illuminate/Foundation/Http/Middleware/TrimStrings->handle(Object(Illuminate/Http/Request), Object(Closure))
#49 G:/Mursalin_1295365/Laravel/ecommerce/vendor/laravel/framework/src/Illuminate/Http/Middleware/ValidatePostSize.php(27): Illuminate/Pipeline/Pipeline->{closure:{closure:Illuminate/Pipeline/Pipeline::carry():194}:195}(Object(Illuminate/Http/Request))
#50 G:/Mursalin_1295365/Laravel/ecommerce/vendor/laravel/framework/src/Illuminate/Pipeline/Pipeline.php(219): Illuminate/Http/Middleware/ValidatePostSize->handle(Object(Illuminate/Http/Request), Object(Closure))
#51 G:/Mursalin_1295365/Laravel/ecommerce/vendor/laravel/framework/src/Illuminate/Foundation/Http/Middleware/PreventRequestsDuringMaintenance.php(110): Illuminate/Pipeline/Pipeline->{closure:{closure:Illuminate/Pipeline/Pipeline::carry():194}:195}(Object(Illuminate/Http/Request))
#52 G:/Mursalin_1295365/Laravel/ecommerce/vendor/laravel/framework/src/Illuminate/Pipeline/Pipeline.php(219): Illuminate/Foundation/Http/Middleware/PreventRequestsDuringMaintenance->handle(Object(Illuminate/Http/Request), Object(Closure))
#53 G:/Mursalin_1295365/Laravel/ecommerce/vendor/laravel/framework/src/Illuminate/Http/Middleware/HandleCors.php(61): Illuminate/Pipeline/Pipeline->{closure:{closure:Illuminate/Pipeline/Pipeline::carry():194}:195}(Object(Illuminate/Http/Request))
#54 G:/Mursalin_1295365/Laravel/ecommerce/vendor/laravel/framework/src/Illuminate/Pipeline/Pipeline.php(219): Illuminate/Http/Middleware/HandleCors->handle(Object(Illuminate/Http/Request), Object(Closure))
#55 G:/Mursalin_1295365/Laravel/ecommerce/vendor/laravel/framework/src/Illuminate/Http/Middleware/TrustProxies.php(58): Illuminate/Pipeline/Pipeline->{closure:{closure:Illuminate/Pipeline/Pipeline::carry():194}:195}(Object(Illuminate/Http/Request))
#56 G:/Mursalin_1295365/Laravel/ecommerce/vendor/laravel/framework/src/Illuminate/Pipeline/Pipeline.php(219): Illuminate/Http/Middleware/TrustProxies->handle(Object(Illuminate/Http/Request), Object(Closure))
#57 G:/Mursalin_1295365/Laravel/ecommerce/vendor/laravel/framework/src/Illuminate/Foundation/Http/Middleware/InvokeDeferredCallbacks.php(22): Illuminate/Pipeline/Pipeline->{closure:{closure:Illuminate/Pipeline/Pipeline::carry():194}:195}(Object(Illuminate/Http/Request))
#58 G:/Mursalin_1295365/Laravel/ecommerce/vendor/laravel/framework/src/Illuminate/Pipeline/Pipeline.php(219): Illuminate/Foundation/Http/Middleware/InvokeDeferredCallbacks->handle(Object(Illuminate/Http/Request), Object(Closure))
#59 G:/Mursalin_1295365/Laravel/ecommerce/vendor/laravel/framework/src/Illuminate/Http/Middleware/ValidatePathEncoding.php(28): Illuminate/Pipeline/Pipeline->{closure:{closure:Illuminate/Pipeline/Pipeline::carry():194}:195}(Object(Illuminate/Http/Request))
#60 G:/Mursalin_1295365/Laravel/ecommerce/vendor/laravel/framework/src/Illuminate/Pipeline/Pipeline.php(219): Illuminate/Http/Middleware/ValidatePathEncoding->handle(Object(Illuminate/Http/Request), Object(Closure))
#61 G:/Mursalin_1295365/Laravel/ecommerce/vendor/laravel/framework/src/Illuminate/Pipeline/Pipeline.php(137): Illuminate/Pipeline/Pipeline->{closure:{closure:Illuminate/Pipeline/Pipeline::carry():194}:195}(Object(Illuminate/Http/Request))
#62 G:/Mursalin_1295365/Laravel/ecommerce/vendor/laravel/framework/src/Illuminate/Foundation/Http/Kernel.php(175): Illuminate/Pipeline/Pipeline->then(Object(Closure))
#63 G:/Mursalin_1295365/Laravel/ecommerce/vendor/laravel/framework/src/Illuminate/Foundation/Http/Kernel.php(144): Illuminate/Foundation/Http/Kernel->sendRequestThroughRouter(Object(Illuminate/Http/Request))
#64 G:/Mursalin_1295365/Laravel/ecommerce/vendor/laravel/framework/src/Illuminate/Foundation/Application.php(1227): Illuminate/Foundation/Http/Kernel->handle(Object(Illuminate/Http/Request))
#65 G:/Mursalin_1295365/Laravel/ecommerce/public/index.php(20): Illuminate/Foundation/Application->handleRequest(Object(Illuminate/Http/Request))
#66 C:/Program Files/Herd/resources/app.asar.unpacked/resources/valet/server.php(140): require('G://Mursalin_129...')
#67 {main}

[previous exception] [object] (PDOException(code: 42S22): SQLSTATE[42S22]: Column not found: 1054 Unknown column 'id' in 'where clause' at G:/Mursalin_1295365/Laravel/ecommerce/vendor/laravel/framework/src/Illuminate/Database/Connection.php:435)
[stacktrace]
#0 G:/Mursalin_1295365/Laravel/ecommerce/vendor/laravel/framework/src/Illuminate/Database/Connection.php(435): PDO->prepare('select count(*)...')
#1 G:/Mursalin_1295365/Laravel/ecommerce/vendor/laravel/framework/src/Illuminate/Database/Connection.php(846): Illuminate/Database/Connection->{closure:Illuminate/Database/Connection::select():426}('select count(*)...', Array)
#2 G:/Mursalin_1295365/Laravel/ecommerce/vendor/laravel/framework/src/Illuminate/Database/Connection.php(813): Illuminate/Database/Connection->runQueryCallback('select count(*)...', Array, Object(Closure))
#3 G:/Mursalin_1295365/Laravel/ecommerce/vendor/laravel/framework/src/Illuminate/Database/Connection.php(426): Illuminate/Database/Connection->run('select count(*)...', Array, Object(Closure))
#4 G:/Mursalin_1295365/Laravel/ecommerce/vendor/laravel/framework/src/Illuminate/Database/Query/Builder.php(3629): Illuminate/Database/Connection->select('select count(*)...', Array, false, Array)
#5 G:/Mursalin_1295365/Laravel/ecommerce/vendor/laravel/framework/src/Illuminate/Database/Query/Builder.php(3613): Illuminate/Database/Query/Builder->runSelect()
#6 G:/Mursalin_1295365/Laravel/ecommerce/vendor/laravel/framework/src/Illuminate/Database/Query/Builder.php(4129): Illuminate/Database/Query/Builder->get(Array)
#7 G:/Mursalin_1295365/Laravel/ecommerce/vendor/laravel/framework/src/Illuminate/Database/Query/Builder.php(4057): Illuminate/Database/Query/Builder->aggregate('count', Array)
#8 G:/Mursalin_1295365/Laravel/ecommerce/vendor/laravel/framework/src/Illuminate/Validation/DatabasePresenceVerifier.php(53): Illuminate/Database/Query/Builder->count()
#9 G:/Mursalin_1295365/Laravel/ecommerce/vendor/laravel/framework/src/Illuminate/Validation/Concerns/ValidatesAttributes.php(1081): Illuminate/Validation/DatabasePresenceVerifier->getCount('categories', 'id', '3', NULL, NULL, Array)
#10 G:/Mursalin_1295365/Laravel/ecommerce/vendor/laravel/framework/src/Illuminate/Validation/Concerns/ValidatesAttributes.php(1052): Illuminate/Validation/Validator->getExistCount(NULL, 'categories', 'id', '3', Array)
#11 G:/Mursalin_1295365/Laravel/ecommerce/vendor/laravel/framework/src/Illuminate/Validation/Validator.php(733): Illuminate/Validation/Validator->validateExists('category_id', '3', Array, Object(Illuminate/Validation/Validator))
#12 G:/Mursalin_1295365/Laravel/ecommerce/vendor/laravel/framework/src/Illuminate/Validation/Validator.php(488): Illuminate/Validation/Validator->validateAttribute('category_id', 'Exists')
#13 G:/Mursalin_1295365/Laravel/ecommerce/vendor/laravel/framework/src/Illuminate/Validation/Validator.php(523): Illuminate/Validation/Validator->passes()
#14 G:/Mursalin_1295365/Laravel/ecommerce/vendor/laravel/framework/src/Illuminate/Validation/Validator.php(599): Illuminate/Validation/Validator->fails()
#15 G:/Mursalin_1295365/Laravel/ecommerce/vendor/laravel/framework/src/Illuminate/Foundation/Providers/FoundationServiceProvider.php(158): Illuminate/Validation/Validator->validate()
#16 G:/Mursalin_1295365/Laravel/ecommerce/vendor/laravel/framework/src/Illuminate/Macroable/Traits/Macroable.php(132): Illuminate/Http/Request->{closure:Illuminate/Foundation/Providers/FoundationServiceProvider::registerRequestValidation():150}(Array)
#17 G:/Mursalin_1295365/Laravel/ecommerce/app/Http/Controllers/ProductController.php(38): Illuminate/Http/Request->__call('validate', Array)
#18 G:/Mursalin_1295365/Laravel/ecommerce/vendor/laravel/framework/src/Illuminate/Routing/ControllerDispatcher.php(46): App/Http/Controllers/ProductController->store(Object(Illuminate/Http/Request))
#19 G:/Mursalin_1295365/Laravel/ecommerce/vendor/laravel/framework/src/Illuminate/Routing/Route.php(276): Illuminate/Routing/ControllerDispatcher->dispatch(Object(Illuminate/Routing/Route), Object(App/Http/Controllers/ProductController), 'store')
#20 G:/Mursalin_1295365/Laravel/ecommerce/vendor/laravel/framework/src/Illuminate/Routing/Route.php(216): Illuminate/Routing/Route->runController()
#21 G:/Mursalin_1295365/Laravel/ecommerce/vendor/laravel/framework/src/Illuminate/Routing/Router.php(822): Illuminate/Routing/Route->run()
#22 G:/Mursalin_1295365/Laravel/ecommerce/vendor/laravel/framework/src/Illuminate/Pipeline/Pipeline.php(180): Illuminate/Routing/Router->{closure:Illuminate/Routing/Router::runRouteWithinStack():821}(Object(Illuminate/Http/Request))
#23 G:/Mursalin_1295365/Laravel/ecommerce/vendor/laravel/boost/src/Middleware/InjectBoost.php(22): Illuminate/Pipeline/Pipeline->{closure:Illuminate/Pipeline/Pipeline::prepareDestination():178}(Object(Illuminate/Http/Request))
#24 G:/Mursalin_1295365/Laravel/ecommerce/vendor/laravel/framework/src/Illuminate/Pipeline/Pipeline.php(219): Laravel/Boost/Middleware/InjectBoost->handle(Object(Illuminate/Http/Request), Object(Closure))
#25 G:/Mursalin_1295365/Laravel/ecommerce/vendor/laravel/framework/src/Illuminate/Routing/Middleware/SubstituteBindings.php(52): Illuminate/Pipeline/Pipeline->{closure:{closure:Illuminate/Pipeline/Pipeline::carry():194}:195}(Object(Illuminate/Http/Request))
#26 G:/Mursalin_1295365/Laravel/ecommerce/vendor/laravel/framework/src/Illuminate/Pipeline/Pipeline.php(219): Illuminate/Routing/Middleware/SubstituteBindings->handle(Object(Illuminate/Http/Request), Object(Closure))
#27 G:/Mursalin_1295365/Laravel/ecommerce/vendor/laravel/framework/src/Illuminate/Foundation/Http/Middleware/PreventRequestForgery.php(104): Illuminate/Pipeline/Pipeline->{closure:{closure:Illuminate/Pipeline/Pipeline::carry():194}:195}(Object(Illuminate/Http/Request))
#28 G:/Mursalin_1295365/Laravel/ecommerce/vendor/laravel/framework/src/Illuminate/Pipeline/Pipeline.php(219): Illuminate/Foundation/Http/Middleware/PreventRequestForgery->handle(Object(Illuminate/Http/Request), Object(Closure))
#29 G:/Mursalin_1295365/Laravel/ecommerce/vendor/laravel/framework/src/Illuminate/View/Middleware/ShareErrorsFromSession.php(48): Illuminate/Pipeline/Pipeline->{closure:{closure:Illuminate/Pipeline/Pipeline::carry():194}:195}(Object(Illuminate/Http/Request))
#30 G:/Mursalin_1295365/Laravel/ecommerce/vendor/laravel/framework/src/Illuminate/Pipeline/Pipeline.php(219): Illuminate/View/Middleware/ShareErrorsFromSession->handle(Object(Illuminate/Http/Request), Object(Closure))
#31 G:/Mursalin_1295365/Laravel/ecommerce/vendor/laravel/framework/src/Illuminate/Session/Middleware/StartSession.php(120): Illuminate/Pipeline/Pipeline->{closure:{closure:Illuminate/Pipeline/Pipeline::carry():194}:195}(Object(Illuminate/Http/Request))
#32 G:/Mursalin_1295365/Laravel/ecommerce/vendor/laravel/framework/src/Illuminate/Session/Middleware/StartSession.php(63): Illuminate/Session/Middleware/StartSession->handleStatefulRequest(Object(Illuminate/Http/Request), Object(Illuminate/Session/Store), Object(Closure))
#33 G:/Mursalin_1295365/Laravel/ecommerce/vendor/laravel/framework/src/Illuminate/Pipeline/Pipeline.php(219): Illuminate/Session/Middleware/StartSession->handle(Object(Illuminate/Http/Request), Object(Closure))
#34 G:/Mursalin_1295365/Laravel/ecommerce/vendor/laravel/framework/src/Illuminate/Cookie/Middleware/AddQueuedCookiesToResponse.php(36): Illuminate/Pipeline/Pipeline->{closure:{closure:Illuminate/Pipeline/Pipeline::carry():194}:195}(Object(Illuminate/Http/Request))
#35 G:/Mursalin_1295365/Laravel/ecommerce/vendor/laravel/framework/src/Illuminate/Pipeline/Pipeline.php(219): Illuminate/Cookie/Middleware/AddQueuedCookiesToResponse->handle(Object(Illuminate/Http/Request), Object(Closure))
#36 G:/Mursalin_1295365/Laravel/ecommerce/vendor/laravel/framework/src/Illuminate/Cookie/Middleware/EncryptCookies.php(74): Illuminate/Pipeline/Pipeline->{closure:{closure:Illuminate/Pipeline/Pipeline::carry():194}:195}(Object(Illuminate/Http/Request))
#37 G:/Mursalin_1295365/Laravel/ecommerce/vendor/laravel/framework/src/Illuminate/Pipeline/Pipeline.php(219): Illuminate/Cookie/Middleware/EncryptCookies->handle(Object(Illuminate/Http/Request), Object(Closure))
#38 G:/Mursalin_1295365/Laravel/ecommerce/vendor/laravel/framework/src/Illuminate/Pipeline/Pipeline.php(137): Illuminate/Pipeline/Pipeline->{closure:{closure:Illuminate/Pipeline/Pipeline::carry():194}:195}(Object(Illuminate/Http/Request))
#39 G:/Mursalin_1295365/Laravel/ecommerce/vendor/laravel/framework/src/Illuminate/Routing/Router.php(821): Illuminate/Pipeline/Pipeline->then(Object(Closure))
#40 G:/Mursalin_1295365/Laravel/ecommerce/vendor/laravel/framework/src/Illuminate/Routing/Router.php(800): Illuminate/Routing/Router->runRouteWithinStack(Object(Illuminate/Routing/Route), Object(Illuminate/Http/Request))
#41 G:/Mursalin_1295365/Laravel/ecommerce/vendor/laravel/framework/src/Illuminate/Routing/Router.php(764): Illuminate/Routing/Router->runRoute(Object(Illuminate/Http/Request), Object(Illuminate/Routing/Route))
#42 G:/Mursalin_1295365/Laravel/ecommerce/vendor/laravel/framework/src/Illuminate/Routing/Router.php(753): Illuminate/Routing/Router->dispatchToRoute(Object(Illuminate/Http/Request))
#43 G:/Mursalin_1295365/Laravel/ecommerce/vendor/laravel/framework/src/Illuminate/Foundation/Http/Kernel.php(200): Illuminate/Routing/Router->dispatch(Object(Illuminate/Http/Request))
#44 G:/Mursalin_1295365/Laravel/ecommerce/vendor/laravel/framework/src/Illuminate/Pipeline/Pipeline.php(180): Illuminate/Foundation/Http/Kernel->{closure:Illuminate/Foundation/Http/Kernel::dispatchToRouter():197}(Object(Illuminate/Http/Request))
#45 G:/Mursalin_1295365/Laravel/ecommerce/vendor/laravel/framework/src/Illuminate/Foundation/Http/Middleware/TransformsRequest.php(21): Illuminate/Pipeline/Pipeline->{closure:Illuminate/Pipeline/Pipeline::prepareDestination():178}(Object(Illuminate/Http/Request))
#46 G:/Mursalin_1295365/Laravel/ecommerce/vendor/laravel/framework/src/Illuminate/Foundation/Http/Middleware/ConvertEmptyStringsToNull.php(31): Illuminate/Foundation/Http/Middleware/TransformsRequest->handle(Object(Illuminate/Http/Request), Object(Closure))
#47 G:/Mursalin_1295365/Laravel/ecommerce/vendor/laravel/framework/src/Illuminate/Pipeline/Pipeline.php(219): Illuminate/Foundation/Http/Middleware/ConvertEmptyStringsToNull->handle(Object(Illuminate/Http/Request), Object(Closure))
#48 G:/Mursalin_1295365/Laravel/ecommerce/vendor/laravel/framework/src/Illuminate/Foundation/Http/Middleware/TransformsRequest.php(21): Illuminate/Pipeline/Pipeline->{closure:{closure:Illuminate/Pipeline/Pipeline::carry():194}:195}(Object(Illuminate/Http/Request))
#49 G:/Mursalin_1295365/Laravel/ecommerce/vendor/laravel/framework/src/Illuminate/Foundation/Http/Middleware/TrimStrings.php(51): Illuminate/Foundation/Http/Middleware/TransformsRequest->handle(Object(Illuminate/Http/Request), Object(Closure))
#50 G:/Mursalin_1295365/Laravel/ecommerce/vendor/laravel/framework/src/Illuminate/Pipeline/Pipeline.php(219): Illuminate/Foundation/Http/Middleware/TrimStrings->handle(Object(Illuminate/Http/Request), Object(Closure))
#51 G:/Mursalin_1295365/Laravel/ecommerce/vendor/laravel/framework/src/Illuminate/Http/Middleware/ValidatePostSize.php(27): Illuminate/Pipeline/Pipeline->{closure:{closure:Illuminate/Pipeline/Pipeline::carry():194}:195}(Object(Illuminate/Http/Request))
#52 G:/Mursalin_1295365/Laravel/ecommerce/vendor/laravel/framework/src/Illuminate/Pipeline/Pipeline.php(219): Illuminate/Http/Middleware/ValidatePostSize->handle(Object(Illuminate/Http/Request), Object(Closure))
#53 G:/Mursalin_1295365/Laravel/ecommerce/vendor/laravel/framework/src/Illuminate/Foundation/Http/Middleware/PreventRequestsDuringMaintenance.php(110): Illuminate/Pipeline/Pipeline->{closure:{closure:Illuminate/Pipeline/Pipeline::carry():194}:195}(Object(Illuminate/Http/Request))
#54 G:/Mursalin_1295365/Laravel/ecommerce/vendor/laravel/framework/src/Illuminate/Pipeline/Pipeline.php(219): Illuminate/Foundation/Http/Middleware/PreventRequestsDuringMaintenance->handle(Object(Illuminate/Http/Request), Object(Closure))
#55 G:/Mursalin_1295365/Laravel/ecommerce/vendor/laravel/framework/src/Illuminate/Http/Middleware/HandleCors.php(61): Illuminate/Pipeline/Pipeline->{closure:{closure:Illuminate/Pipeline/Pipeline::carry():194}:195}(Object(Illuminate/Http/Request))
#56 G:/Mursalin_1295365/Laravel/ecommerce/vendor/laravel/framework/src/Illuminate/Pipeline/Pipeline.php(219): Illuminate/Http/Middleware/HandleCors->handle(Object(Illuminate/Http/Request), Object(Closure))
#57 G:/Mursalin_1295365/Laravel/ecommerce/vendor/laravel/framework/src/Illuminate/Http/Middleware/TrustProxies.php(58): Illuminate/Pipeline/Pipeline->{closure:{closure:Illuminate/Pipeline/Pipeline::carry():194}:195}(Object(Illuminate/Http/Request))
#58 G:/Mursalin_1295365/Laravel/ecommerce/vendor/laravel/framework/src/Illuminate/Pipeline/Pipeline.php(219): Illuminate/Http/Middleware/TrustProxies->handle(Object(Illuminate/Http/Request), Object(Closure))
#59 G:/Mursalin_1295365/Laravel/ecommerce/vendor/laravel/framework/src/Illuminate/Foundation/Http/Middleware/InvokeDeferredCallbacks.php(22): Illuminate/Pipeline/Pipeline->{closure:{closure:Illuminate/Pipeline/Pipeline::carry():194}:195}(Object(Illuminate/Http/Request))
#60 G:/Mursalin_1295365/Laravel/ecommerce/vendor/laravel/framework/src/Illuminate/Pipeline/Pipeline.php(219): Illuminate/Foundation/Http/Middleware/InvokeDeferredCallbacks->handle(Object(Illuminate/Http/Request), Object(Closure))
#61 G:/Mursalin_1295365/Laravel/ecommerce/vendor/laravel/framework/src/Illuminate/Http/Middleware/ValidatePathEncoding.php(28): Illuminate/Pipeline/Pipeline->{closure:{closure:Illuminate/Pipeline/Pipeline::carry():194}:195}(Object(Illuminate/Http/Request))
#62 G:/Mursalin_1295365/Laravel/ecommerce/vendor/laravel/framework/src/Illuminate/Pipeline/Pipeline.php(219): Illuminate/Http/Middleware/ValidatePathEncoding->handle(Object(Illuminate/Http/Request), Object(Closure))
#63 G:/Mursalin_1295365/Laravel/ecommerce/vendor/laravel/framework/src/Illuminate/Pipeline/Pipeline.php(137): Illuminate/Pipeline/Pipeline->{closure:{closure:Illuminate/Pipeline/Pipeline::carry():194}:195}(Object(Illuminate/Http/Request))
#64 G:/Mursalin_1295365/Laravel/ecommerce/vendor/laravel/framework/src/Illuminate/Foundation/Http/Kernel.php(175): Illuminate/Pipeline/Pipeline->then(Object(Closure))
#65 G:/Mursalin_1295365/Laravel/ecommerce/vendor/laravel/framework/src/Illuminate/Foundation/Http/Kernel.php(144): Illuminate/Foundation/Http/Kernel->sendRequestThroughRouter(Object(Illuminate/Http/Request))
#66 G:/Mursalin_1295365/Laravel/ecommerce/vendor/laravel/framework/src/Illuminate/Foundation/Application.php(1227): Illuminate/Foundation/Http/Kernel->handle(Object(Illuminate/Http/Request))
#67 G:/Mursalin_1295365/Laravel/ecommerce/public/index.php(20): Illuminate/Foundation/Application->handleRequest(Object(Illuminate/Http/Request))
#68 C:/Program Files/Herd/resources/app.asar.unpacked/resources/valet/server.php(140): require('G://Mursalin_129...')
#69 {main}
"} 
[2026-09-20 05:00:41] local.ERROR: SQLSTATE[42S22]: Column not found: 1054 Unknown column 'products.brand_brand_id' in 'where clause' (Connection: mysql, Host: 127.0.0.1, Port: 3306, Database: ecommerce, SQL: select `brands`.*, (select count(*) from `products` where `brands`.`brand_id` = `products`.`brand_brand_id`) as `products_count` from `brands` order by `name` asc limit 10 offset 0) {"exception":"[object] (Illuminate\\Database\\QueryException(code: 42S22): SQLSTATE[42S22]: Column not found: 1054 Unknown column 'products.brand_brand_id' in 'where clause' (Connection: mysql, Host: 127.0.0.1, Port: 3306, Database: ecommerce, SQL: select `brands`.*, (select count(*) from `products` where `brands`.`brand_id` = `products`.`brand_brand_id`) as `products_count` from `brands` order by `name` asc limit 10 offset 0) at G:/Mursalin_1295365/Laravel/ecommerce/vendor/laravel/framework/src/Illuminate/Database/Connection.php:857)
[stacktrace]
#0 G:/Mursalin_1295365/Laravel/ecommerce/vendor/laravel/framework/src/Illuminate/Database/Connection.php(813): Illuminate/Database/Connection->runQueryCallback('select `brands`...', Array, Object(Closure))
#1 G:/Mursalin_1295365/Laravel/ecommerce/vendor/laravel/framework/src/Illuminate/Database/Connection.php(426): Illuminate/Database/Connection->run('select `brands`...', Array, Object(Closure))
#2 G:/Mursalin_1295365/Laravel/ecommerce/vendor/laravel/framework/src/Illuminate/Database/Query/Builder.php(3629): Illuminate/Database/Connection->select('select `brands`...', Array, true, Array)
#3 G:/Mursalin_1295365/Laravel/ecommerce/vendor/laravel/framework/src/Illuminate/Database/Query/Builder.php(3613): Illuminate/Database/Query/Builder->runSelect()
#4 G:/Mursalin_1295365/Laravel/ecommerce/vendor/laravel/framework/src/Illuminate/Database/Eloquent/Builder.php(931): Illuminate/Database/Query/Builder->get(Array)
#5 G:/Mursalin_1295365/Laravel/ecommerce/vendor/laravel/framework/src/Illuminate/Database/Eloquent/Builder.php(913): Illuminate/Database/Eloquent/Builder->getModels(Array)
#6 G:/Mursalin_1295365/Laravel/ecommerce/vendor/laravel/framework/src/Illuminate/Database/Eloquent/Builder.php(1164): Illuminate/Database/Eloquent/Builder->get(Array)
#7 G:/Mursalin_1295365/Laravel/ecommerce/app/Http/Controllers/BrandController.php(13): Illuminate/Database/Eloquent/Builder->paginate(10)
#8 G:/Mursalin_1295365/Laravel/ecommerce/vendor/laravel/framework/src/Illuminate/Routing/ControllerDispatcher.php(46): App/Http/Controllers/BrandController->index()
#9 G:/Mursalin_1295365/Laravel/ecommerce/vendor/laravel/framework/src/Illuminate/Routing/Route.php(276): Illuminate/Routing/ControllerDispatcher->dispatch(Object(Illuminate/Routing/Route), Object(App/Http/Controllers/BrandController), 'index')
#10 G:/Mursalin_1295365/Laravel/ecommerce/vendor/laravel/framework/src/Illuminate/Routing/Route.php(216): Illuminate/Routing/Route->runController()
#11 G:/Mursalin_1295365/Laravel/ecommerce/vendor/laravel/framework/src/Illuminate/Routing/Router.php(822): Illuminate/Routing/Route->run()
#12 G:/Mursalin_1295365/Laravel/ecommerce/vendor/laravel/framework/src/Illuminate/Pipeline/Pipeline.php(180): Illuminate/Routing/Router->{closure:Illuminate/Routing/Router::runRouteWithinStack():821}(Object(Illuminate/Http/Request))
#13 G:/Mursalin_1295365/Laravel/ecommerce/vendor/laravel/boost/src/Middleware/InjectBoost.php(22): Illuminate/Pipeline/Pipeline->{closure:Illuminate/Pipeline/Pipeline::prepareDestination():178}(Object(Illuminate/Http/Request))
#14 G:/Mursalin_1295365/Laravel/ecommerce/vendor/laravel/framework/src/Illuminate/Pipeline/Pipeline.php(219): Laravel/Boost/Middleware/InjectBoost->handle(Object(Illuminate/Http/Request), Object(Closure))
#15 G:/Mursalin_1295365/Laravel/ecommerce/vendor/laravel/framework/src/Illuminate/Routing/Middleware/SubstituteBindings.php(52): Illuminate/Pipeline/Pipeline->{closure:{closure:Illuminate/Pipeline/Pipeline::carry():194}:195}(Object(Illuminate/Http/Request))
#16 G:/Mursalin_1295365/Laravel/ecommerce/vendor/laravel/framework/src/Illuminate/Pipeline/Pipeline.php(219): Illuminate/Routing/Middleware/SubstituteBindings->handle(Object(Illuminate/Http/Request), Object(Closure))
#17 G:/Mursalin_1295365/Laravel/ecommerce/vendor/laravel/framework/src/Illuminate/Foundation/Http/Middleware/PreventRequestForgery.php(104): Illuminate/Pipeline/Pipeline->{closure:{closure:Illuminate/Pipeline/Pipeline::carry():194}:195}(Object(Illuminate/Http/Request))
#18 G:/Mursalin_1295365/Laravel/ecommerce/vendor/laravel/framework/src/Illuminate/Pipeline/Pipeline.php(219): Illuminate/Foundation/Http/Middleware/PreventRequestForgery->handle(Object(Illuminate/Http/Request), Object(Closure))
#19 G:/Mursalin_1295365/Laravel/ecommerce/vendor/laravel/framework/src/Illuminate/View/Middleware/ShareErrorsFromSession.php(48): Illuminate/Pipeline/Pipeline->{closure:{closure:Illuminate/Pipeline/Pipeline::carry():194}:195}(Object(Illuminate/Http/Request))
#20 G:/Mursalin_1295365/Laravel/ecommerce/vendor/laravel/framework/src/Illuminate/Pipeline/Pipeline.php(219): Illuminate/View/Middleware/ShareErrorsFromSession->handle(Object(Illuminate/Http/Request), Object(Closure))
#21 G:/Mursalin_1295365/Laravel/ecommerce/vendor/laravel/framework/src/Illuminate/Session/Middleware/StartSession.php(120): Illuminate/Pipeline/Pipeline->{closure:{closure:Illuminate/Pipeline/Pipeline::carry():194}:195}(Object(Illuminate/Http/Request))
#22 G:/Mursalin_1295365/Laravel/ecommerce/vendor/laravel/framework/src/Illuminate/Session/Middleware/StartSession.php(63): Illuminate/Session/Middleware/StartSession->handleStatefulRequest(Object(Illuminate/Http/Request), Object(Illuminate/Session/Store), Object(Closure))
#23 G:/Mursalin_1295365/Laravel/ecommerce/vendor/laravel/framework/src/Illuminate/Pipeline/Pipeline.php(219): Illuminate/Session/Middleware/StartSession->handle(Object(Illuminate/Http/Request), Object(Closure))
#24 G:/Mursalin_1295365/Laravel/ecommerce/vendor/laravel/framework/src/Illuminate/Cookie/Middleware/AddQueuedCookiesToResponse.php(36): Illuminate/Pipeline/Pipeline->{closure:{closure:Illuminate/Pipeline/Pipeline::carry():194}:195}(Object(Illuminate/Http/Request))
#25 G:/Mursalin_1295365/Laravel/ecommerce/vendor/laravel/framework/src/Illuminate/Pipeline/Pipeline.php(219): Illuminate/Cookie/Middleware/AddQueuedCookiesToResponse->handle(Object(Illuminate/Http/Request), Object(Closure))
#26 G:/Mursalin_1295365/Laravel/ecommerce/vendor/laravel/framework/src/Illuminate/Cookie/Middleware/EncryptCookies.php(74): Illuminate/Pipeline/Pipeline->{closure:{closure:Illuminate/Pipeline/Pipeline::carry():194}:195}(Object(Illuminate/Http/Request))
#27 G:/Mursalin_1295365/Laravel/ecommerce/vendor/laravel/framework/src/Illuminate/Pipeline/Pipeline.php(219): Illuminate/Cookie/Middleware/EncryptCookies->handle(Object(Illuminate/Http/Request), Object(Closure))
#28 G:/Mursalin_1295365/Laravel/ecommerce/vendor/laravel/framework/src/Illuminate/Pipeline/Pipeline.php(137): Illuminate/Pipeline/Pipeline->{closure:{closure:Illuminate/Pipeline/Pipeline::carry():194}:195}(Object(Illuminate/Http/Request))
#29 G:/Mursalin_1295365/Laravel/ecommerce/vendor/laravel/framework/src/Illuminate/Routing/Router.php(821): Illuminate/Pipeline/Pipeline->then(Object(Closure))
#30 G:/Mursalin_1295365/Laravel/ecommerce/vendor/laravel/framework/src/Illuminate/Routing/Router.php(800): Illuminate/Routing/Router->runRouteWithinStack(Object(Illuminate/Routing/Route), Object(Illuminate/Http/Request))
#31 G:/Mursalin_1295365/Laravel/ecommerce/vendor/laravel/framework/src/Illuminate/Routing/Router.php(764): Illuminate/Routing/Router->runRoute(Object(Illuminate/Http/Request), Object(Illuminate/Routing/Route))
#32 G:/Mursalin_1295365/Laravel/ecommerce/vendor/laravel/framework/src/Illuminate/Routing/Router.php(753): Illuminate/Routing/Router->dispatchToRoute(Object(Illuminate/Http/Request))
#33 G:/Mursalin_1295365/Laravel/ecommerce/vendor/laravel/framework/src/Illuminate/Foundation/Http/Kernel.php(200): Illuminate/Routing/Router->dispatch(Object(Illuminate/Http/Request))
#34 G:/Mursalin_1295365/Laravel/ecommerce/vendor/laravel/framework/src/Illuminate/Pipeline/Pipeline.php(180): Illuminate/Foundation/Http/Kernel->{closure:Illuminate/Foundation/Http/Kernel::dispatchToRouter():197}(Object(Illuminate/Http/Request))
#35 G:/Mursalin_1295365/Laravel/ecommerce/vendor/laravel/framework/src/Illuminate/Foundation/Http/Middleware/TransformsRequest.php(21): Illuminate/Pipeline/Pipeline->{closure:Illuminate/Pipeline/Pipeline::prepareDestination():178}(Object(Illuminate/Http/Request))
#36 G:/Mursalin_1295365/Laravel/ecommerce/vendor/laravel/framework/src/Illuminate/Foundation/Http/Middleware/ConvertEmptyStringsToNull.php(31): Illuminate/Foundation/Http/Middleware/TransformsRequest->handle(Object(Illuminate/Http/Request), Object(Closure))
#37 G:/Mursalin_1295365/Laravel/ecommerce/vendor/laravel/framework/src/Illuminate/Pipeline/Pipeline.php(219): Illuminate/Foundation/Http/Middleware/ConvertEmptyStringsToNull->handle(Object(Illuminate/Http/Request), Object(Closure))
#38 G:/Mursalin_1295365/Laravel/ecommerce/vendor/laravel/framework/src/Illuminate/Foundation/Http/Middleware/TransformsRequest.php(21): Illuminate/Pipeline/Pipeline->{closure:{closure:Illuminate/Pipeline/Pipeline::carry():194}:195}(Object(Illuminate/Http/Request))
#39 G:/Mursalin_1295365/Laravel/ecommerce/vendor/laravel/framework/src/Illuminate/Foundation/Http/Middleware/TrimStrings.php(51): Illuminate/Foundation/Http/Middleware/TransformsRequest->handle(Object(Illuminate/Http/Request), Object(Closure))
#40 G:/Mursalin_1295365/Laravel/ecommerce/vendor/laravel/framework/src/Illuminate/Pipeline/Pipeline.php(219): Illuminate/Foundation/Http/Middleware/TrimStrings->handle(Object(Illuminate/Http/Request), Object(Closure))
#41 G:/Mursalin_1295365/Laravel/ecommerce/vendor/laravel/framework/src/Illuminate/Http/Middleware/ValidatePostSize.php(27): Illuminate/Pipeline/Pipeline->{closure:{closure:Illuminate/Pipeline/Pipeline::carry():194}:195}(Object(Illuminate/Http/Request))
#42 G:/Mursalin_1295365/Laravel/ecommerce/vendor/laravel/framework/src/Illuminate/Pipeline/Pipeline.php(219): Illuminate/Http/Middleware/ValidatePostSize->handle(Object(Illuminate/Http/Request), Object(Closure))
#43 G:/Mursalin_1295365/Laravel/ecommerce/vendor/laravel/framework/src/Illuminate/Foundation/Http/Middleware/PreventRequestsDuringMaintenance.php(110): Illuminate/Pipeline/Pipeline->{closure:{closure:Illuminate/Pipeline/Pipeline::carry():194}:195}(Object(Illuminate/Http/Request))
#44 G:/Mursalin_1295365/Laravel/ecommerce/vendor/laravel/framework/src/Illuminate/Pipeline/Pipeline.php(219): Illuminate/Foundation/Http/Middleware/PreventRequestsDuringMaintenance->handle(Object(Illuminate/Http/Request), Object(Closure))
#45 G:/Mursalin_1295365/Laravel/ecommerce/vendor/laravel/framework/src/Illuminate/Http/Middleware/HandleCors.php(61): Illuminate/Pipeline/Pipeline->{closure:{closure:Illuminate/Pipeline/Pipeline::carry():194}:195}(Object(Illuminate/Http/Request))
#46 G:/Mursalin_1295365/Laravel/ecommerce/vendor/laravel/framework/src/Illuminate/Pipeline/Pipeline.php(219): Illuminate/Http/Middleware/HandleCors->handle(Object(Illuminate/Http/Request), Object(Closure))
#47 G:/Mursalin_1295365/Laravel/ecommerce/vendor/laravel/framework/src/Illuminate/Http/Middleware/TrustProxies.php(58): Illuminate/Pipeline/Pipeline->{closure:{closure:Illuminate/Pipeline/Pipeline::carry():194}:195}(Object(Illuminate/Http/Request))
#48 G:/Mursalin_1295365/Laravel/ecommerce/vendor/laravel/framework/src/Illuminate/Pipeline/Pipeline.php(219): Illuminate/Http/Middleware/TrustProxies->handle(Object(Illuminate/Http/Request), Object(Closure))
#49 G:/Mursalin_1295365/Laravel/ecommerce/vendor/laravel/framework/src/Illuminate/Foundation/Http/Middleware/InvokeDeferredCallbacks.php(22): Illuminate/Pipeline/Pipeline->{closure:{closure:Illuminate/Pipeline/Pipeline::carry():194}:195}(Object(Illuminate/Http/Request))
#50 G:/Mursalin_1295365/Laravel/ecommerce/vendor/laravel/framework/src/Illuminate/Pipeline/Pipeline.php(219): Illuminate/Foundation/Http/Middleware/InvokeDeferredCallbacks->handle(Object(Illuminate/Http/Request), Object(Closure))
#51 G:/Mursalin_1295365/Laravel/ecommerce/vendor/laravel/framework/src/Illuminate/Http/Middleware/ValidatePathEncoding.php(28): Illuminate/Pipeline/Pipeline->{closure:{closure:Illuminate/Pipeline/Pipeline::carry():194}:195}(Object(Illuminate/Http/Request))
#52 G:/Mursalin_1295365/Laravel/ecommerce/vendor/laravel/framework/src/Illuminate/Pipeline/Pipeline.php(219): Illuminate/Http/Middleware/ValidatePathEncoding->handle(Object(Illuminate/Http/Request), Object(Closure))
#53 G:/Mursalin_1295365/Laravel/ecommerce/vendor/laravel/framework/src/Illuminate/Pipeline/Pipeline.php(137): Illuminate/Pipeline/Pipeline->{closure:{closure:Illuminate/Pipeline/Pipeline::carry():194}:195}(Object(Illuminate/Http/Request))
#54 G:/Mursalin_1295365/Laravel/ecommerce/vendor/laravel/framework/src/Illuminate/Foundation/Http/Kernel.php(175): Illuminate/Pipeline/Pipeline->then(Object(Closure))
#55 G:/Mursalin_1295365/Laravel/ecommerce/vendor/laravel/framework/src/Illuminate/Foundation/Http/Kernel.php(144): Illuminate/Foundation/Http/Kernel->sendRequestThroughRouter(Object(Illuminate/Http/Request))
#56 G:/Mursalin_1295365/Laravel/ecommerce/vendor/laravel/framework/src/Illuminate/Foundation/Application.php(1227): Illuminate/Foundation/Http/Kernel->handle(Object(Illuminate/Http/Request))
#57 G:/Mursalin_1295365/Laravel/ecommerce/public/index.php(20): Illuminate/Foundation/Application->handleRequest(Object(Illuminate/Http/Request))
#58 C:/Program Files/Herd/resources/app.asar.unpacked/resources/valet/server.php(140): require('G://Mursalin_129...')
#59 {main}

[previous exception] [object] (PDOException(code: 42S22): SQLSTATE[42S22]: Column not found: 1054 Unknown column 'products.brand_brand_id' in 'where clause' at G:/Mursalin_1295365/Laravel/ecommerce/vendor/laravel/framework/src/Illuminate/Database/Connection.php:435)
[stacktrace]
#0 G:/Mursalin_1295365/Laravel/ecommerce/vendor/laravel/framework/src/Illuminate/Database/Connection.php(435): PDO->prepare('select `brands`...')
#1 G:/Mursalin_1295365/Laravel/ecommerce/vendor/laravel/framework/src/Illuminate/Database/Connection.php(846): Illuminate/Database/Connection->{closure:Illuminate/Database/Connection::select():426}('select `brands`...', Array)
#2 G:/Mursalin_1295365/Laravel/ecommerce/vendor/laravel/framework/src/Illuminate/Database/Connection.php(813): Illuminate/Database/Connection->runQueryCallback('select `brands`...', Array, Object(Closure))
#3 G:/Mursalin_1295365/Laravel/ecommerce/vendor/laravel/framework/src/Illuminate/Database/Connection.php(426): Illuminate/Database/Connection->run('select `brands`...', Array, Object(Closure))
#4 G:/Mursalin_1295365/Laravel/ecommerce/vendor/laravel/framework/src/Illuminate/Database/Query/Builder.php(3629): Illuminate/Database/Connection->select('select `brands`...', Array, true, Array)
#5 G:/Mursalin_1295365/Laravel/ecommerce/vendor/laravel/framework/src/Illuminate/Database/Query/Builder.php(3613): Illuminate/Database/Query/Builder->runSelect()
#6 G:/Mursalin_1295365/Laravel/ecommerce/vendor/laravel/framework/src/Illuminate/Database/Eloquent/Builder.php(931): Illuminate/Database/Query/Builder->get(Array)
#7 G:/Mursalin_1295365/Laravel/ecommerce/vendor/laravel/framework/src/Illuminate/Database/Eloquent/Builder.php(913): Illuminate/Database/Eloquent/Builder->getModels(Array)
#8 G:/Mursalin_1295365/Laravel/ecommerce/vendor/laravel/framework/src/Illuminate/Database/Eloquent/Builder.php(1164): Illuminate/Database/Eloquent/Builder->get(Array)
#9 G:/Mursalin_1295365/Laravel/ecommerce/app/Http/Controllers/BrandController.php(13): Illuminate/Database/Eloquent/Builder->paginate(10)
#10 G:/Mursalin_1295365/Laravel/ecommerce/vendor/laravel/framework/src/Illuminate/Routing/ControllerDispatcher.php(46): App/Http/Controllers/BrandController->index()
#11 G:/Mursalin_1295365/Laravel/ecommerce/vendor/laravel/framework/src/Illuminate/Routing/Route.php(276): Illuminate/Routing/ControllerDispatcher->dispatch(Object(Illuminate/Routing/Route), Object(App/Http/Controllers/BrandController), 'index')
#12 G:/Mursalin_1295365/Laravel/ecommerce/vendor/laravel/framework/src/Illuminate/Routing/Route.php(216): Illuminate/Routing/Route->runController()
#13 G:/Mursalin_1295365/Laravel/ecommerce/vendor/laravel/framework/src/Illuminate/Routing/Router.php(822): Illuminate/Routing/Route->run()
#14 G:/Mursalin_1295365/Laravel/ecommerce/vendor/laravel/framework/src/Illuminate/Pipeline/Pipeline.php(180): Illuminate/Routing/Router->{closure:Illuminate/Routing/Router::runRouteWithinStack():821}(Object(Illuminate/Http/Request))
#15 G:/Mursalin_1295365/Laravel/ecommerce/vendor/laravel/boost/src/Middleware/InjectBoost.php(22): Illuminate/Pipeline/Pipeline->{closure:Illuminate/Pipeline/Pipeline::prepareDestination():178}(Object(Illuminate/Http/Request))
#16 G:/Mursalin_1295365/Laravel/ecommerce/vendor/laravel/framework/src/Illuminate/Pipeline/Pipeline.php(219): Laravel/Boost/Middleware/InjectBoost->handle(Object(Illuminate/Http/Request), Object(Closure))
#17 G:/Mursalin_1295365/Laravel/ecommerce/vendor/laravel/framework/src/Illuminate/Routing/Middleware/SubstituteBindings.php(52): Illuminate/Pipeline/Pipeline->{closure:{closure:Illuminate/Pipeline/Pipeline::carry():194}:195}(Object(Illuminate/Http/Request))
#18 G:/Mursalin_1295365/Laravel/ecommerce/vendor/laravel/framework/src/Illuminate/Pipeline/Pipeline.php(219): Illuminate/Routing/Middleware/SubstituteBindings->handle(Object(Illuminate/Http/Request), Object(Closure))
#19 G:/Mursalin_1295365/Laravel/ecommerce/vendor/laravel/framework/src/Illuminate/Foundation/Http/Middleware/PreventRequestForgery.php(104): Illuminate/Pipeline/Pipeline->{closure:{closure:Illuminate/Pipeline/Pipeline::carry():194}:195}(Object(Illuminate/Http/Request))
#20 G:/Mursalin_1295365/Laravel/ecommerce/vendor/laravel/framework/src/Illuminate/Pipeline/Pipeline.php(219): Illuminate/Foundation/Http/Middleware/PreventRequestForgery->handle(Object(Illuminate/Http/Request), Object(Closure))
#21 G:/Mursalin_1295365/Laravel/ecommerce/vendor/laravel/framework/src/Illuminate/View/Middleware/ShareErrorsFromSession.php(48): Illuminate/Pipeline/Pipeline->{closure:{closure:Illuminate/Pipeline/Pipeline::carry():194}:195}(Object(Illuminate/Http/Request))
#22 G:/Mursalin_1295365/Laravel/ecommerce/vendor/laravel/framework/src/Illuminate/Pipeline/Pipeline.php(219): Illuminate/View/Middleware/ShareErrorsFromSession->handle(Object(Illuminate/Http/Request), Object(Closure))
#23 G:/Mursalin_1295365/Laravel/ecommerce/vendor/laravel/framework/src/Illuminate/Session/Middleware/StartSession.php(120): Illuminate/Pipeline/Pipeline->{closure:{closure:Illuminate/Pipeline/Pipeline::carry():194}:195}(Object(Illuminate/Http/Request))
#24 G:/Mursalin_1295365/Laravel/ecommerce/vendor/laravel/framework/src/Illuminate/Session/Middleware/StartSession.php(63): Illuminate/Session/Middleware/StartSession->handleStatefulRequest(Object(Illuminate/Http/Request), Object(Illuminate/Session/Store), Object(Closure))
#25 G:/Mursalin_1295365/Laravel/ecommerce/vendor/laravel/framework/src/Illuminate/Pipeline/Pipeline.php(219): Illuminate/Session/Middleware/StartSession->handle(Object(Illuminate/Http/Request), Object(Closure))
#26 G:/Mursalin_1295365/Laravel/ecommerce/vendor/laravel/framework/src/Illuminate/Cookie/Middleware/AddQueuedCookiesToResponse.php(36): Illuminate/Pipeline/Pipeline->{closure:{closure:Illuminate/Pipeline/Pipeline::carry():194}:195}(Object(Illuminate/Http/Request))
#27 G:/Mursalin_1295365/Laravel/ecommerce/vendor/laravel/framework/src/Illuminate/Pipeline/Pipeline.php(219): Illuminate/Cookie/Middleware/AddQueuedCookiesToResponse->handle(Object(Illuminate/Http/Request), Object(Closure))
#28 G:/Mursalin_1295365/Laravel/ecommerce/vendor/laravel/framework/src/Illuminate/Cookie/Middleware/EncryptCookies.php(74): Illuminate/Pipeline/Pipeline->{closure:{closure:Illuminate/Pipeline/Pipeline::carry():194}:195}(Object(Illuminate/Http/Request))
#29 G:/Mursalin_1295365/Laravel/ecommerce/vendor/laravel/framework/src/Illuminate/Pipeline/Pipeline.php(219): Illuminate/Cookie/Middleware/EncryptCookies->handle(Object(Illuminate/Http/Request), Object(Closure))
#30 G:/Mursalin_1295365/Laravel/ecommerce/vendor/laravel/framework/src/Illuminate/Pipeline/Pipeline.php(137): Illuminate/Pipeline/Pipeline->{closure:{closure:Illuminate/Pipeline/Pipeline::carry():194}:195}(Object(Illuminate/Http/Request))
#31 G:/Mursalin_1295365/Laravel/ecommerce/vendor/laravel/framework/src/Illuminate/Routing/Router.php(821): Illuminate/Pipeline/Pipeline->then(Object(Closure))
#32 G:/Mursalin_1295365/Laravel/ecommerce/vendor/laravel/framework/src/Illuminate/Routing/Router.php(800): Illuminate/Routing/Router->runRouteWithinStack(Object(Illuminate/Routing/Route), Object(Illuminate/Http/Request))
#33 G:/Mursalin_1295365/Laravel/ecommerce/vendor/laravel/framework/src/Illuminate/Routing/Router.php(764): Illuminate/Routing/Router->runRoute(Object(Illuminate/Http/Request), Object(Illuminate/Routing/Route))
#34 G:/Mursalin_1295365/Laravel/ecommerce/vendor/laravel/framework/src/Illuminate/Routing/Router.php(753): Illuminate/Routing/Router->dispatchToRoute(Object(Illuminate/Http/Request))
#35 G:/Mursalin_1295365/Laravel/ecommerce/vendor/laravel/framework/src/Illuminate/Foundation/Http/Kernel.php(200): Illuminate/Routing/Router->dispatch(Object(Illuminate/Http/Request))
#36 G:/Mursalin_1295365/Laravel/ecommerce/vendor/laravel/framework/src/Illuminate/Pipeline/Pipeline.php(180): Illuminate/Foundation/Http/Kernel->{closure:Illuminate/Foundation/Http/Kernel::dispatchToRouter():197}(Object(Illuminate/Http/Request))
#37 G:/Mursalin_1295365/Laravel/ecommerce/vendor/laravel/framework/src/Illuminate/Foundation/Http/Middleware/TransformsRequest.php(21): Illuminate/Pipeline/Pipeline->{closure:Illuminate/Pipeline/Pipeline::prepareDestination():178}(Object(Illuminate/Http/Request))
#38 G:/Mursalin_1295365/Laravel/ecommerce/vendor/laravel/framework/src/Illuminate/Foundation/Http/Middleware/ConvertEmptyStringsToNull.php(31): Illuminate/Foundation/Http/Middleware/TransformsRequest->handle(Object(Illuminate/Http/Request), Object(Closure))
#39 G:/Mursalin_1295365/Laravel/ecommerce/vendor/laravel/framework/src/Illuminate/Pipeline/Pipeline.php(219): Illuminate/Foundation/Http/Middleware/ConvertEmptyStringsToNull->handle(Object(Illuminate/Http/Request), Object(Closure))
#40 G:/Mursalin_1295365/Laravel/ecommerce/vendor/laravel/framework/src/Illuminate/Foundation/Http/Middleware/TransformsRequest.php(21): Illuminate/Pipeline/Pipeline->{closure:{closure:Illuminate/Pipeline/Pipeline::carry():194}:195}(Object(Illuminate/Http/Request))
#41 G:/Mursalin_1295365/Laravel/ecommerce/vendor/laravel/framework/src/Illuminate/Foundation/Http/Middleware/TrimStrings.php(51): Illuminate/Foundation/Http/Middleware/TransformsRequest->handle(Object(Illuminate/Http/Request), Object(Closure))
#42 G:/Mursalin_1295365/Laravel/ecommerce/vendor/laravel/framework/src/Illuminate/Pipeline/Pipeline.php(219): Illuminate/Foundation/Http/Middleware/TrimStrings->handle(Object(Illuminate/Http/Request), Object(Closure))
#43 G:/Mursalin_1295365/Laravel/ecommerce/vendor/laravel/framework/src/Illuminate/Http/Middleware/ValidatePostSize.php(27): Illuminate/Pipeline/Pipeline->{closure:{closure:Illuminate/Pipeline/Pipeline::carry():194}:195}(Object(Illuminate/Http/Request))
#44 G:/Mursalin_1295365/Laravel/ecommerce/vendor/laravel/framework/src/Illuminate/Pipeline/Pipeline.php(219): Illuminate/Http/Middleware/ValidatePostSize->handle(Object(Illuminate/Http/Request), Object(Closure))
#45 G:/Mursalin_1295365/Laravel/ecommerce/vendor/laravel/framework/src/Illuminate/Foundation/Http/Middleware/PreventRequestsDuringMaintenance.php(110): Illuminate/Pipeline/Pipeline->{closure:{closure:Illuminate/Pipeline/Pipeline::carry():194}:195}(Object(Illuminate/Http/Request))
#46 G:/Mursalin_1295365/Laravel/ecommerce/vendor/laravel/framework/src/Illuminate/Pipeline/Pipeline.php(219): Illuminate/Foundation/Http/Middleware/PreventRequestsDuringMaintenance->handle(Object(Illuminate/Http/Request), Object(Closure))
#47 G:/Mursalin_1295365/Laravel/ecommerce/vendor/laravel/framework/src/Illuminate/Http/Middleware/HandleCors.php(61): Illuminate/Pipeline/Pipeline->{closure:{closure:Illuminate/Pipeline/Pipeline::carry():194}:195}(Object(Illuminate/Http/Request))
#48 G:/Mursalin_1295365/Laravel/ecommerce/vendor/laravel/framework/src/Illuminate/Pipeline/Pipeline.php(219): Illuminate/Http/Middleware/HandleCors->handle(Object(Illuminate/Http/Request), Object(Closure))
#49 G:/Mursalin_1295365/Laravel/ecommerce/vendor/laravel/framework/src/Illuminate/Http/Middleware/TrustProxies.php(58): Illuminate/Pipeline/Pipeline->{closure:{closure:Illuminate/Pipeline/Pipeline::carry():194}:195}(Object(Illuminate/Http/Request))
#50 G:/Mursalin_1295365/Laravel/ecommerce/vendor/laravel/framework/src/Illuminate/Pipeline/Pipeline.php(219): Illuminate/Http/Middleware/TrustProxies->handle(Object(Illuminate/Http/Request), Object(Closure))
#51 G:/Mursalin_1295365/Laravel/ecommerce/vendor/laravel/framework/src/Illuminate/Foundation/Http/Middleware/InvokeDeferredCallbacks.php(22): Illuminate/Pipeline/Pipeline->{closure:{closure:Illuminate/Pipeline/Pipeline::carry():194}:195}(Object(Illuminate/Http/Request))
#52 G:/Mursalin_1295365/Laravel/ecommerce/vendor/laravel/framework/src/Illuminate/Pipeline/Pipeline.php(219): Illuminate/Foundation/Http/Middleware/InvokeDeferredCallbacks->handle(Object(Illuminate/Http/Request), Object(Closure))
#53 G:/Mursalin_1295365/Laravel/ecommerce/vendor/laravel/framework/src/Illuminate/Http/Middleware/ValidatePathEncoding.php(28): Illuminate/Pipeline/Pipeline->{closure:{closure:Illuminate/Pipeline/Pipeline::carry():194}:195}(Object(Illuminate/Http/Request))
#54 G:/Mursalin_1295365/Laravel/ecommerce/vendor/laravel/framework/src/Illuminate/Pipeline/Pipeline.php(219): Illuminate/Http/Middleware/ValidatePathEncoding->handle(Object(Illuminate/Http/Request), Object(Closure))
#55 G:/Mursalin_1295365/Laravel/ecommerce/vendor/laravel/framework/src/Illuminate/Pipeline/Pipeline.php(137): Illuminate/Pipeline/Pipeline->{closure:{closure:Illuminate/Pipeline/Pipeline::carry():194}:195}(Object(Illuminate/Http/Request))
#56 G:/Mursalin_1295365/Laravel/ecommerce/vendor/laravel/framework/src/Illuminate/Foundation/Http/Kernel.php(175): Illuminate/Pipeline/Pipeline->then(Object(Closure))
#57 G:/Mursalin_1295365/Laravel/ecommerce/vendor/laravel/framework/src/Illuminate/Foundation/Http/Kernel.php(144): Illuminate/Foundation/Http/Kernel->sendRequestThroughRouter(Object(Illuminate/Http/Request))
#58 G:/Mursalin_1295365/Laravel/ecommerce/vendor/laravel/framework/src/Illuminate/Foundation/Application.php(1227): Illuminate/Foundation/Http/Kernel->handle(Object(Illuminate/Http/Request))
#59 G:/Mursalin_1295365/Laravel/ecommerce/public/index.php(20): Illuminate/Foundation/Application->handleRequest(Object(Illuminate/Http/Request))
#60 C:/Program Files/Herd/resources/app.asar.unpacked/resources/valet/server.php(140): require('G://Mursalin_129...')
#61 {main}
"} 
[2026-09-20 05:02:07] local.ERROR: SQLSTATE[42S22]: Column not found: 1054 Unknown column 'products.brand_brand_id' in 'where clause' (Connection: mysql, Host: 127.0.0.1, Port: 3306, Database: ecommerce, SQL: select `brands`.*, (select count(*) from `products` where `brands`.`brand_id` = `products`.`brand_brand_id`) as `products_count` from `brands` order by `name` asc limit 10 offset 0) {"exception":"[object] (Illuminate\\Database\\QueryException(code: 42S22): SQLSTATE[42S22]: Column not found: 1054 Unknown column 'products.brand_brand_id' in 'where clause' (Connection: mysql, Host: 127.0.0.1, Port: 3306, Database: ecommerce, SQL: select `brands`.*, (select count(*) from `products` where `brands`.`brand_id` = `products`.`brand_brand_id`) as `products_count` from `brands` order by `name` asc limit 10 offset 0) at G:/Mursalin_1295365/Laravel/ecommerce/vendor/laravel/framework/src/Illuminate/Database/Connection.php:857)
[stacktrace]
#0 G:/Mursalin_1295365/Laravel/ecommerce/vendor/laravel/framework/src/Illuminate/Database/Connection.php(813): Illuminate/Database/Connection->runQueryCallback('select `brands`...', Array, Object(Closure))
#1 G:/Mursalin_1295365/Laravel/ecommerce/vendor/laravel/framework/src/Illuminate/Database/Connection.php(426): Illuminate/Database/Connection->run('select `brands`...', Array, Object(Closure))
#2 G:/Mursalin_1295365/Laravel/ecommerce/vendor/laravel/framework/src/Illuminate/Database/Query/Builder.php(3629): Illuminate/Database/Connection->select('select `brands`...', Array, true, Array)
#3 G:/Mursalin_1295365/Laravel/ecommerce/vendor/laravel/framework/src/Illuminate/Database/Query/Builder.php(3613): Illuminate/Database/Query/Builder->runSelect()
#4 G:/Mursalin_1295365/Laravel/ecommerce/vendor/laravel/framework/src/Illuminate/Database/Eloquent/Builder.php(931): Illuminate/Database/Query/Builder->get(Array)
#5 G:/Mursalin_1295365/Laravel/ecommerce/vendor/laravel/framework/src/Illuminate/Database/Eloquent/Builder.php(913): Illuminate/Database/Eloquent/Builder->getModels(Array)
#6 G:/Mursalin_1295365/Laravel/ecommerce/vendor/laravel/framework/src/Illuminate/Database/Eloquent/Builder.php(1164): Illuminate/Database/Eloquent/Builder->get(Array)
#7 G:/Mursalin_1295365/Laravel/ecommerce/app/Http/Controllers/BrandController.php(13): Illuminate/Database/Eloquent/Builder->paginate(10)
#8 G:/Mursalin_1295365/Laravel/ecommerce/vendor/laravel/framework/src/Illuminate/Routing/ControllerDispatcher.php(46): App/Http/Controllers/BrandController->index()
#9 G:/Mursalin_1295365/Laravel/ecommerce/vendor/laravel/framework/src/Illuminate/Routing/Route.php(276): Illuminate/Routing/ControllerDispatcher->dispatch(Object(Illuminate/Routing/Route), Object(App/Http/Controllers/BrandController), 'index')
#10 G:/Mursalin_1295365/Laravel/ecommerce/vendor/laravel/framework/src/Illuminate/Routing/Route.php(216): Illuminate/Routing/Route->runController()
#11 G:/Mursalin_1295365/Laravel/ecommerce/vendor/laravel/framework/src/Illuminate/Routing/Router.php(822): Illuminate/Routing/Route->run()
#12 G:/Mursalin_1295365/Laravel/ecommerce/vendor/laravel/framework/src/Illuminate/Pipeline/Pipeline.php(180): Illuminate/Routing/Router->{closure:Illuminate/Routing/Router::runRouteWithinStack():821}(Object(Illuminate/Http/Request))
#13 G:/Mursalin_1295365/Laravel/ecommerce/vendor/laravel/boost/src/Middleware/InjectBoost.php(22): Illuminate/Pipeline/Pipeline->{closure:Illuminate/Pipeline/Pipeline::prepareDestination():178}(Object(Illuminate/Http/Request))
#14 G:/Mursalin_1295365/Laravel/ecommerce/vendor/laravel/framework/src/Illuminate/Pipeline/Pipeline.php(219): Laravel/Boost/Middleware/InjectBoost->handle(Object(Illuminate/Http/Request), Object(Closure))
#15 G:/Mursalin_1295365/Laravel/ecommerce/vendor/laravel/framework/src/Illuminate/Routing/Middleware/SubstituteBindings.php(52): Illuminate/Pipeline/Pipeline->{closure:{closure:Illuminate/Pipeline/Pipeline::carry():194}:195}(Object(Illuminate/Http/Request))
#16 G:/Mursalin_1295365/Laravel/ecommerce/vendor/laravel/framework/src/Illuminate/Pipeline/Pipeline.php(219): Illuminate/Routing/Middleware/SubstituteBindings->handle(Object(Illuminate/Http/Request), Object(Closure))
#17 G:/Mursalin_1295365/Laravel/ecommerce/vendor/laravel/framework/src/Illuminate/Foundation/Http/Middleware/PreventRequestForgery.php(104): Illuminate/Pipeline/Pipeline->{closure:{closure:Illuminate/Pipeline/Pipeline::carry():194}:195}(Object(Illuminate/Http/Request))
#18 G:/Mursalin_1295365/Laravel/ecommerce/vendor/laravel/framework/src/Illuminate/Pipeline/Pipeline.php(219): Illuminate/Foundation/Http/Middleware/PreventRequestForgery->handle(Object(Illuminate/Http/Request), Object(Closure))
#19 G:/Mursalin_1295365/Laravel/ecommerce/vendor/laravel/framework/src/Illuminate/View/Middleware/ShareErrorsFromSession.php(48): Illuminate/Pipeline/Pipeline->{closure:{closure:Illuminate/Pipeline/Pipeline::carry():194}:195}(Object(Illuminate/Http/Request))
#20 G:/Mursalin_1295365/Laravel/ecommerce/vendor/laravel/framework/src/Illuminate/Pipeline/Pipeline.php(219): Illuminate/View/Middleware/ShareErrorsFromSession->handle(Object(Illuminate/Http/Request), Object(Closure))
#21 G:/Mursalin_1295365/Laravel/ecommerce/vendor/laravel/framework/src/Illuminate/Session/Middleware/StartSession.php(120): Illuminate/Pipeline/Pipeline->{closure:{closure:Illuminate/Pipeline/Pipeline::carry():194}:195}(Object(Illuminate/Http/Request))
#22 G:/Mursalin_1295365/Laravel/ecommerce/vendor/laravel/framework/src/Illuminate/Session/Middleware/StartSession.php(63): Illuminate/Session/Middleware/StartSession->handleStatefulRequest(Object(Illuminate/Http/Request), Object(Illuminate/Session/Store), Object(Closure))
#23 G:/Mursalin_1295365/Laravel/ecommerce/vendor/laravel/framework/src/Illuminate/Pipeline/Pipeline.php(219): Illuminate/Session/Middleware/StartSession->handle(Object(Illuminate/Http/Request), Object(Closure))
#24 G:/Mursalin_1295365/Laravel/ecommerce/vendor/laravel/framework/src/Illuminate/Cookie/Middleware/AddQueuedCookiesToResponse.php(36): Illuminate/Pipeline/Pipeline->{closure:{closure:Illuminate/Pipeline/Pipeline::carry():194}:195}(Object(Illuminate/Http/Request))
#25 G:/Mursalin_1295365/Laravel/ecommerce/vendor/laravel/framework/src/Illuminate/Pipeline/Pipeline.php(219): Illuminate/Cookie/Middleware/AddQueuedCookiesToResponse->handle(Object(Illuminate/Http/Request), Object(Closure))
#26 G:/Mursalin_1295365/Laravel/ecommerce/vendor/laravel/framework/src/Illuminate/Cookie/Middleware/EncryptCookies.php(74): Illuminate/Pipeline/Pipeline->{closure:{closure:Illuminate/Pipeline/Pipeline::carry():194}:195}(Object(Illuminate/Http/Request))
#27 G:/Mursalin_1295365/Laravel/ecommerce/vendor/laravel/framework/src/Illuminate/Pipeline/Pipeline.php(219): Illuminate/Cookie/Middleware/EncryptCookies->handle(Object(Illuminate/Http/Request), Object(Closure))
#28 G:/Mursalin_1295365/Laravel/ecommerce/vendor/laravel/framework/src/Illuminate/Pipeline/Pipeline.php(137): Illuminate/Pipeline/Pipeline->{closure:{closure:Illuminate/Pipeline/Pipeline::carry():194}:195}(Object(Illuminate/Http/Request))
#29 G:/Mursalin_1295365/Laravel/ecommerce/vendor/laravel/framework/src/Illuminate/Routing/Router.php(821): Illuminate/Pipeline/Pipeline->then(Object(Closure))
#30 G:/Mursalin_1295365/Laravel/ecommerce/vendor/laravel/framework/src/Illuminate/Routing/Router.php(800): Illuminate/Routing/Router->runRouteWithinStack(Object(Illuminate/Routing/Route), Object(Illuminate/Http/Request))
#31 G:/Mursalin_1295365/Laravel/ecommerce/vendor/laravel/framework/src/Illuminate/Routing/Router.php(764): Illuminate/Routing/Router->runRoute(Object(Illuminate/Http/Request), Object(Illuminate/Routing/Route))
#32 G:/Mursalin_1295365/Laravel/ecommerce/vendor/laravel/framework/src/Illuminate/Routing/Router.php(753): Illuminate/Routing/Router->dispatchToRoute(Object(Illuminate/Http/Request))
#33 G:/Mursalin_1295365/Laravel/ecommerce/vendor/laravel/framework/src/Illuminate/Foundation/Http/Kernel.php(200): Illuminate/Routing/Router->dispatch(Object(Illuminate/Http/Request))
#34 G:/Mursalin_1295365/Laravel/ecommerce/vendor/laravel/framework/src/Illuminate/Pipeline/Pipeline.php(180): Illuminate/Foundation/Http/Kernel->{closure:Illuminate/Foundation/Http/Kernel::dispatchToRouter():197}(Object(Illuminate/Http/Request))
#35 G:/Mursalin_1295365/Laravel/ecommerce/vendor/laravel/framework/src/Illuminate/Foundation/Http/Middleware/TransformsRequest.php(21): Illuminate/Pipeline/Pipeline->{closure:Illuminate/Pipeline/Pipeline::prepareDestination():178}(Object(Illuminate/Http/Request))
#36 G:/Mursalin_1295365/Laravel/ecommerce/vendor/laravel/framework/src/Illuminate/Foundation/Http/Middleware/ConvertEmptyStringsToNull.php(31): Illuminate/Foundation/Http/Middleware/TransformsRequest->handle(Object(Illuminate/Http/Request), Object(Closure))
#37 G:/Mursalin_1295365/Laravel/ecommerce/vendor/laravel/framework/src/Illuminate/Pipeline/Pipeline.php(219): Illuminate/Foundation/Http/Middleware/ConvertEmptyStringsToNull->handle(Object(Illuminate/Http/Request), Object(Closure))
#38 G:/Mursalin_1295365/Laravel/ecommerce/vendor/laravel/framework/src/Illuminate/Foundation/Http/Middleware/TransformsRequest.php(21): Illuminate/Pipeline/Pipeline->{closure:{closure:Illuminate/Pipeline/Pipeline::carry():194}:195}(Object(Illuminate/Http/Request))
#39 G:/Mursalin_1295365/Laravel/ecommerce/vendor/laravel/framework/src/Illuminate/Foundation/Http/Middleware/TrimStrings.php(51): Illuminate/Foundation/Http/Middleware/TransformsRequest->handle(Object(Illuminate/Http/Request), Object(Closure))
#40 G:/Mursalin_1295365/Laravel/ecommerce/vendor/laravel/framework/src/Illuminate/Pipeline/Pipeline.php(219): Illuminate/Foundation/Http/Middleware/TrimStrings->handle(Object(Illuminate/Http/Request), Object(Closure))
#41 G:/Mursalin_1295365/Laravel/ecommerce/vendor/laravel/framework/src/Illuminate/Http/Middleware/ValidatePostSize.php(27): Illuminate/Pipeline/Pipeline->{closure:{closure:Illuminate/Pipeline/Pipeline::carry():194}:195}(Object(Illuminate/Http/Request))
#42 G:/Mursalin_1295365/Laravel/ecommerce/vendor/laravel/framework/src/Illuminate/Pipeline/Pipeline.php(219): Illuminate/Http/Middleware/ValidatePostSize->handle(Object(Illuminate/Http/Request), Object(Closure))
#43 G:/Mursalin_1295365/Laravel/ecommerce/vendor/laravel/framework/src/Illuminate/Foundation/Http/Middleware/PreventRequestsDuringMaintenance.php(110): Illuminate/Pipeline/Pipeline->{closure:{closure:Illuminate/Pipeline/Pipeline::carry():194}:195}(Object(Illuminate/Http/Request))
#44 G:/Mursalin_1295365/Laravel/ecommerce/vendor/laravel/framework/src/Illuminate/Pipeline/Pipeline.php(219): Illuminate/Foundation/Http/Middleware/PreventRequestsDuringMaintenance->handle(Object(Illuminate/Http/Request), Object(Closure))
#45 G:/Mursalin_1295365/Laravel/ecommerce/vendor/laravel/framework/src/Illuminate/Http/Middleware/HandleCors.php(61): Illuminate/Pipeline/Pipeline->{closure:{closure:Illuminate/Pipeline/Pipeline::carry():194}:195}(Object(Illuminate/Http/Request))
#46 G:/Mursalin_1295365/Laravel/ecommerce/vendor/laravel/framework/src/Illuminate/Pipeline/Pipeline.php(219): Illuminate/Http/Middleware/HandleCors->handle(Object(Illuminate/Http/Request), Object(Closure))
#47 G:/Mursalin_1295365/Laravel/ecommerce/vendor/laravel/framework/src/Illuminate/Http/Middleware/TrustProxies.php(58): Illuminate/Pipeline/Pipeline->{closure:{closure:Illuminate/Pipeline/Pipeline::carry():194}:195}(Object(Illuminate/Http/Request))
#48 G:/Mursalin_1295365/Laravel/ecommerce/vendor/laravel/framework/src/Illuminate/Pipeline/Pipeline.php(219): Illuminate/Http/Middleware/TrustProxies->handle(Object(Illuminate/Http/Request), Object(Closure))
#49 G:/Mursalin_1295365/Laravel/ecommerce/vendor/laravel/framework/src/Illuminate/Foundation/Http/Middleware/InvokeDeferredCallbacks.php(22): Illuminate/Pipeline/Pipeline->{closure:{closure:Illuminate/Pipeline/Pipeline::carry():194}:195}(Object(Illuminate/Http/Request))
#50 G:/Mursalin_1295365/Laravel/ecommerce/vendor/laravel/framework/src/Illuminate/Pipeline/Pipeline.php(219): Illuminate/Foundation/Http/Middleware/InvokeDeferredCallbacks->handle(Object(Illuminate/Http/Request), Object(Closure))
#51 G:/Mursalin_1295365/Laravel/ecommerce/vendor/laravel/framework/src/Illuminate/Http/Middleware/ValidatePathEncoding.php(28): Illuminate/Pipeline/Pipeline->{closure:{closure:Illuminate/Pipeline/Pipeline::carry():194}:195}(Object(Illuminate/Http/Request))
#52 G:/Mursalin_1295365/Laravel/ecommerce/vendor/laravel/framework/src/Illuminate/Pipeline/Pipeline.php(219): Illuminate/Http/Middleware/ValidatePathEncoding->handle(Object(Illuminate/Http/Request), Object(Closure))
#53 G:/Mursalin_1295365/Laravel/ecommerce/vendor/laravel/framework/src/Illuminate/Pipeline/Pipeline.php(137): Illuminate/Pipeline/Pipeline->{closure:{closure:Illuminate/Pipeline/Pipeline::carry():194}:195}(Object(Illuminate/Http/Request))
#54 G:/Mursalin_1295365/Laravel/ecommerce/vendor/laravel/framework/src/Illuminate/Foundation/Http/Kernel.php(175): Illuminate/Pipeline/Pipeline->then(Object(Closure))
#55 G:/Mursalin_1295365/Laravel/ecommerce/vendor/laravel/framework/src/Illuminate/Foundation/Http/Kernel.php(144): Illuminate/Foundation/Http/Kernel->sendRequestThroughRouter(Object(Illuminate/Http/Request))
#56 G:/Mursalin_1295365/Laravel/ecommerce/vendor/laravel/framework/src/Illuminate/Foundation/Application.php(1227): Illuminate/Foundation/Http/Kernel->handle(Object(Illuminate/Http/Request))
#57 G:/Mursalin_1295365/Laravel/ecommerce/public/index.php(20): Illuminate/Foundation/Application->handleRequest(Object(Illuminate/Http/Request))
#58 C:/Program Files/Herd/resources/app.asar.unpacked/resources/valet/server.php(140): require('G://Mursalin_129...')
#59 {main}

[previous exception] [object] (PDOException(code: 42S22): SQLSTATE[42S22]: Column not found: 1054 Unknown column 'products.brand_brand_id' in 'where clause' at G:/Mursalin_1295365/Laravel/ecommerce/vendor/laravel/framework/src/Illuminate/Database/Connection.php:435)
[stacktrace]
#0 G:/Mursalin_1295365/Laravel/ecommerce/vendor/laravel/framework/src/Illuminate/Database/Connection.php(435): PDO->prepare('select `brands`...')
#1 G:/Mursalin_1295365/Laravel/ecommerce/vendor/laravel/framework/src/Illuminate/Database/Connection.php(846): Illuminate/Database/Connection->{closure:Illuminate/Database/Connection::select():426}('select `brands`...', Array)
#2 G:/Mursalin_1295365/Laravel/ecommerce/vendor/laravel/framework/src/Illuminate/Database/Connection.php(813): Illuminate/Database/Connection->runQueryCallback('select `brands`...', Array, Object(Closure))
#3 G:/Mursalin_1295365/Laravel/ecommerce/vendor/laravel/framework/src/Illuminate/Database/Connection.php(426): Illuminate/Database/Connection->run('select `brands`...', Array, Object(Closure))
#4 G:/Mursalin_1295365/Laravel/ecommerce/vendor/laravel/framework/src/Illuminate/Database/Query/Builder.php(3629): Illuminate/Database/Connection->select('select `brands`...', Array, true, Array)
#5 G:/Mursalin_1295365/Laravel/ecommerce/vendor/laravel/framework/src/Illuminate/Database/Query/Builder.php(3613): Illuminate/Database/Query/Builder->runSelect()
#6 G:/Mursalin_1295365/Laravel/ecommerce/vendor/laravel/framework/src/Illuminate/Database/Eloquent/Builder.php(931): Illuminate/Database/Query/Builder->get(Array)
#7 G:/Mursalin_1295365/Laravel/ecommerce/vendor/laravel/framework/src/Illuminate/Database/Eloquent/Builder.php(913): Illuminate/Database/Eloquent/Builder->getModels(Array)
#8 G:/Mursalin_1295365/Laravel/ecommerce/vendor/laravel/framework/src/Illuminate/Database/Eloquent/Builder.php(1164): Illuminate/Database/Eloquent/Builder->get(Array)
#9 G:/Mursalin_1295365/Laravel/ecommerce/app/Http/Controllers/BrandController.php(13): Illuminate/Database/Eloquent/Builder->paginate(10)
#10 G:/Mursalin_1295365/Laravel/ecommerce/vendor/laravel/framework/src/Illuminate/Routing/ControllerDispatcher.php(46): App/Http/Controllers/BrandController->index()
#11 G:/Mursalin_1295365/Laravel/ecommerce/vendor/laravel/framework/src/Illuminate/Routing/Route.php(276): Illuminate/Routing/ControllerDispatcher->dispatch(Object(Illuminate/Routing/Route), Object(App/Http/Controllers/BrandController), 'index')
#12 G:/Mursalin_1295365/Laravel/ecommerce/vendor/laravel/framework/src/Illuminate/Routing/Route.php(216): Illuminate/Routing/Route->runController()
#13 G:/Mursalin_1295365/Laravel/ecommerce/vendor/laravel/framework/src/Illuminate/Routing/Router.php(822): Illuminate/Routing/Route->run()
#14 G:/Mursalin_1295365/Laravel/ecommerce/vendor/laravel/framework/src/Illuminate/Pipeline/Pipeline.php(180): Illuminate/Routing/Router->{closure:Illuminate/Routing/Router::runRouteWithinStack():821}(Object(Illuminate/Http/Request))
#15 G:/Mursalin_1295365/Laravel/ecommerce/vendor/laravel/boost/src/Middleware/InjectBoost.php(22): Illuminate/Pipeline/Pipeline->{closure:Illuminate/Pipeline/Pipeline::prepareDestination():178}(Object(Illuminate/Http/Request))
#16 G:/Mursalin_1295365/Laravel/ecommerce/vendor/laravel/framework/src/Illuminate/Pipeline/Pipeline.php(219): Laravel/Boost/Middleware/InjectBoost->handle(Object(Illuminate/Http/Request), Object(Closure))
#17 G:/Mursalin_1295365/Laravel/ecommerce/vendor/laravel/framework/src/Illuminate/Routing/Middleware/SubstituteBindings.php(52): Illuminate/Pipeline/Pipeline->{closure:{closure:Illuminate/Pipeline/Pipeline::carry():194}:195}(Object(Illuminate/Http/Request))
#18 G:/Mursalin_1295365/Laravel/ecommerce/vendor/laravel/framework/src/Illuminate/Pipeline/Pipeline.php(219): Illuminate/Routing/Middleware/SubstituteBindings->handle(Object(Illuminate/Http/Request), Object(Closure))
#19 G:/Mursalin_1295365/Laravel/ecommerce/vendor/laravel/framework/src/Illuminate/Foundation/Http/Middleware/PreventRequestForgery.php(104): Illuminate/Pipeline/Pipeline->{closure:{closure:Illuminate/Pipeline/Pipeline::carry():194}:195}(Object(Illuminate/Http/Request))
#20 G:/Mursalin_1295365/Laravel/ecommerce/vendor/laravel/framework/src/Illuminate/Pipeline/Pipeline.php(219): Illuminate/Foundation/Http/Middleware/PreventRequestForgery->handle(Object(Illuminate/Http/Request), Object(Closure))
#21 G:/Mursalin_1295365/Laravel/ecommerce/vendor/laravel/framework/src/Illuminate/View/Middleware/ShareErrorsFromSession.php(48): Illuminate/Pipeline/Pipeline->{closure:{closure:Illuminate/Pipeline/Pipeline::carry():194}:195}(Object(Illuminate/Http/Request))
#22 G:/Mursalin_1295365/Laravel/ecommerce/vendor/laravel/framework/src/Illuminate/Pipeline/Pipeline.php(219): Illuminate/View/Middleware/ShareErrorsFromSession->handle(Object(Illuminate/Http/Request), Object(Closure))
#23 G:/Mursalin_1295365/Laravel/ecommerce/vendor/laravel/framework/src/Illuminate/Session/Middleware/StartSession.php(120): Illuminate/Pipeline/Pipeline->{closure:{closure:Illuminate/Pipeline/Pipeline::carry():194}:195}(Object(Illuminate/Http/Request))
#24 G:/Mursalin_1295365/Laravel/ecommerce/vendor/laravel/framework/src/Illuminate/Session/Middleware/StartSession.php(63): Illuminate/Session/Middleware/StartSession->handleStatefulRequest(Object(Illuminate/Http/Request), Object(Illuminate/Session/Store), Object(Closure))
#25 G:/Mursalin_1295365/Laravel/ecommerce/vendor/laravel/framework/src/Illuminate/Pipeline/Pipeline.php(219): Illuminate/Session/Middleware/StartSession->handle(Object(Illuminate/Http/Request), Object(Closure))
#26 G:/Mursalin_1295365/Laravel/ecommerce/vendor/laravel/framework/src/Illuminate/Cookie/Middleware/AddQueuedCookiesToResponse.php(36): Illuminate/Pipeline/Pipeline->{closure:{closure:Illuminate/Pipeline/Pipeline::carry():194}:195}(Object(Illuminate/Http/Request))
#27 G:/Mursalin_1295365/Laravel/ecommerce/vendor/laravel/framework/src/Illuminate/Pipeline/Pipeline.php(219): Illuminate/Cookie/Middleware/AddQueuedCookiesToResponse->handle(Object(Illuminate/Http/Request), Object(Closure))
#28 G:/Mursalin_1295365/Laravel/ecommerce/vendor/laravel/framework/src/Illuminate/Cookie/Middleware/EncryptCookies.php(74): Illuminate/Pipeline/Pipeline->{closure:{closure:Illuminate/Pipeline/Pipeline::carry():194}:195}(Object(Illuminate/Http/Request))
#29 G:/Mursalin_1295365/Laravel/ecommerce/vendor/laravel/framework/src/Illuminate/Pipeline/Pipeline.php(219): Illuminate/Cookie/Middleware/EncryptCookies->handle(Object(Illuminate/Http/Request), Object(Closure))
#30 G:/Mursalin_1295365/Laravel/ecommerce/vendor/laravel/framework/src/Illuminate/Pipeline/Pipeline.php(137): Illuminate/Pipeline/Pipeline->{closure:{closure:Illuminate/Pipeline/Pipeline::carry():194}:195}(Object(Illuminate/Http/Request))
#31 G:/Mursalin_1295365/Laravel/ecommerce/vendor/laravel/framework/src/Illuminate/Routing/Router.php(821): Illuminate/Pipeline/Pipeline->then(Object(Closure))
#32 G:/Mursalin_1295365/Laravel/ecommerce/vendor/laravel/framework/src/Illuminate/Routing/Router.php(800): Illuminate/Routing/Router->runRouteWithinStack(Object(Illuminate/Routing/Route), Object(Illuminate/Http/Request))
#33 G:/Mursalin_1295365/Laravel/ecommerce/vendor/laravel/framework/src/Illuminate/Routing/Router.php(764): Illuminate/Routing/Router->runRoute(Object(Illuminate/Http/Request), Object(Illuminate/Routing/Route))
#34 G:/Mursalin_1295365/Laravel/ecommerce/vendor/laravel/framework/src/Illuminate/Routing/Router.php(753): Illuminate/Routing/Router->dispatchToRoute(Object(Illuminate/Http/Request))
#35 G:/Mursalin_1295365/Laravel/ecommerce/vendor/laravel/framework/src/Illuminate/Foundation/Http/Kernel.php(200): Illuminate/Routing/Router->dispatch(Object(Illuminate/Http/Request))
#36 G:/Mursalin_1295365/Laravel/ecommerce/vendor/laravel/framework/src/Illuminate/Pipeline/Pipeline.php(180): Illuminate/Foundation/Http/Kernel->{closure:Illuminate/Foundation/Http/Kernel::dispatchToRouter():197}(Object(Illuminate/Http/Request))
#37 G:/Mursalin_1295365/Laravel/ecommerce/vendor/laravel/framework/src/Illuminate/Foundation/Http/Middleware/TransformsRequest.php(21): Illuminate/Pipeline/Pipeline->{closure:Illuminate/Pipeline/Pipeline::prepareDestination():178}(Object(Illuminate/Http/Request))
#38 G:/Mursalin_1295365/Laravel/ecommerce/vendor/laravel/framework/src/Illuminate/Foundation/Http/Middleware/ConvertEmptyStringsToNull.php(31): Illuminate/Foundation/Http/Middleware/TransformsRequest->handle(Object(Illuminate/Http/Request), Object(Closure))
#39 G:/Mursalin_1295365/Laravel/ecommerce/vendor/laravel/framework/src/Illuminate/Pipeline/Pipeline.php(219): Illuminate/Foundation/Http/Middleware/ConvertEmptyStringsToNull->handle(Object(Illuminate/Http/Request), Object(Closure))
#40 G:/Mursalin_1295365/Laravel/ecommerce/vendor/laravel/framework/src/Illuminate/Foundation/Http/Middleware/TransformsRequest.php(21): Illuminate/Pipeline/Pipeline->{closure:{closure:Illuminate/Pipeline/Pipeline::carry():194}:195}(Object(Illuminate/Http/Request))
#41 G:/Mursalin_1295365/Laravel/ecommerce/vendor/laravel/framework/src/Illuminate/Foundation/Http/Middleware/TrimStrings.php(51): Illuminate/Foundation/Http/Middleware/TransformsRequest->handle(Object(Illuminate/Http/Request), Object(Closure))
#42 G:/Mursalin_1295365/Laravel/ecommerce/vendor/laravel/framework/src/Illuminate/Pipeline/Pipeline.php(219): Illuminate/Foundation/Http/Middleware/TrimStrings->handle(Object(Illuminate/Http/Request), Object(Closure))
#43 G:/Mursalin_1295365/Laravel/ecommerce/vendor/laravel/framework/src/Illuminate/Http/Middleware/ValidatePostSize.php(27): Illuminate/Pipeline/Pipeline->{closure:{closure:Illuminate/Pipeline/Pipeline::carry():194}:195}(Object(Illuminate/Http/Request))
#44 G:/Mursalin_1295365/Laravel/ecommerce/vendor/laravel/framework/src/Illuminate/Pipeline/Pipeline.php(219): Illuminate/Http/Middleware/ValidatePostSize->handle(Object(Illuminate/Http/Request), Object(Closure))
#45 G:/Mursalin_1295365/Laravel/ecommerce/vendor/laravel/framework/src/Illuminate/Foundation/Http/Middleware/PreventRequestsDuringMaintenance.php(110): Illuminate/Pipeline/Pipeline->{closure:{closure:Illuminate/Pipeline/Pipeline::carry():194}:195}(Object(Illuminate/Http/Request))
#46 G:/Mursalin_1295365/Laravel/ecommerce/vendor/laravel/framework/src/Illuminate/Pipeline/Pipeline.php(219): Illuminate/Foundation/Http/Middleware/PreventRequestsDuringMaintenance->handle(Object(Illuminate/Http/Request), Object(Closure))
#47 G:/Mursalin_1295365/Laravel/ecommerce/vendor/laravel/framework/src/Illuminate/Http/Middleware/HandleCors.php(61): Illuminate/Pipeline/Pipeline->{closure:{closure:Illuminate/Pipeline/Pipeline::carry():194}:195}(Object(Illuminate/Http/Request))
#48 G:/Mursalin_1295365/Laravel/ecommerce/vendor/laravel/framework/src/Illuminate/Pipeline/Pipeline.php(219): Illuminate/Http/Middleware/HandleCors->handle(Object(Illuminate/Http/Request), Object(Closure))
#49 G:/Mursalin_1295365/Laravel/ecommerce/vendor/laravel/framework/src/Illuminate/Http/Middleware/TrustProxies.php(58): Illuminate/Pipeline/Pipeline->{closure:{closure:Illuminate/Pipeline/Pipeline::carry():194}:195}(Object(Illuminate/Http/Request))
#50 G:/Mursalin_1295365/Laravel/ecommerce/vendor/laravel/framework/src/Illuminate/Pipeline/Pipeline.php(219): Illuminate/Http/Middleware/TrustProxies->handle(Object(Illuminate/Http/Request), Object(Closure))
#51 G:/Mursalin_1295365/Laravel/ecommerce/vendor/laravel/framework/src/Illuminate/Foundation/Http/Middleware/InvokeDeferredCallbacks.php(22): Illuminate/Pipeline/Pipeline->{closure:{closure:Illuminate/Pipeline/Pipeline::carry():194}:195}(Object(Illuminate/Http/Request))
#52 G:/Mursalin_1295365/Laravel/ecommerce/vendor/laravel/framework/src/Illuminate/Pipeline/Pipeline.php(219): Illuminate/Foundation/Http/Middleware/InvokeDeferredCallbacks->handle(Object(Illuminate/Http/Request), Object(Closure))
#53 G:/Mursalin_1295365/Laravel/ecommerce/vendor/laravel/framework/src/Illuminate/Http/Middleware/ValidatePathEncoding.php(28): Illuminate/Pipeline/Pipeline->{closure:{closure:Illuminate/Pipeline/Pipeline::carry():194}:195}(Object(Illuminate/Http/Request))
#54 G:/Mursalin_1295365/Laravel/ecommerce/vendor/laravel/framework/src/Illuminate/Pipeline/Pipeline.php(219): Illuminate/Http/Middleware/ValidatePathEncoding->handle(Object(Illuminate/Http/Request), Object(Closure))
#55 G:/Mursalin_1295365/Laravel/ecommerce/vendor/laravel/framework/src/Illuminate/Pipeline/Pipeline.php(137): Illuminate/Pipeline/Pipeline->{closure:{closure:Illuminate/Pipeline/Pipeline::carry():194}:195}(Object(Illuminate/Http/Request))
#56 G:/Mursalin_1295365/Laravel/ecommerce/vendor/laravel/framework/src/Illuminate/Foundation/Http/Kernel.php(175): Illuminate/Pipeline/Pipeline->then(Object(Closure))
#57 G:/Mursalin_1295365/Laravel/ecommerce/vendor/laravel/framework/src/Illuminate/Foundation/Http/Kernel.php(144): Illuminate/Foundation/Http/Kernel->sendRequestThroughRouter(Object(Illuminate/Http/Request))
#58 G:/Mursalin_1295365/Laravel/ecommerce/vendor/laravel/framework/src/Illuminate/Foundation/Application.php(1227): Illuminate/Foundation/Http/Kernel->handle(Object(Illuminate/Http/Request))
#59 G:/Mursalin_1295365/Laravel/ecommerce/public/index.php(20): Illuminate/Foundation/Application->handleRequest(Object(Illuminate/Http/Request))
#60 C:/Program Files/Herd/resources/app.asar.unpacked/resources/valet/server.php(140): require('G://Mursalin_129...')
#61 {main}
"} 
[2026-09-20 05:03:09] local.ERROR: SQLSTATE[42S22]: Column not found: 1054 Unknown column 'id' in 'where clause' (Connection: mysql, Host: 127.0.0.1, Port: 3306, Database: ecommerce, SQL: select count(*) as `aggregate` from `categories` where `id` = 2) {"exception":"[object] (Illuminate\\Database\\QueryException(code: 42S22): SQLSTATE[42S22]: Column not found: 1054 Unknown column 'id' in 'where clause' (Connection: mysql, Host: 127.0.0.1, Port: 3306, Database: ecommerce, SQL: select count(*) as `aggregate` from `categories` where `id` = 2) at G:/Mursalin_1295365/Laravel/ecommerce/vendor/laravel/framework/src/Illuminate/Database/Connection.php:857)
[stacktrace]
#0 G:/Mursalin_1295365/Laravel/ecommerce/vendor/laravel/framework/src/Illuminate/Database/Connection.php(813): Illuminate/Database/Connection->runQueryCallback('select count(*)...', Array, Object(Closure))
#1 G:/Mursalin_1295365/Laravel/ecommerce/vendor/laravel/framework/src/Illuminate/Database/Connection.php(426): Illuminate/Database/Connection->run('select count(*)...', Array, Object(Closure))
#2 G:/Mursalin_1295365/Laravel/ecommerce/vendor/laravel/framework/src/Illuminate/Database/Query/Builder.php(3629): Illuminate/Database/Connection->select('select count(*)...', Array, false, Array)
#3 G:/Mursalin_1295365/Laravel/ecommerce/vendor/laravel/framework/src/Illuminate/Database/Query/Builder.php(3613): Illuminate/Database/Query/Builder->runSelect()
#4 G:/Mursalin_1295365/Laravel/ecommerce/vendor/laravel/framework/src/Illuminate/Database/Query/Builder.php(4129): Illuminate/Database/Query/Builder->get(Array)
#5 G:/Mursalin_1295365/Laravel/ecommerce/vendor/laravel/framework/src/Illuminate/Database/Query/Builder.php(4057): Illuminate/Database/Query/Builder->aggregate('count', Array)
#6 G:/Mursalin_1295365/Laravel/ecommerce/vendor/laravel/framework/src/Illuminate/Validation/DatabasePresenceVerifier.php(53): Illuminate/Database/Query/Builder->count()
#7 G:/Mursalin_1295365/Laravel/ecommerce/vendor/laravel/framework/src/Illuminate/Validation/Concerns/ValidatesAttributes.php(1081): Illuminate/Validation/DatabasePresenceVerifier->getCount('categories', 'id', '2', NULL, NULL, Array)
#8 G:/Mursalin_1295365/Laravel/ecommerce/vendor/laravel/framework/src/Illuminate/Validation/Concerns/ValidatesAttributes.php(1052): Illuminate/Validation/Validator->getExistCount(NULL, 'categories', 'id', '2', Array)
#9 G:/Mursalin_1295365/Laravel/ecommerce/vendor/laravel/framework/src/Illuminate/Validation/Validator.php(733): Illuminate/Validation/Validator->validateExists('category_id', '2', Array, Object(Illuminate/Validation/Validator))
#10 G:/Mursalin_1295365/Laravel/ecommerce/vendor/laravel/framework/src/Illuminate/Validation/Validator.php(488): Illuminate/Validation/Validator->validateAttribute('category_id', 'Exists')
#11 G:/Mursalin_1295365/Laravel/ecommerce/vendor/laravel/framework/src/Illuminate/Validation/Validator.php(523): Illuminate/Validation/Validator->passes()
#12 G:/Mursalin_1295365/Laravel/ecommerce/vendor/laravel/framework/src/Illuminate/Validation/Validator.php(599): Illuminate/Validation/Validator->fails()
#13 G:/Mursalin_1295365/Laravel/ecommerce/vendor/laravel/framework/src/Illuminate/Foundation/Providers/FoundationServiceProvider.php(158): Illuminate/Validation/Validator->validate()
#14 G:/Mursalin_1295365/Laravel/ecommerce/vendor/laravel/framework/src/Illuminate/Macroable/Traits/Macroable.php(132): Illuminate/Http/Request->{closure:Illuminate/Foundation/Providers/FoundationServiceProvider::registerRequestValidation():150}(Array)
#15 G:/Mursalin_1295365/Laravel/ecommerce/app/Http/Controllers/ProductController.php(38): Illuminate/Http/Request->__call('validate', Array)
#16 G:/Mursalin_1295365/Laravel/ecommerce/vendor/laravel/framework/src/Illuminate/Routing/ControllerDispatcher.php(46): App/Http/Controllers/ProductController->store(Object(Illuminate/Http/Request))
#17 G:/Mursalin_1295365/Laravel/ecommerce/vendor/laravel/framework/src/Illuminate/Routing/Route.php(276): Illuminate/Routing/ControllerDispatcher->dispatch(Object(Illuminate/Routing/Route), Object(App/Http/Controllers/ProductController), 'store')
#18 G:/Mursalin_1295365/Laravel/ecommerce/vendor/laravel/framework/src/Illuminate/Routing/Route.php(216): Illuminate/Routing/Route->runController()
#19 G:/Mursalin_1295365/Laravel/ecommerce/vendor/laravel/framework/src/Illuminate/Routing/Router.php(822): Illuminate/Routing/Route->run()
#20 G:/Mursalin_1295365/Laravel/ecommerce/vendor/laravel/framework/src/Illuminate/Pipeline/Pipeline.php(180): Illuminate/Routing/Router->{closure:Illuminate/Routing/Router::runRouteWithinStack():821}(Object(Illuminate/Http/Request))
#21 G:/Mursalin_1295365/Laravel/ecommerce/vendor/laravel/boost/src/Middleware/InjectBoost.php(22): Illuminate/Pipeline/Pipeline->{closure:Illuminate/Pipeline/Pipeline::prepareDestination():178}(Object(Illuminate/Http/Request))
#22 G:/Mursalin_1295365/Laravel/ecommerce/vendor/laravel/framework/src/Illuminate/Pipeline/Pipeline.php(219): Laravel/Boost/Middleware/InjectBoost->handle(Object(Illuminate/Http/Request), Object(Closure))
#23 G:/Mursalin_1295365/Laravel/ecommerce/vendor/laravel/framework/src/Illuminate/Routing/Middleware/SubstituteBindings.php(52): Illuminate/Pipeline/Pipeline->{closure:{closure:Illuminate/Pipeline/Pipeline::carry():194}:195}(Object(Illuminate/Http/Request))
#24 G:/Mursalin_1295365/Laravel/ecommerce/vendor/laravel/framework/src/Illuminate/Pipeline/Pipeline.php(219): Illuminate/Routing/Middleware/SubstituteBindings->handle(Object(Illuminate/Http/Request), Object(Closure))
#25 G:/Mursalin_1295365/Laravel/ecommerce/vendor/laravel/framework/src/Illuminate/Foundation/Http/Middleware/PreventRequestForgery.php(104): Illuminate/Pipeline/Pipeline->{closure:{closure:Illuminate/Pipeline/Pipeline::carry():194}:195}(Object(Illuminate/Http/Request))
#26 G:/Mursalin_1295365/Laravel/ecommerce/vendor/laravel/framework/src/Illuminate/Pipeline/Pipeline.php(219): Illuminate/Foundation/Http/Middleware/PreventRequestForgery->handle(Object(Illuminate/Http/Request), Object(Closure))
#27 G:/Mursalin_1295365/Laravel/ecommerce/vendor/laravel/framework/src/Illuminate/View/Middleware/ShareErrorsFromSession.php(48): Illuminate/Pipeline/Pipeline->{closure:{closure:Illuminate/Pipeline/Pipeline::carry():194}:195}(Object(Illuminate/Http/Request))
#28 G:/Mursalin_1295365/Laravel/ecommerce/vendor/laravel/framework/src/Illuminate/Pipeline/Pipeline.php(219): Illuminate/View/Middleware/ShareErrorsFromSession->handle(Object(Illuminate/Http/Request), Object(Closure))
#29 G:/Mursalin_1295365/Laravel/ecommerce/vendor/laravel/framework/src/Illuminate/Session/Middleware/StartSession.php(120): Illuminate/Pipeline/Pipeline->{closure:{closure:Illuminate/Pipeline/Pipeline::carry():194}:195}(Object(Illuminate/Http/Request))
#30 G:/Mursalin_1295365/Laravel/ecommerce/vendor/laravel/framework/src/Illuminate/Session/Middleware/StartSession.php(63): Illuminate/Session/Middleware/StartSession->handleStatefulRequest(Object(Illuminate/Http/Request), Object(Illuminate/Session/Store), Object(Closure))
#31 G:/Mursalin_1295365/Laravel/ecommerce/vendor/laravel/framework/src/Illuminate/Pipeline/Pipeline.php(219): Illuminate/Session/Middleware/StartSession->handle(Object(Illuminate/Http/Request), Object(Closure))
#32 G:/Mursalin_1295365/Laravel/ecommerce/vendor/laravel/framework/src/Illuminate/Cookie/Middleware/AddQueuedCookiesToResponse.php(36): Illuminate/Pipeline/Pipeline->{closure:{closure:Illuminate/Pipeline/Pipeline::carry():194}:195}(Object(Illuminate/Http/Request))
#33 G:/Mursalin_1295365/Laravel/ecommerce/vendor/laravel/framework/src/Illuminate/Pipeline/Pipeline.php(219): Illuminate/Cookie/Middleware/AddQueuedCookiesToResponse->handle(Object(Illuminate/Http/Request), Object(Closure))
#34 G:/Mursalin_1295365/Laravel/ecommerce/vendor/laravel/framework/src/Illuminate/Cookie/Middleware/EncryptCookies.php(74): Illuminate/Pipeline/Pipeline->{closure:{closure:Illuminate/Pipeline/Pipeline::carry():194}:195}(Object(Illuminate/Http/Request))
#35 G:/Mursalin_1295365/Laravel/ecommerce/vendor/laravel/framework/src/Illuminate/Pipeline/Pipeline.php(219): Illuminate/Cookie/Middleware/EncryptCookies->handle(Object(Illuminate/Http/Request), Object(Closure))
#36 G:/Mursalin_1295365/Laravel/ecommerce/vendor/laravel/framework/src/Illuminate/Pipeline/Pipeline.php(137): Illuminate/Pipeline/Pipeline->{closure:{closure:Illuminate/Pipeline/Pipeline::carry():194}:195}(Object(Illuminate/Http/Request))
#37 G:/Mursalin_1295365/Laravel/ecommerce/vendor/laravel/framework/src/Illuminate/Routing/Router.php(821): Illuminate/Pipeline/Pipeline->then(Object(Closure))
#38 G:/Mursalin_1295365/Laravel/ecommerce/vendor/laravel/framework/src/Illuminate/Routing/Router.php(800): Illuminate/Routing/Router->runRouteWithinStack(Object(Illuminate/Routing/Route), Object(Illuminate/Http/Request))
#39 G:/Mursalin_1295365/Laravel/ecommerce/vendor/laravel/framework/src/Illuminate/Routing/Router.php(764): Illuminate/Routing/Router->runRoute(Object(Illuminate/Http/Request), Object(Illuminate/Routing/Route))
#40 G:/Mursalin_1295365/Laravel/ecommerce/vendor/laravel/framework/src/Illuminate/Routing/Router.php(753): Illuminate/Routing/Router->dispatchToRoute(Object(Illuminate/Http/Request))
#41 G:/Mursalin_1295365/Laravel/ecommerce/vendor/laravel/framework/src/Illuminate/Foundation/Http/Kernel.php(200): Illuminate/Routing/Router->dispatch(Object(Illuminate/Http/Request))
#42 G:/Mursalin_1295365/Laravel/ecommerce/vendor/laravel/framework/src/Illuminate/Pipeline/Pipeline.php(180): Illuminate/Foundation/Http/Kernel->{closure:Illuminate/Foundation/Http/Kernel::dispatchToRouter():197}(Object(Illuminate/Http/Request))
#43 G:/Mursalin_1295365/Laravel/ecommerce/vendor/laravel/framework/src/Illuminate/Foundation/Http/Middleware/TransformsRequest.php(21): Illuminate/Pipeline/Pipeline->{closure:Illuminate/Pipeline/Pipeline::prepareDestination():178}(Object(Illuminate/Http/Request))
#44 G:/Mursalin_1295365/Laravel/ecommerce/vendor/laravel/framework/src/Illuminate/Foundation/Http/Middleware/ConvertEmptyStringsToNull.php(31): Illuminate/Foundation/Http/Middleware/TransformsRequest->handle(Object(Illuminate/Http/Request), Object(Closure))
#45 G:/Mursalin_1295365/Laravel/ecommerce/vendor/laravel/framework/src/Illuminate/Pipeline/Pipeline.php(219): Illuminate/Foundation/Http/Middleware/ConvertEmptyStringsToNull->handle(Object(Illuminate/Http/Request), Object(Closure))
#46 G:/Mursalin_1295365/Laravel/ecommerce/vendor/laravel/framework/src/Illuminate/Foundation/Http/Middleware/TransformsRequest.php(21): Illuminate/Pipeline/Pipeline->{closure:{closure:Illuminate/Pipeline/Pipeline::carry():194}:195}(Object(Illuminate/Http/Request))
#47 G:/Mursalin_1295365/Laravel/ecommerce/vendor/laravel/framework/src/Illuminate/Foundation/Http/Middleware/TrimStrings.php(51): Illuminate/Foundation/Http/Middleware/TransformsRequest->handle(Object(Illuminate/Http/Request), Object(Closure))
#48 G:/Mursalin_1295365/Laravel/ecommerce/vendor/laravel/framework/src/Illuminate/Pipeline/Pipeline.php(219): Illuminate/Foundation/Http/Middleware/TrimStrings->handle(Object(Illuminate/Http/Request), Object(Closure))
#49 G:/Mursalin_1295365/Laravel/ecommerce/vendor/laravel/framework/src/Illuminate/Http/Middleware/ValidatePostSize.php(27): Illuminate/Pipeline/Pipeline->{closure:{closure:Illuminate/Pipeline/Pipeline::carry():194}:195}(Object(Illuminate/Http/Request))
#50 G:/Mursalin_1295365/Laravel/ecommerce/vendor/laravel/framework/src/Illuminate/Pipeline/Pipeline.php(219): Illuminate/Http/Middleware/ValidatePostSize->handle(Object(Illuminate/Http/Request), Object(Closure))
#51 G:/Mursalin_1295365/Laravel/ecommerce/vendor/laravel/framework/src/Illuminate/Foundation/Http/Middleware/PreventRequestsDuringMaintenance.php(110): Illuminate/Pipeline/Pipeline->{closure:{closure:Illuminate/Pipeline/Pipeline::carry():194}:195}(Object(Illuminate/Http/Request))
#52 G:/Mursalin_1295365/Laravel/ecommerce/vendor/laravel/framework/src/Illuminate/Pipeline/Pipeline.php(219): Illuminate/Foundation/Http/Middleware/PreventRequestsDuringMaintenance->handle(Object(Illuminate/Http/Request), Object(Closure))
#53 G:/Mursalin_1295365/Laravel/ecommerce/vendor/laravel/framework/src/Illuminate/Http/Middleware/HandleCors.php(61): Illuminate/Pipeline/Pipeline->{closure:{closure:Illuminate/Pipeline/Pipeline::carry():194}:195}(Object(Illuminate/Http/Request))
#54 G:/Mursalin_1295365/Laravel/ecommerce/vendor/laravel/framework/src/Illuminate/Pipeline/Pipeline.php(219): Illuminate/Http/Middleware/HandleCors->handle(Object(Illuminate/Http/Request), Object(Closure))
#55 G:/Mursalin_1295365/Laravel/ecommerce/vendor/laravel/framework/src/Illuminate/Http/Middleware/TrustProxies.php(58): Illuminate/Pipeline/Pipeline->{closure:{closure:Illuminate/Pipeline/Pipeline::carry():194}:195}(Object(Illuminate/Http/Request))
#56 G:/Mursalin_1295365/Laravel/ecommerce/vendor/laravel/framework/src/Illuminate/Pipeline/Pipeline.php(219): Illuminate/Http/Middleware/TrustProxies->handle(Object(Illuminate/Http/Request), Object(Closure))
#57 G:/Mursalin_1295365/Laravel/ecommerce/vendor/laravel/framework/src/Illuminate/Foundation/Http/Middleware/InvokeDeferredCallbacks.php(22): Illuminate/Pipeline/Pipeline->{closure:{closure:Illuminate/Pipeline/Pipeline::carry():194}:195}(Object(Illuminate/Http/Request))
#58 G:/Mursalin_1295365/Laravel/ecommerce/vendor/laravel/framework/src/Illuminate/Pipeline/Pipeline.php(219): Illuminate/Foundation/Http/Middleware/InvokeDeferredCallbacks->handle(Object(Illuminate/Http/Request), Object(Closure))
#59 G:/Mursalin_1295365/Laravel/ecommerce/vendor/laravel/framework/src/Illuminate/Http/Middleware/ValidatePathEncoding.php(28): Illuminate/Pipeline/Pipeline->{closure:{closure:Illuminate/Pipeline/Pipeline::carry():194}:195}(Object(Illuminate/Http/Request))
#60 G:/Mursalin_1295365/Laravel/ecommerce/vendor/laravel/framework/src/Illuminate/Pipeline/Pipeline.php(219): Illuminate/Http/Middleware/ValidatePathEncoding->handle(Object(Illuminate/Http/Request), Object(Closure))
#61 G:/Mursalin_1295365/Laravel/ecommerce/vendor/laravel/framework/src/Illuminate/Pipeline/Pipeline.php(137): Illuminate/Pipeline/Pipeline->{closure:{closure:Illuminate/Pipeline/Pipeline::carry():194}:195}(Object(Illuminate/Http/Request))
#62 G:/Mursalin_1295365/Laravel/ecommerce/vendor/laravel/framework/src/Illuminate/Foundation/Http/Kernel.php(175): Illuminate/Pipeline/Pipeline->then(Object(Closure))
#63 G:/Mursalin_1295365/Laravel/ecommerce/vendor/laravel/framework/src/Illuminate/Foundation/Http/Kernel.php(144): Illuminate/Foundation/Http/Kernel->sendRequestThroughRouter(Object(Illuminate/Http/Request))
#64 G:/Mursalin_1295365/Laravel/ecommerce/vendor/laravel/framework/src/Illuminate/Foundation/Application.php(1227): Illuminate/Foundation/Http/Kernel->handle(Object(Illuminate/Http/Request))
#65 G:/Mursalin_1295365/Laravel/ecommerce/public/index.php(20): Illuminate/Foundation/Application->handleRequest(Object(Illuminate/Http/Request))
#66 C:/Program Files/Herd/resources/app.asar.unpacked/resources/valet/server.php(140): require('G://Mursalin_129...')
#67 {main}

[previous exception] [object] (PDOException(code: 42S22): SQLSTATE[42S22]: Column not found: 1054 Unknown column 'id' in 'where clause' at G:/Mursalin_1295365/Laravel/ecommerce/vendor/laravel/framework/src/Illuminate/Database/Connection.php:435)
[stacktrace]
#0 G:/Mursalin_1295365/Laravel/ecommerce/vendor/laravel/framework/src/Illuminate/Database/Connection.php(435): PDO->prepare('select count(*)...')
#1 G:/Mursalin_1295365/Laravel/ecommerce/vendor/laravel/framework/src/Illuminate/Database/Connection.php(846): Illuminate/Database/Connection->{closure:Illuminate/Database/Connection::select():426}('select count(*)...', Array)
#2 G:/Mursalin_1295365/Laravel/ecommerce/vendor/laravel/framework/src/Illuminate/Database/Connection.php(813): Illuminate/Database/Connection->runQueryCallback('select count(*)...', Array, Object(Closure))
#3 G:/Mursalin_1295365/Laravel/ecommerce/vendor/laravel/framework/src/Illuminate/Database/Connection.php(426): Illuminate/Database/Connection->run('select count(*)...', Array, Object(Closure))
#4 G:/Mursalin_1295365/Laravel/ecommerce/vendor/laravel/framework/src/Illuminate/Database/Query/Builder.php(3629): Illuminate/Database/Connection->select('select count(*)...', Array, false, Array)
#5 G:/Mursalin_1295365/Laravel/ecommerce/vendor/laravel/framework/src/Illuminate/Database/Query/Builder.php(3613): Illuminate/Database/Query/Builder->runSelect()
#6 G:/Mursalin_1295365/Laravel/ecommerce/vendor/laravel/framework/src/Illuminate/Database/Query/Builder.php(4129): Illuminate/Database/Query/Builder->get(Array)
#7 G:/Mursalin_1295365/Laravel/ecommerce/vendor/laravel/framework/src/Illuminate/Database/Query/Builder.php(4057): Illuminate/Database/Query/Builder->aggregate('count', Array)
#8 G:/Mursalin_1295365/Laravel/ecommerce/vendor/laravel/framework/src/Illuminate/Validation/DatabasePresenceVerifier.php(53): Illuminate/Database/Query/Builder->count()
#9 G:/Mursalin_1295365/Laravel/ecommerce/vendor/laravel/framework/src/Illuminate/Validation/Concerns/ValidatesAttributes.php(1081): Illuminate/Validation/DatabasePresenceVerifier->getCount('categories', 'id', '2', NULL, NULL, Array)
#10 G:/Mursalin_1295365/Laravel/ecommerce/vendor/laravel/framework/src/Illuminate/Validation/Concerns/ValidatesAttributes.php(1052): Illuminate/Validation/Validator->getExistCount(NULL, 'categories', 'id', '2', Array)
#11 G:/Mursalin_1295365/Laravel/ecommerce/vendor/laravel/framework/src/Illuminate/Validation/Validator.php(733): Illuminate/Validation/Validator->validateExists('category_id', '2', Array, Object(Illuminate/Validation/Validator))
#12 G:/Mursalin_1295365/Laravel/ecommerce/vendor/laravel/framework/src/Illuminate/Validation/Validator.php(488): Illuminate/Validation/Validator->validateAttribute('category_id', 'Exists')
#13 G:/Mursalin_1295365/Laravel/ecommerce/vendor/laravel/framework/src/Illuminate/Validation/Validator.php(523): Illuminate/Validation/Validator->passes()
#14 G:/Mursalin_1295365/Laravel/ecommerce/vendor/laravel/framework/src/Illuminate/Validation/Validator.php(599): Illuminate/Validation/Validator->fails()
#15 G:/Mursalin_1295365/Laravel/ecommerce/vendor/laravel/framework/src/Illuminate/Foundation/Providers/FoundationServiceProvider.php(158): Illuminate/Validation/Validator->validate()
#16 G:/Mursalin_1295365/Laravel/ecommerce/vendor/laravel/framework/src/Illuminate/Macroable/Traits/Macroable.php(132): Illuminate/Http/Request->{closure:Illuminate/Foundation/Providers/FoundationServiceProvider::registerRequestValidation():150}(Array)
#17 G:/Mursalin_1295365/Laravel/ecommerce/app/Http/Controllers/ProductController.php(38): Illuminate/Http/Request->__call('validate', Array)
#18 G:/Mursalin_1295365/Laravel/ecommerce/vendor/laravel/framework/src/Illuminate/Routing/ControllerDispatcher.php(46): App/Http/Controllers/ProductController->store(Object(Illuminate/Http/Request))
#19 G:/Mursalin_1295365/Laravel/ecommerce/vendor/laravel/framework/src/Illuminate/Routing/Route.php(276): Illuminate/Routing/ControllerDispatcher->dispatch(Object(Illuminate/Routing/Route), Object(App/Http/Controllers/ProductController), 'store')
#20 G:/Mursalin_1295365/Laravel/ecommerce/vendor/laravel/framework/src/Illuminate/Routing/Route.php(216): Illuminate/Routing/Route->runController()
#21 G:/Mursalin_1295365/Laravel/ecommerce/vendor/laravel/framework/src/Illuminate/Routing/Router.php(822): Illuminate/Routing/Route->run()
#22 G:/Mursalin_1295365/Laravel/ecommerce/vendor/laravel/framework/src/Illuminate/Pipeline/Pipeline.php(180): Illuminate/Routing/Router->{closure:Illuminate/Routing/Router::runRouteWithinStack():821}(Object(Illuminate/Http/Request))
#23 G:/Mursalin_1295365/Laravel/ecommerce/vendor/laravel/boost/src/Middleware/InjectBoost.php(22): Illuminate/Pipeline/Pipeline->{closure:Illuminate/Pipeline/Pipeline::prepareDestination():178}(Object(Illuminate/Http/Request))
#24 G:/Mursalin_1295365/Laravel/ecommerce/vendor/laravel/framework/src/Illuminate/Pipeline/Pipeline.php(219): Laravel/Boost/Middleware/InjectBoost->handle(Object(Illuminate/Http/Request), Object(Closure))
#25 G:/Mursalin_1295365/Laravel/ecommerce/vendor/laravel/framework/src/Illuminate/Routing/Middleware/SubstituteBindings.php(52): Illuminate/Pipeline/Pipeline->{closure:{closure:Illuminate/Pipeline/Pipeline::carry():194}:195}(Object(Illuminate/Http/Request))
#26 G:/Mursalin_1295365/Laravel/ecommerce/vendor/laravel/framework/src/Illuminate/Pipeline/Pipeline.php(219): Illuminate/Routing/Middleware/SubstituteBindings->handle(Object(Illuminate/Http/Request), Object(Closure))
#27 G:/Mursalin_1295365/Laravel/ecommerce/vendor/laravel/framework/src/Illuminate/Foundation/Http/Middleware/PreventRequestForgery.php(104): Illuminate/Pipeline/Pipeline->{closure:{closure:Illuminate/Pipeline/Pipeline::carry():194}:195}(Object(Illuminate/Http/Request))
#28 G:/Mursalin_1295365/Laravel/ecommerce/vendor/laravel/framework/src/Illuminate/Pipeline/Pipeline.php(219): Illuminate/Foundation/Http/Middleware/PreventRequestForgery->handle(Object(Illuminate/Http/Request), Object(Closure))
#29 G:/Mursalin_1295365/Laravel/ecommerce/vendor/laravel/framework/src/Illuminate/View/Middleware/ShareErrorsFromSession.php(48): Illuminate/Pipeline/Pipeline->{closure:{closure:Illuminate/Pipeline/Pipeline::carry():194}:195}(Object(Illuminate/Http/Request))
#30 G:/Mursalin_1295365/Laravel/ecommerce/vendor/laravel/framework/src/Illuminate/Pipeline/Pipeline.php(219): Illuminate/View/Middleware/ShareErrorsFromSession->handle(Object(Illuminate/Http/Request), Object(Closure))
#31 G:/Mursalin_1295365/Laravel/ecommerce/vendor/laravel/framework/src/Illuminate/Session/Middleware/StartSession.php(120): Illuminate/Pipeline/Pipeline->{closure:{closure:Illuminate/Pipeline/Pipeline::carry():194}:195}(Object(Illuminate/Http/Request))
#32 G:/Mursalin_1295365/Laravel/ecommerce/vendor/laravel/framework/src/Illuminate/Session/Middleware/StartSession.php(63): Illuminate/Session/Middleware/StartSession->handleStatefulRequest(Object(Illuminate/Http/Request), Object(Illuminate/Session/Store), Object(Closure))
#33 G:/Mursalin_1295365/Laravel/ecommerce/vendor/laravel/framework/src/Illuminate/Pipeline/Pipeline.php(219): Illuminate/Session/Middleware/StartSession->handle(Object(Illuminate/Http/Request), Object(Closure))
#34 G:/Mursalin_1295365/Laravel/ecommerce/vendor/laravel/framework/src/Illuminate/Cookie/Middleware/AddQueuedCookiesToResponse.php(36): Illuminate/Pipeline/Pipeline->{closure:{closure:Illuminate/Pipeline/Pipeline::carry():194}:195}(Object(Illuminate/Http/Request))
#35 G:/Mursalin_1295365/Laravel/ecommerce/vendor/laravel/framework/src/Illuminate/Pipeline/Pipeline.php(219): Illuminate/Cookie/Middleware/AddQueuedCookiesToResponse->handle(Object(Illuminate/Http/Request), Object(Closure))
#36 G:/Mursalin_1295365/Laravel/ecommerce/vendor/laravel/framework/src/Illuminate/Cookie/Middleware/EncryptCookies.php(74): Illuminate/Pipeline/Pipeline->{closure:{closure:Illuminate/Pipeline/Pipeline::carry():194}:195}(Object(Illuminate/Http/Request))
#37 G:/Mursalin_1295365/Laravel/ecommerce/vendor/laravel/framework/src/Illuminate/Pipeline/Pipeline.php(219): Illuminate/Cookie/Middleware/EncryptCookies->handle(Object(Illuminate/Http/Request), Object(Closure))
#38 G:/Mursalin_1295365/Laravel/ecommerce/vendor/laravel/framework/src/Illuminate/Pipeline/Pipeline.php(137): Illuminate/Pipeline/Pipeline->{closure:{closure:Illuminate/Pipeline/Pipeline::carry():194}:195}(Object(Illuminate/Http/Request))
#39 G:/Mursalin_1295365/Laravel/ecommerce/vendor/laravel/framework/src/Illuminate/Routing/Router.php(821): Illuminate/Pipeline/Pipeline->then(Object(Closure))
#40 G:/Mursalin_1295365/Laravel/ecommerce/vendor/laravel/framework/src/Illuminate/Routing/Router.php(800): Illuminate/Routing/Router->runRouteWithinStack(Object(Illuminate/Routing/Route), Object(Illuminate/Http/Request))
#41 G:/Mursalin_1295365/Laravel/ecommerce/vendor/laravel/framework/src/Illuminate/Routing/Router.php(764): Illuminate/Routing/Router->runRoute(Object(Illuminate/Http/Request), Object(Illuminate/Routing/Route))
#42 G:/Mursalin_1295365/Laravel/ecommerce/vendor/laravel/framework/src/Illuminate/Routing/Router.php(753): Illuminate/Routing/Router->dispatchToRoute(Object(Illuminate/Http/Request))
#43 G:/Mursalin_1295365/Laravel/ecommerce/vendor/laravel/framework/src/Illuminate/Foundation/Http/Kernel.php(200): Illuminate/Routing/Router->dispatch(Object(Illuminate/Http/Request))
#44 G:/Mursalin_1295365/Laravel/ecommerce/vendor/laravel/framework/src/Illuminate/Pipeline/Pipeline.php(180): Illuminate/Foundation/Http/Kernel->{closure:Illuminate/Foundation/Http/Kernel::dispatchToRouter():197}(Object(Illuminate/Http/Request))
#45 G:/Mursalin_1295365/Laravel/ecommerce/vendor/laravel/framework/src/Illuminate/Foundation/Http/Middleware/TransformsRequest.php(21): Illuminate/Pipeline/Pipeline->{closure:Illuminate/Pipeline/Pipeline::prepareDestination():178}(Object(Illuminate/Http/Request))
#46 G:/Mursalin_1295365/Laravel/ecommerce/vendor/laravel/framework/src/Illuminate/Foundation/Http/Middleware/ConvertEmptyStringsToNull.php(31): Illuminate/Foundation/Http/Middleware/TransformsRequest->handle(Object(Illuminate/Http/Request), Object(Closure))
#47 G:/Mursalin_1295365/Laravel/ecommerce/vendor/laravel/framework/src/Illuminate/Pipeline/Pipeline.php(219): Illuminate/Foundation/Http/Middleware/ConvertEmptyStringsToNull->handle(Object(Illuminate/Http/Request), Object(Closure))
#48 G:/Mursalin_1295365/Laravel/ecommerce/vendor/laravel/framework/src/Illuminate/Foundation/Http/Middleware/TransformsRequest.php(21): Illuminate/Pipeline/Pipeline->{closure:{closure:Illuminate/Pipeline/Pipeline::carry():194}:195}(Object(Illuminate/Http/Request))
#49 G:/Mursalin_1295365/Laravel/ecommerce/vendor/laravel/framework/src/Illuminate/Foundation/Http/Middleware/TrimStrings.php(51): Illuminate/Foundation/Http/Middleware/TransformsRequest->handle(Object(Illuminate/Http/Request), Object(Closure))
#50 G:/Mursalin_1295365/Laravel/ecommerce/vendor/laravel/framework/src/Illuminate/Pipeline/Pipeline.php(219): Illuminate/Foundation/Http/Middleware/TrimStrings->handle(Object(Illuminate/Http/Request), Object(Closure))
#51 G:/Mursalin_1295365/Laravel/ecommerce/vendor/laravel/framework/src/Illuminate/Http/Middleware/ValidatePostSize.php(27): Illuminate/Pipeline/Pipeline->{closure:{closure:Illuminate/Pipeline/Pipeline::carry():194}:195}(Object(Illuminate/Http/Request))
#52 G:/Mursalin_1295365/Laravel/ecommerce/vendor/laravel/framework/src/Illuminate/Pipeline/Pipeline.php(219): Illuminate/Http/Middleware/ValidatePostSize->handle(Object(Illuminate/Http/Request), Object(Closure))
#53 G:/Mursalin_1295365/Laravel/ecommerce/vendor/laravel/framework/src/Illuminate/Foundation/Http/Middleware/PreventRequestsDuringMaintenance.php(110): Illuminate/Pipeline/Pipeline->{closure:{closure:Illuminate/Pipeline/Pipeline::carry():194}:195}(Object(Illuminate/Http/Request))
#54 G:/Mursalin_1295365/Laravel/ecommerce/vendor/laravel/framework/src/Illuminate/Pipeline/Pipeline.php(219): Illuminate/Foundation/Http/Middleware/PreventRequestsDuringMaintenance->handle(Object(Illuminate/Http/Request), Object(Closure))
#55 G:/Mursalin_1295365/Laravel/ecommerce/vendor/laravel/framework/src/Illuminate/Http/Middleware/HandleCors.php(61): Illuminate/Pipeline/Pipeline->{closure:{closure:Illuminate/Pipeline/Pipeline::carry():194}:195}(Object(Illuminate/Http/Request))
#56 G:/Mursalin_1295365/Laravel/ecommerce/vendor/laravel/framework/src/Illuminate/Pipeline/Pipeline.php(219): Illuminate/Http/Middleware/HandleCors->handle(Object(Illuminate/Http/Request), Object(Closure))
#57 G:/Mursalin_1295365/Laravel/ecommerce/vendor/laravel/framework/src/Illuminate/Http/Middleware/TrustProxies.php(58): Illuminate/Pipeline/Pipeline->{closure:{closure:Illuminate/Pipeline/Pipeline::carry():194}:195}(Object(Illuminate/Http/Request))
#58 G:/Mursalin_1295365/Laravel/ecommerce/vendor/laravel/framework/src/Illuminate/Pipeline/Pipeline.php(219): Illuminate/Http/Middleware/TrustProxies->handle(Object(Illuminate/Http/Request), Object(Closure))
#59 G:/Mursalin_1295365/Laravel/ecommerce/vendor/laravel/framework/src/Illuminate/Foundation/Http/Middleware/InvokeDeferredCallbacks.php(22): Illuminate/Pipeline/Pipeline->{closure:{closure:Illuminate/Pipeline/Pipeline::carry():194}:195}(Object(Illuminate/Http/Request))
#60 G:/Mursalin_1295365/Laravel/ecommerce/vendor/laravel/framework/src/Illuminate/Pipeline/Pipeline.php(219): Illuminate/Foundation/Http/Middleware/InvokeDeferredCallbacks->handle(Object(Illuminate/Http/Request), Object(Closure))
#61 G:/Mursalin_1295365/Laravel/ecommerce/vendor/laravel/framework/src/Illuminate/Http/Middleware/ValidatePathEncoding.php(28): Illuminate/Pipeline/Pipeline->{closure:{closure:Illuminate/Pipeline/Pipeline::carry():194}:195}(Object(Illuminate/Http/Request))
#62 G:/Mursalin_1295365/Laravel/ecommerce/vendor/laravel/framework/src/Illuminate/Pipeline/Pipeline.php(219): Illuminate/Http/Middleware/ValidatePathEncoding->handle(Object(Illuminate/Http/Request), Object(Closure))
#63 G:/Mursalin_1295365/Laravel/ecommerce/vendor/laravel/framework/src/Illuminate/Pipeline/Pipeline.php(137): Illuminate/Pipeline/Pipeline->{closure:{closure:Illuminate/Pipeline/Pipeline::carry():194}:195}(Object(Illuminate/Http/Request))
#64 G:/Mursalin_1295365/Laravel/ecommerce/vendor/laravel/framework/src/Illuminate/Foundation/Http/Kernel.php(175): Illuminate/Pipeline/Pipeline->then(Object(Closure))
#65 G:/Mursalin_1295365/Laravel/ecommerce/vendor/laravel/framework/src/Illuminate/Foundation/Http/Kernel.php(144): Illuminate/Foundation/Http/Kernel->sendRequestThroughRouter(Object(Illuminate/Http/Request))
#66 G:/Mursalin_1295365/Laravel/ecommerce/vendor/laravel/framework/src/Illuminate/Foundation/Application.php(1227): Illuminate/Foundation/Http/Kernel->handle(Object(Illuminate/Http/Request))
#67 G:/Mursalin_1295365/Laravel/ecommerce/public/index.php(20): Illuminate/Foundation/Application->handleRequest(Object(Illuminate/Http/Request))
#68 C:/Program Files/Herd/resources/app.asar.unpacked/resources/valet/server.php(140): require('G://Mursalin_129...')
#69 {main}
"} 
[2026-09-20 05:03:40] local.ERROR: SQLSTATE[42S22]: Column not found: 1054 Unknown column 'id' in 'where clause' (Connection: mysql, Host: 127.0.0.1, Port: 3306, Database: ecommerce, SQL: select count(*) as `aggregate` from `categories` where `id` = 1) {"exception":"[object] (Illuminate\\Database\\QueryException(code: 42S22): SQLSTATE[42S22]: Column not found: 1054 Unknown column 'id' in 'where clause' (Connection: mysql, Host: 127.0.0.1, Port: 3306, Database: ecommerce, SQL: select count(*) as `aggregate` from `categories` where `id` = 1) at G:/Mursalin_1295365/Laravel/ecommerce/vendor/laravel/framework/src/Illuminate/Database/Connection.php:857)
[stacktrace]
#0 G:/Mursalin_1295365/Laravel/ecommerce/vendor/laravel/framework/src/Illuminate/Database/Connection.php(813): Illuminate/Database/Connection->runQueryCallback('select count(*)...', Array, Object(Closure))
#1 G:/Mursalin_1295365/Laravel/ecommerce/vendor/laravel/framework/src/Illuminate/Database/Connection.php(426): Illuminate/Database/Connection->run('select count(*)...', Array, Object(Closure))
#2 G:/Mursalin_1295365/Laravel/ecommerce/vendor/laravel/framework/src/Illuminate/Database/Query/Builder.php(3629): Illuminate/Database/Connection->select('select count(*)...', Array, false, Array)
#3 G:/Mursalin_1295365/Laravel/ecommerce/vendor/laravel/framework/src/Illuminate/Database/Query/Builder.php(3613): Illuminate/Database/Query/Builder->runSelect()
#4 G:/Mursalin_1295365/Laravel/ecommerce/vendor/laravel/framework/src/Illuminate/Database/Query/Builder.php(4129): Illuminate/Database/Query/Builder->get(Array)
#5 G:/Mursalin_1295365/Laravel/ecommerce/vendor/laravel/framework/src/Illuminate/Database/Query/Builder.php(4057): Illuminate/Database/Query/Builder->aggregate('count', Array)
#6 G:/Mursalin_1295365/Laravel/ecommerce/vendor/laravel/framework/src/Illuminate/Validation/DatabasePresenceVerifier.php(53): Illuminate/Database/Query/Builder->count()
#7 G:/Mursalin_1295365/Laravel/ecommerce/vendor/laravel/framework/src/Illuminate/Validation/Concerns/ValidatesAttributes.php(1081): Illuminate/Validation/DatabasePresenceVerifier->getCount('categories', 'id', '1', NULL, NULL, Array)
#8 G:/Mursalin_1295365/Laravel/ecommerce/vendor/laravel/framework/src/Illuminate/Validation/Concerns/ValidatesAttributes.php(1052): Illuminate/Validation/Validator->getExistCount(NULL, 'categories', 'id', '1', Array)
#9 G:/Mursalin_1295365/Laravel/ecommerce/vendor/laravel/framework/src/Illuminate/Validation/Validator.php(733): Illuminate/Validation/Validator->validateExists('parent_id', '1', Array, Object(Illuminate/Validation/Validator))
#10 G:/Mursalin_1295365/Laravel/ecommerce/vendor/laravel/framework/src/Illuminate/Validation/Validator.php(488): Illuminate/Validation/Validator->validateAttribute('parent_id', 'Exists')
#11 G:/Mursalin_1295365/Laravel/ecommerce/vendor/laravel/framework/src/Illuminate/Validation/Validator.php(523): Illuminate/Validation/Validator->passes()
#12 G:/Mursalin_1295365/Laravel/ecommerce/vendor/laravel/framework/src/Illuminate/Validation/Validator.php(599): Illuminate/Validation/Validator->fails()
#13 G:/Mursalin_1295365/Laravel/ecommerce/vendor/laravel/framework/src/Illuminate/Foundation/Providers/FoundationServiceProvider.php(158): Illuminate/Validation/Validator->validate()
#14 G:/Mursalin_1295365/Laravel/ecommerce/vendor/laravel/framework/src/Illuminate/Macroable/Traits/Macroable.php(132): Illuminate/Http/Request->{closure:Illuminate/Foundation/Providers/FoundationServiceProvider::registerRequestValidation():150}(Array)
#15 G:/Mursalin_1295365/Laravel/ecommerce/app/Http/Controllers/CategoryController.php(25): Illuminate/Http/Request->__call('validate', Array)
#16 G:/Mursalin_1295365/Laravel/ecommerce/vendor/laravel/framework/src/Illuminate/Routing/ControllerDispatcher.php(46): App/Http/Controllers/CategoryController->store(Object(Illuminate/Http/Request))
#17 G:/Mursalin_1295365/Laravel/ecommerce/vendor/laravel/framework/src/Illuminate/Routing/Route.php(276): Illuminate/Routing/ControllerDispatcher->dispatch(Object(Illuminate/Routing/Route), Object(App/Http/Controllers/CategoryController), 'store')
#18 G:/Mursalin_1295365/Laravel/ecommerce/vendor/laravel/framework/src/Illuminate/Routing/Route.php(216): Illuminate/Routing/Route->runController()
#19 G:/Mursalin_1295365/Laravel/ecommerce/vendor/laravel/framework/src/Illuminate/Routing/Router.php(822): Illuminate/Routing/Route->run()
#20 G:/Mursalin_1295365/Laravel/ecommerce/vendor/laravel/framework/src/Illuminate/Pipeline/Pipeline.php(180): Illuminate/Routing/Router->{closure:Illuminate/Routing/Router::runRouteWithinStack():821}(Object(Illuminate/Http/Request))
#21 G:/Mursalin_1295365/Laravel/ecommerce/vendor/laravel/boost/src/Middleware/InjectBoost.php(22): Illuminate/Pipeline/Pipeline->{closure:Illuminate/Pipeline/Pipeline::prepareDestination():178}(Object(Illuminate/Http/Request))
#22 G:/Mursalin_1295365/Laravel/ecommerce/vendor/laravel/framework/src/Illuminate/Pipeline/Pipeline.php(219): Laravel/Boost/Middleware/InjectBoost->handle(Object(Illuminate/Http/Request), Object(Closure))
#23 G:/Mursalin_1295365/Laravel/ecommerce/vendor/laravel/framework/src/Illuminate/Routing/Middleware/SubstituteBindings.php(52): Illuminate/Pipeline/Pipeline->{closure:{closure:Illuminate/Pipeline/Pipeline::carry():194}:195}(Object(Illuminate/Http/Request))
#24 G:/Mursalin_1295365/Laravel/ecommerce/vendor/laravel/framework/src/Illuminate/Pipeline/Pipeline.php(219): Illuminate/Routing/Middleware/SubstituteBindings->handle(Object(Illuminate/Http/Request), Object(Closure))
#25 G:/Mursalin_1295365/Laravel/ecommerce/vendor/laravel/framework/src/Illuminate/Foundation/Http/Middleware/PreventRequestForgery.php(104): Illuminate/Pipeline/Pipeline->{closure:{closure:Illuminate/Pipeline/Pipeline::carry():194}:195}(Object(Illuminate/Http/Request))
#26 G:/Mursalin_1295365/Laravel/ecommerce/vendor/laravel/framework/src/Illuminate/Pipeline/Pipeline.php(219): Illuminate/Foundation/Http/Middleware/PreventRequestForgery->handle(Object(Illuminate/Http/Request), Object(Closure))
#27 G:/Mursalin_1295365/Laravel/ecommerce/vendor/laravel/framework/src/Illuminate/View/Middleware/ShareErrorsFromSession.php(48): Illuminate/Pipeline/Pipeline->{closure:{closure:Illuminate/Pipeline/Pipeline::carry():194}:195}(Object(Illuminate/Http/Request))
#28 G:/Mursalin_1295365/Laravel/ecommerce/vendor/laravel/framework/src/Illuminate/Pipeline/Pipeline.php(219): Illuminate/View/Middleware/ShareErrorsFromSession->handle(Object(Illuminate/Http/Request), Object(Closure))
#29 G:/Mursalin_1295365/Laravel/ecommerce/vendor/laravel/framework/src/Illuminate/Session/Middleware/StartSession.php(120): Illuminate/Pipeline/Pipeline->{closure:{closure:Illuminate/Pipeline/Pipeline::carry():194}:195}(Object(Illuminate/Http/Request))
#30 G:/Mursalin_1295365/Laravel/ecommerce/vendor/laravel/framework/src/Illuminate/Session/Middleware/StartSession.php(63): Illuminate/Session/Middleware/StartSession->handleStatefulRequest(Object(Illuminate/Http/Request), Object(Illuminate/Session/Store), Object(Closure))
#31 G:/Mursalin_1295365/Laravel/ecommerce/vendor/laravel/framework/src/Illuminate/Pipeline/Pipeline.php(219): Illuminate/Session/Middleware/StartSession->handle(Object(Illuminate/Http/Request), Object(Closure))
#32 G:/Mursalin_1295365/Laravel/ecommerce/vendor/laravel/framework/src/Illuminate/Cookie/Middleware/AddQueuedCookiesToResponse.php(36): Illuminate/Pipeline/Pipeline->{closure:{closure:Illuminate/Pipeline/Pipeline::carry():194}:195}(Object(Illuminate/Http/Request))
#33 G:/Mursalin_1295365/Laravel/ecommerce/vendor/laravel/framework/src/Illuminate/Pipeline/Pipeline.php(219): Illuminate/Cookie/Middleware/AddQueuedCookiesToResponse->handle(Object(Illuminate/Http/Request), Object(Closure))
#34 G:/Mursalin_1295365/Laravel/ecommerce/vendor/laravel/framework/src/Illuminate/Cookie/Middleware/EncryptCookies.php(74): Illuminate/Pipeline/Pipeline->{closure:{closure:Illuminate/Pipeline/Pipeline::carry():194}:195}(Object(Illuminate/Http/Request))
#35 G:/Mursalin_1295365/Laravel/ecommerce/vendor/laravel/framework/src/Illuminate/Pipeline/Pipeline.php(219): Illuminate/Cookie/Middleware/EncryptCookies->handle(Object(Illuminate/Http/Request), Object(Closure))
#36 G:/Mursalin_1295365/Laravel/ecommerce/vendor/laravel/framework/src/Illuminate/Pipeline/Pipeline.php(137): Illuminate/Pipeline/Pipeline->{closure:{closure:Illuminate/Pipeline/Pipeline::carry():194}:195}(Object(Illuminate/Http/Request))
#37 G:/Mursalin_1295365/Laravel/ecommerce/vendor/laravel/framework/src/Illuminate/Routing/Router.php(821): Illuminate/Pipeline/Pipeline->then(Object(Closure))
#38 G:/Mursalin_1295365/Laravel/ecommerce/vendor/laravel/framework/src/Illuminate/Routing/Router.php(800): Illuminate/Routing/Router->runRouteWithinStack(Object(Illuminate/Routing/Route), Object(Illuminate/Http/Request))
#39 G:/Mursalin_1295365/Laravel/ecommerce/vendor/laravel/framework/src/Illuminate/Routing/Router.php(764): Illuminate/Routing/Router->runRoute(Object(Illuminate/Http/Request), Object(Illuminate/Routing/Route))
#40 G:/Mursalin_1295365/Laravel/ecommerce/vendor/laravel/framework/src/Illuminate/Routing/Router.php(753): Illuminate/Routing/Router->dispatchToRoute(Object(Illuminate/Http/Request))
#41 G:/Mursalin_1295365/Laravel/ecommerce/vendor/laravel/framework/src/Illuminate/Foundation/Http/Kernel.php(200): Illuminate/Routing/Router->dispatch(Object(Illuminate/Http/Request))
#42 G:/Mursalin_1295365/Laravel/ecommerce/vendor/laravel/framework/src/Illuminate/Pipeline/Pipeline.php(180): Illuminate/Foundation/Http/Kernel->{closure:Illuminate/Foundation/Http/Kernel::dispatchToRouter():197}(Object(Illuminate/Http/Request))
#43 G:/Mursalin_1295365/Laravel/ecommerce/vendor/laravel/framework/src/Illuminate/Foundation/Http/Middleware/TransformsRequest.php(21): Illuminate/Pipeline/Pipeline->{closure:Illuminate/Pipeline/Pipeline::prepareDestination():178}(Object(Illuminate/Http/Request))
#44 G:/Mursalin_1295365/Laravel/ecommerce/vendor/laravel/framework/src/Illuminate/Foundation/Http/Middleware/ConvertEmptyStringsToNull.php(31): Illuminate/Foundation/Http/Middleware/TransformsRequest->handle(Object(Illuminate/Http/Request), Object(Closure))
#45 G:/Mursalin_1295365/Laravel/ecommerce/vendor/laravel/framework/src/Illuminate/Pipeline/Pipeline.php(219): Illuminate/Foundation/Http/Middleware/ConvertEmptyStringsToNull->handle(Object(Illuminate/Http/Request), Object(Closure))
#46 G:/Mursalin_1295365/Laravel/ecommerce/vendor/laravel/framework/src/Illuminate/Foundation/Http/Middleware/TransformsRequest.php(21): Illuminate/Pipeline/Pipeline->{closure:{closure:Illuminate/Pipeline/Pipeline::carry():194}:195}(Object(Illuminate/Http/Request))
#47 G:/Mursalin_1295365/Laravel/ecommerce/vendor/laravel/framework/src/Illuminate/Foundation/Http/Middleware/TrimStrings.php(51): Illuminate/Foundation/Http/Middleware/TransformsRequest->handle(Object(Illuminate/Http/Request), Object(Closure))
#48 G:/Mursalin_1295365/Laravel/ecommerce/vendor/laravel/framework/src/Illuminate/Pipeline/Pipeline.php(219): Illuminate/Foundation/Http/Middleware/TrimStrings->handle(Object(Illuminate/Http/Request), Object(Closure))
#49 G:/Mursalin_1295365/Laravel/ecommerce/vendor/laravel/framework/src/Illuminate/Http/Middleware/ValidatePostSize.php(27): Illuminate/Pipeline/Pipeline->{closure:{closure:Illuminate/Pipeline/Pipeline::carry():194}:195}(Object(Illuminate/Http/Request))
#50 G:/Mursalin_1295365/Laravel/ecommerce/vendor/laravel/framework/src/Illuminate/Pipeline/Pipeline.php(219): Illuminate/Http/Middleware/ValidatePostSize->handle(Object(Illuminate/Http/Request), Object(Closure))
#51 G:/Mursalin_1295365/Laravel/ecommerce/vendor/laravel/framework/src/Illuminate/Foundation/Http/Middleware/PreventRequestsDuringMaintenance.php(110): Illuminate/Pipeline/Pipeline->{closure:{closure:Illuminate/Pipeline/Pipeline::carry():194}:195}(Object(Illuminate/Http/Request))
#52 G:/Mursalin_1295365/Laravel/ecommerce/vendor/laravel/framework/src/Illuminate/Pipeline/Pipeline.php(219): Illuminate/Foundation/Http/Middleware/PreventRequestsDuringMaintenance->handle(Object(Illuminate/Http/Request), Object(Closure))
#53 G:/Mursalin_1295365/Laravel/ecommerce/vendor/laravel/framework/src/Illuminate/Http/Middleware/HandleCors.php(61): Illuminate/Pipeline/Pipeline->{closure:{closure:Illuminate/Pipeline/Pipeline::carry():194}:195}(Object(Illuminate/Http/Request))
#54 G:/Mursalin_1295365/Laravel/ecommerce/vendor/laravel/framework/src/Illuminate/Pipeline/Pipeline.php(219): Illuminate/Http/Middleware/HandleCors->handle(Object(Illuminate/Http/Request), Object(Closure))
#55 G:/Mursalin_1295365/Laravel/ecommerce/vendor/laravel/framework/src/Illuminate/Http/Middleware/TrustProxies.php(58): Illuminate/Pipeline/Pipeline->{closure:{closure:Illuminate/Pipeline/Pipeline::carry():194}:195}(Object(Illuminate/Http/Request))
#56 G:/Mursalin_1295365/Laravel/ecommerce/vendor/laravel/framework/src/Illuminate/Pipeline/Pipeline.php(219): Illuminate/Http/Middleware/TrustProxies->handle(Object(Illuminate/Http/Request), Object(Closure))
#57 G:/Mursalin_1295365/Laravel/ecommerce/vendor/laravel/framework/src/Illuminate/Foundation/Http/Middleware/InvokeDeferredCallbacks.php(22): Illuminate/Pipeline/Pipeline->{closure:{closure:Illuminate/Pipeline/Pipeline::carry():194}:195}(Object(Illuminate/Http/Request))
#58 G:/Mursalin_1295365/Laravel/ecommerce/vendor/laravel/framework/src/Illuminate/Pipeline/Pipeline.php(219): Illuminate/Foundation/Http/Middleware/InvokeDeferredCallbacks->handle(Object(Illuminate/Http/Request), Object(Closure))
#59 G:/Mursalin_1295365/Laravel/ecommerce/vendor/laravel/framework/src/Illuminate/Http/Middleware/ValidatePathEncoding.php(28): Illuminate/Pipeline/Pipeline->{closure:{closure:Illuminate/Pipeline/Pipeline::carry():194}:195}(Object(Illuminate/Http/Request))
#60 G:/Mursalin_1295365/Laravel/ecommerce/vendor/laravel/framework/src/Illuminate/Pipeline/Pipeline.php(219): Illuminate/Http/Middleware/ValidatePathEncoding->handle(Object(Illuminate/Http/Request), Object(Closure))
#61 G:/Mursalin_1295365/Laravel/ecommerce/vendor/laravel/framework/src/Illuminate/Pipeline/Pipeline.php(137): Illuminate/Pipeline/Pipeline->{closure:{closure:Illuminate/Pipeline/Pipeline::carry():194}:195}(Object(Illuminate/Http/Request))
#62 G:/Mursalin_1295365/Laravel/ecommerce/vendor/laravel/framework/src/Illuminate/Foundation/Http/Kernel.php(175): Illuminate/Pipeline/Pipeline->then(Object(Closure))
#63 G:/Mursalin_1295365/Laravel/ecommerce/vendor/laravel/framework/src/Illuminate/Foundation/Http/Kernel.php(144): Illuminate/Foundation/Http/Kernel->sendRequestThroughRouter(Object(Illuminate/Http/Request))
#64 G:/Mursalin_1295365/Laravel/ecommerce/vendor/laravel/framework/src/Illuminate/Foundation/Application.php(1227): Illuminate/Foundation/Http/Kernel->handle(Object(Illuminate/Http/Request))
#65 G:/Mursalin_1295365/Laravel/ecommerce/public/index.php(20): Illuminate/Foundation/Application->handleRequest(Object(Illuminate/Http/Request))
#66 C:/Program Files/Herd/resources/app.asar.unpacked/resources/valet/server.php(140): require('G://Mursalin_129...')
#67 {main}

[previous exception] [object] (PDOException(code: 42S22): SQLSTATE[42S22]: Column not found: 1054 Unknown column 'id' in 'where clause' at G:/Mursalin_1295365/Laravel/ecommerce/vendor/laravel/framework/src/Illuminate/Database/Connection.php:435)
[stacktrace]
#0 G:/Mursalin_1295365/Laravel/ecommerce/vendor/laravel/framework/src/Illuminate/Database/Connection.php(435): PDO->prepare('select count(*)...')
#1 G:/Mursalin_1295365/Laravel/ecommerce/vendor/laravel/framework/src/Illuminate/Database/Connection.php(846): Illuminate/Database/Connection->{closure:Illuminate/Database/Connection::select():426}('select count(*)...', Array)
#2 G:/Mursalin_1295365/Laravel/ecommerce/vendor/laravel/framework/src/Illuminate/Database/Connection.php(813): Illuminate/Database/Connection->runQueryCallback('select count(*)...', Array, Object(Closure))
#3 G:/Mursalin_1295365/Laravel/ecommerce/vendor/laravel/framework/src/Illuminate/Database/Connection.php(426): Illuminate/Database/Connection->run('select count(*)...', Array, Object(Closure))
#4 G:/Mursalin_1295365/Laravel/ecommerce/vendor/laravel/framework/src/Illuminate/Database/Query/Builder.php(3629): Illuminate/Database/Connection->select('select count(*)...', Array, false, Array)
#5 G:/Mursalin_1295365/Laravel/ecommerce/vendor/laravel/framework/src/Illuminate/Database/Query/Builder.php(3613): Illuminate/Database/Query/Builder->runSelect()
#6 G:/Mursalin_1295365/Laravel/ecommerce/vendor/laravel/framework/src/Illuminate/Database/Query/Builder.php(4129): Illuminate/Database/Query/Builder->get(Array)
#7 G:/Mursalin_1295365/Laravel/ecommerce/vendor/laravel/framework/src/Illuminate/Database/Query/Builder.php(4057): Illuminate/Database/Query/Builder->aggregate('count', Array)
#8 G:/Mursalin_1295365/Laravel/ecommerce/vendor/laravel/framework/src/Illuminate/Validation/DatabasePresenceVerifier.php(53): Illuminate/Database/Query/Builder->count()
#9 G:/Mursalin_1295365/Laravel/ecommerce/vendor/laravel/framework/src/Illuminate/Validation/Concerns/ValidatesAttributes.php(1081): Illuminate/Validation/DatabasePresenceVerifier->getCount('categories', 'id', '1', NULL, NULL, Array)
#10 G:/Mursalin_1295365/Laravel/ecommerce/vendor/laravel/framework/src/Illuminate/Validation/Concerns/ValidatesAttributes.php(1052): Illuminate/Validation/Validator->getExistCount(NULL, 'categories', 'id', '1', Array)
#11 G:/Mursalin_1295365/Laravel/ecommerce/vendor/laravel/framework/src/Illuminate/Validation/Validator.php(733): Illuminate/Validation/Validator->validateExists('parent_id', '1', Array, Object(Illuminate/Validation/Validator))
#12 G:/Mursalin_1295365/Laravel/ecommerce/vendor/laravel/framework/src/Illuminate/Validation/Validator.php(488): Illuminate/Validation/Validator->validateAttribute('parent_id', 'Exists')
#13 G:/Mursalin_1295365/Laravel/ecommerce/vendor/laravel/framework/src/Illuminate/Validation/Validator.php(523): Illuminate/Validation/Validator->passes()
#14 G:/Mursalin_1295365/Laravel/ecommerce/vendor/laravel/framework/src/Illuminate/Validation/Validator.php(599): Illuminate/Validation/Validator->fails()
#15 G:/Mursalin_1295365/Laravel/ecommerce/vendor/laravel/framework/src/Illuminate/Foundation/Providers/FoundationServiceProvider.php(158): Illuminate/Validation/Validator->validate()
#16 G:/Mursalin_1295365/Laravel/ecommerce/vendor/laravel/framework/src/Illuminate/Macroable/Traits/Macroable.php(132): Illuminate/Http/Request->{closure:Illuminate/Foundation/Providers/FoundationServiceProvider::registerRequestValidation():150}(Array)
#17 G:/Mursalin_1295365/Laravel/ecommerce/app/Http/Controllers/CategoryController.php(25): Illuminate/Http/Request->__call('validate', Array)
#18 G:/Mursalin_1295365/Laravel/ecommerce/vendor/laravel/framework/src/Illuminate/Routing/ControllerDispatcher.php(46): App/Http/Controllers/CategoryController->store(Object(Illuminate/Http/Request))
#19 G:/Mursalin_1295365/Laravel/ecommerce/vendor/laravel/framework/src/Illuminate/Routing/Route.php(276): Illuminate/Routing/ControllerDispatcher->dispatch(Object(Illuminate/Routing/Route), Object(App/Http/Controllers/CategoryController), 'store')
#20 G:/Mursalin_1295365/Laravel/ecommerce/vendor/laravel/framework/src/Illuminate/Routing/Route.php(216): Illuminate/Routing/Route->runController()
#21 G:/Mursalin_1295365/Laravel/ecommerce/vendor/laravel/framework/src/Illuminate/Routing/Router.php(822): Illuminate/Routing/Route->run()
#22 G:/Mursalin_1295365/Laravel/ecommerce/vendor/laravel/framework/src/Illuminate/Pipeline/Pipeline.php(180): Illuminate/Routing/Router->{closure:Illuminate/Routing/Router::runRouteWithinStack():821}(Object(Illuminate/Http/Request))
#23 G:/Mursalin_1295365/Laravel/ecommerce/vendor/laravel/boost/src/Middleware/InjectBoost.php(22): Illuminate/Pipeline/Pipeline->{closure:Illuminate/Pipeline/Pipeline::prepareDestination():178}(Object(Illuminate/Http/Request))
#24 G:/Mursalin_1295365/Laravel/ecommerce/vendor/laravel/framework/src/Illuminate/Pipeline/Pipeline.php(219): Laravel/Boost/Middleware/InjectBoost->handle(Object(Illuminate/Http/Request), Object(Closure))
#25 G:/Mursalin_1295365/Laravel/ecommerce/vendor/laravel/framework/src/Illuminate/Routing/Middleware/SubstituteBindings.php(52): Illuminate/Pipeline/Pipeline->{closure:{closure:Illuminate/Pipeline/Pipeline::carry():194}:195}(Object(Illuminate/Http/Request))
#26 G:/Mursalin_1295365/Laravel/ecommerce/vendor/laravel/framework/src/Illuminate/Pipeline/Pipeline.php(219): Illuminate/Routing/Middleware/SubstituteBindings->handle(Object(Illuminate/Http/Request), Object(Closure))
#27 G:/Mursalin_1295365/Laravel/ecommerce/vendor/laravel/framework/src/Illuminate/Foundation/Http/Middleware/PreventRequestForgery.php(104): Illuminate/Pipeline/Pipeline->{closure:{closure:Illuminate/Pipeline/Pipeline::carry():194}:195}(Object(Illuminate/Http/Request))
#28 G:/Mursalin_1295365/Laravel/ecommerce/vendor/laravel/framework/src/Illuminate/Pipeline/Pipeline.php(219): Illuminate/Foundation/Http/Middleware/PreventRequestForgery->handle(Object(Illuminate/Http/Request), Object(Closure))
#29 G:/Mursalin_1295365/Laravel/ecommerce/vendor/laravel/framework/src/Illuminate/View/Middleware/ShareErrorsFromSession.php(48): Illuminate/Pipeline/Pipeline->{closure:{closure:Illuminate/Pipeline/Pipeline::carry():194}:195}(Object(Illuminate/Http/Request))
#30 G:/Mursalin_1295365/Laravel/ecommerce/vendor/laravel/framework/src/Illuminate/Pipeline/Pipeline.php(219): Illuminate/View/Middleware/ShareErrorsFromSession->handle(Object(Illuminate/Http/Request), Object(Closure))
#31 G:/Mursalin_1295365/Laravel/ecommerce/vendor/laravel/framework/src/Illuminate/Session/Middleware/StartSession.php(120): Illuminate/Pipeline/Pipeline->{closure:{closure:Illuminate/Pipeline/Pipeline::carry():194}:195}(Object(Illuminate/Http/Request))
#32 G:/Mursalin_1295365/Laravel/ecommerce/vendor/laravel/framework/src/Illuminate/Session/Middleware/StartSession.php(63): Illuminate/Session/Middleware/StartSession->handleStatefulRequest(Object(Illuminate/Http/Request), Object(Illuminate/Session/Store), Object(Closure))
#33 G:/Mursalin_1295365/Laravel/ecommerce/vendor/laravel/framework/src/Illuminate/Pipeline/Pipeline.php(219): Illuminate/Session/Middleware/StartSession->handle(Object(Illuminate/Http/Request), Object(Closure))
#34 G:/Mursalin_1295365/Laravel/ecommerce/vendor/laravel/framework/src/Illuminate/Cookie/Middleware/AddQueuedCookiesToResponse.php(36): Illuminate/Pipeline/Pipeline->{closure:{closure:Illuminate/Pipeline/Pipeline::carry():194}:195}(Object(Illuminate/Http/Request))
#35 G:/Mursalin_1295365/Laravel/ecommerce/vendor/laravel/framework/src/Illuminate/Pipeline/Pipeline.php(219): Illuminate/Cookie/Middleware/AddQueuedCookiesToResponse->handle(Object(Illuminate/Http/Request), Object(Closure))
#36 G:/Mursalin_1295365/Laravel/ecommerce/vendor/laravel/framework/src/Illuminate/Cookie/Middleware/EncryptCookies.php(74): Illuminate/Pipeline/Pipeline->{closure:{closure:Illuminate/Pipeline/Pipeline::carry():194}:195}(Object(Illuminate/Http/Request))
#37 G:/Mursalin_1295365/Laravel/ecommerce/vendor/laravel/framework/src/Illuminate/Pipeline/Pipeline.php(219): Illuminate/Cookie/Middleware/EncryptCookies->handle(Object(Illuminate/Http/Request), Object(Closure))
#38 G:/Mursalin_1295365/Laravel/ecommerce/vendor/laravel/framework/src/Illuminate/Pipeline/Pipeline.php(137): Illuminate/Pipeline/Pipeline->{closure:{closure:Illuminate/Pipeline/Pipeline::carry():194}:195}(Object(Illuminate/Http/Request))
#39 G:/Mursalin_1295365/Laravel/ecommerce/vendor/laravel/framework/src/Illuminate/Routing/Router.php(821): Illuminate/Pipeline/Pipeline->then(Object(Closure))
#40 G:/Mursalin_1295365/Laravel/ecommerce/vendor/laravel/framework/src/Illuminate/Routing/Router.php(800): Illuminate/Routing/Router->runRouteWithinStack(Object(Illuminate/Routing/Route), Object(Illuminate/Http/Request))
#41 G:/Mursalin_1295365/Laravel/ecommerce/vendor/laravel/framework/src/Illuminate/Routing/Router.php(764): Illuminate/Routing/Router->runRoute(Object(Illuminate/Http/Request), Object(Illuminate/Routing/Route))
#42 G:/Mursalin_1295365/Laravel/ecommerce/vendor/laravel/framework/src/Illuminate/Routing/Router.php(753): Illuminate/Routing/Router->dispatchToRoute(Object(Illuminate/Http/Request))
#43 G:/Mursalin_1295365/Laravel/ecommerce/vendor/laravel/framework/src/Illuminate/Foundation/Http/Kernel.php(200): Illuminate/Routing/Router->dispatch(Object(Illuminate/Http/Request))
#44 G:/Mursalin_1295365/Laravel/ecommerce/vendor/laravel/framework/src/Illuminate/Pipeline/Pipeline.php(180): Illuminate/Foundation/Http/Kernel->{closure:Illuminate/Foundation/Http/Kernel::dispatchToRouter():197}(Object(Illuminate/Http/Request))
#45 G:/Mursalin_1295365/Laravel/ecommerce/vendor/laravel/framework/src/Illuminate/Foundation/Http/Middleware/TransformsRequest.php(21): Illuminate/Pipeline/Pipeline->{closure:Illuminate/Pipeline/Pipeline::prepareDestination():178}(Object(Illuminate/Http/Request))
#46 G:/Mursalin_1295365/Laravel/ecommerce/vendor/laravel/framework/src/Illuminate/Foundation/Http/Middleware/ConvertEmptyStringsToNull.php(31): Illuminate/Foundation/Http/Middleware/TransformsRequest->handle(Object(Illuminate/Http/Request), Object(Closure))
#47 G:/Mursalin_1295365/Laravel/ecommerce/vendor/laravel/framework/src/Illuminate/Pipeline/Pipeline.php(219): Illuminate/Foundation/Http/Middleware/ConvertEmptyStringsToNull->handle(Object(Illuminate/Http/Request), Object(Closure))
#48 G:/Mursalin_1295365/Laravel/ecommerce/vendor/laravel/framework/src/Illuminate/Foundation/Http/Middleware/TransformsRequest.php(21): Illuminate/Pipeline/Pipeline->{closure:{closure:Illuminate/Pipeline/Pipeline::carry():194}:195}(Object(Illuminate/Http/Request))
#49 G:/Mursalin_1295365/Laravel/ecommerce/vendor/laravel/framework/src/Illuminate/Foundation/Http/Middleware/TrimStrings.php(51): Illuminate/Foundation/Http/Middleware/TransformsRequest->handle(Object(Illuminate/Http/Request), Object(Closure))
#50 G:/Mursalin_1295365/Laravel/ecommerce/vendor/laravel/framework/src/Illuminate/Pipeline/Pipeline.php(219): Illuminate/Foundation/Http/Middleware/TrimStrings->handle(Object(Illuminate/Http/Request), Object(Closure))
#51 G:/Mursalin_1295365/Laravel/ecommerce/vendor/laravel/framework/src/Illuminate/Http/Middleware/ValidatePostSize.php(27): Illuminate/Pipeline/Pipeline->{closure:{closure:Illuminate/Pipeline/Pipeline::carry():194}:195}(Object(Illuminate/Http/Request))
#52 G:/Mursalin_1295365/Laravel/ecommerce/vendor/laravel/framework/src/Illuminate/Pipeline/Pipeline.php(219): Illuminate/Http/Middleware/ValidatePostSize->handle(Object(Illuminate/Http/Request), Object(Closure))
#53 G:/Mursalin_1295365/Laravel/ecommerce/vendor/laravel/framework/src/Illuminate/Foundation/Http/Middleware/PreventRequestsDuringMaintenance.php(110): Illuminate/Pipeline/Pipeline->{closure:{closure:Illuminate/Pipeline/Pipeline::carry():194}:195}(Object(Illuminate/Http/Request))
#54 G:/Mursalin_1295365/Laravel/ecommerce/vendor/laravel/framework/src/Illuminate/Pipeline/Pipeline.php(219): Illuminate/Foundation/Http/Middleware/PreventRequestsDuringMaintenance->handle(Object(Illuminate/Http/Request), Object(Closure))
#55 G:/Mursalin_1295365/Laravel/ecommerce/vendor/laravel/framework/src/Illuminate/Http/Middleware/HandleCors.php(61): Illuminate/Pipeline/Pipeline->{closure:{closure:Illuminate/Pipeline/Pipeline::carry():194}:195}(Object(Illuminate/Http/Request))
#56 G:/Mursalin_1295365/Laravel/ecommerce/vendor/laravel/framework/src/Illuminate/Pipeline/Pipeline.php(219): Illuminate/Http/Middleware/HandleCors->handle(Object(Illuminate/Http/Request), Object(Closure))
#57 G:/Mursalin_1295365/Laravel/ecommerce/vendor/laravel/framework/src/Illuminate/Http/Middleware/TrustProxies.php(58): Illuminate/Pipeline/Pipeline->{closure:{closure:Illuminate/Pipeline/Pipeline::carry():194}:195}(Object(Illuminate/Http/Request))
#58 G:/Mursalin_1295365/Laravel/ecommerce/vendor/laravel/framework/src/Illuminate/Pipeline/Pipeline.php(219): Illuminate/Http/Middleware/TrustProxies->handle(Object(Illuminate/Http/Request), Object(Closure))
#59 G:/Mursalin_1295365/Laravel/ecommerce/vendor/laravel/framework/src/Illuminate/Foundation/Http/Middleware/InvokeDeferredCallbacks.php(22): Illuminate/Pipeline/Pipeline->{closure:{closure:Illuminate/Pipeline/Pipeline::carry():194}:195}(Object(Illuminate/Http/Request))
#60 G:/Mursalin_1295365/Laravel/ecommerce/vendor/laravel/framework/src/Illuminate/Pipeline/Pipeline.php(219): Illuminate/Foundation/Http/Middleware/InvokeDeferredCallbacks->handle(Object(Illuminate/Http/Request), Object(Closure))
#61 G:/Mursalin_1295365/Laravel/ecommerce/vendor/laravel/framework/src/Illuminate/Http/Middleware/ValidatePathEncoding.php(28): Illuminate/Pipeline/Pipeline->{closure:{closure:Illuminate/Pipeline/Pipeline::carry():194}:195}(Object(Illuminate/Http/Request))
#62 G:/Mursalin_1295365/Laravel/ecommerce/vendor/laravel/framework/src/Illuminate/Pipeline/Pipeline.php(219): Illuminate/Http/Middleware/ValidatePathEncoding->handle(Object(Illuminate/Http/Request), Object(Closure))
#63 G:/Mursalin_1295365/Laravel/ecommerce/vendor/laravel/framework/src/Illuminate/Pipeline/Pipeline.php(137): Illuminate/Pipeline/Pipeline->{closure:{closure:Illuminate/Pipeline/Pipeline::carry():194}:195}(Object(Illuminate/Http/Request))
#64 G:/Mursalin_1295365/Laravel/ecommerce/vendor/laravel/framework/src/Illuminate/Foundation/Http/Kernel.php(175): Illuminate/Pipeline/Pipeline->then(Object(Closure))
#65 G:/Mursalin_1295365/Laravel/ecommerce/vendor/laravel/framework/src/Illuminate/Foundation/Http/Kernel.php(144): Illuminate/Foundation/Http/Kernel->sendRequestThroughRouter(Object(Illuminate/Http/Request))
#66 G:/Mursalin_1295365/Laravel/ecommerce/vendor/laravel/framework/src/Illuminate/Foundation/Application.php(1227): Illuminate/Foundation/Http/Kernel->handle(Object(Illuminate/Http/Request))
#67 G:/Mursalin_1295365/Laravel/ecommerce/public/index.php(20): Illuminate/Foundation/Application->handleRequest(Object(Illuminate/Http/Request))
#68 C:/Program Files/Herd/resources/app.asar.unpacked/resources/valet/server.php(140): require('G://Mursalin_129...')
#69 {main}
"} 
[2026-09-20 05:04:00] local.ERROR: SQLSTATE[42S22]: Column not found: 1054 Unknown column 'products.brand_brand_id' in 'where clause' (Connection: mysql, Host: 127.0.0.1, Port: 3306, Database: ecommerce, SQL: select `brands`.*, (select count(*) from `products` where `brands`.`brand_id` = `products`.`brand_brand_id`) as `products_count` from `brands` order by `name` asc limit 10 offset 0) {"exception":"[object] (Illuminate\\Database\\QueryException(code: 42S22): SQLSTATE[42S22]: Column not found: 1054 Unknown column 'products.brand_brand_id' in 'where clause' (Connection: mysql, Host: 127.0.0.1, Port: 3306, Database: ecommerce, SQL: select `brands`.*, (select count(*) from `products` where `brands`.`brand_id` = `products`.`brand_brand_id`) as `products_count` from `brands` order by `name` asc limit 10 offset 0) at G:/Mursalin_1295365/Laravel/ecommerce/vendor/laravel/framework/src/Illuminate/Database/Connection.php:857)
[stacktrace]
#0 G:/Mursalin_1295365/Laravel/ecommerce/vendor/laravel/framework/src/Illuminate/Database/Connection.php(813): Illuminate/Database/Connection->runQueryCallback('select `brands`...', Array, Object(Closure))
#1 G:/Mursalin_1295365/Laravel/ecommerce/vendor/laravel/framework/src/Illuminate/Database/Connection.php(426): Illuminate/Database/Connection->run('select `brands`...', Array, Object(Closure))
#2 G:/Mursalin_1295365/Laravel/ecommerce/vendor/laravel/framework/src/Illuminate/Database/Query/Builder.php(3629): Illuminate/Database/Connection->select('select `brands`...', Array, true, Array)
#3 G:/Mursalin_1295365/Laravel/ecommerce/vendor/laravel/framework/src/Illuminate/Database/Query/Builder.php(3613): Illuminate/Database/Query/Builder->runSelect()
#4 G:/Mursalin_1295365/Laravel/ecommerce/vendor/laravel/framework/src/Illuminate/Database/Eloquent/Builder.php(931): Illuminate/Database/Query/Builder->get(Array)
#5 G:/Mursalin_1295365/Laravel/ecommerce/vendor/laravel/framework/src/Illuminate/Database/Eloquent/Builder.php(913): Illuminate/Database/Eloquent/Builder->getModels(Array)
#6 G:/Mursalin_1295365/Laravel/ecommerce/vendor/laravel/framework/src/Illuminate/Database/Eloquent/Builder.php(1164): Illuminate/Database/Eloquent/Builder->get(Array)
#7 G:/Mursalin_1295365/Laravel/ecommerce/app/Http/Controllers/BrandController.php(13): Illuminate/Database/Eloquent/Builder->paginate(10)
#8 G:/Mursalin_1295365/Laravel/ecommerce/vendor/laravel/framework/src/Illuminate/Routing/ControllerDispatcher.php(46): App/Http/Controllers/BrandController->index()
#9 G:/Mursalin_1295365/Laravel/ecommerce/vendor/laravel/framework/src/Illuminate/Routing/Route.php(276): Illuminate/Routing/ControllerDispatcher->dispatch(Object(Illuminate/Routing/Route), Object(App/Http/Controllers/BrandController), 'index')
#10 G:/Mursalin_1295365/Laravel/ecommerce/vendor/laravel/framework/src/Illuminate/Routing/Route.php(216): Illuminate/Routing/Route->runController()
#11 G:/Mursalin_1295365/Laravel/ecommerce/vendor/laravel/framework/src/Illuminate/Routing/Router.php(822): Illuminate/Routing/Route->run()
#12 G:/Mursalin_1295365/Laravel/ecommerce/vendor/laravel/framework/src/Illuminate/Pipeline/Pipeline.php(180): Illuminate/Routing/Router->{closure:Illuminate/Routing/Router::runRouteWithinStack():821}(Object(Illuminate/Http/Request))
#13 G:/Mursalin_1295365/Laravel/ecommerce/vendor/laravel/boost/src/Middleware/InjectBoost.php(22): Illuminate/Pipeline/Pipeline->{closure:Illuminate/Pipeline/Pipeline::prepareDestination():178}(Object(Illuminate/Http/Request))
#14 G:/Mursalin_1295365/Laravel/ecommerce/vendor/laravel/framework/src/Illuminate/Pipeline/Pipeline.php(219): Laravel/Boost/Middleware/InjectBoost->handle(Object(Illuminate/Http/Request), Object(Closure))
#15 G:/Mursalin_1295365/Laravel/ecommerce/vendor/laravel/framework/src/Illuminate/Routing/Middleware/SubstituteBindings.php(52): Illuminate/Pipeline/Pipeline->{closure:{closure:Illuminate/Pipeline/Pipeline::carry():194}:195}(Object(Illuminate/Http/Request))
#16 G:/Mursalin_1295365/Laravel/ecommerce/vendor/laravel/framework/src/Illuminate/Pipeline/Pipeline.php(219): Illuminate/Routing/Middleware/SubstituteBindings->handle(Object(Illuminate/Http/Request), Object(Closure))
#17 G:/Mursalin_1295365/Laravel/ecommerce/vendor/laravel/framework/src/Illuminate/Foundation/Http/Middleware/PreventRequestForgery.php(104): Illuminate/Pipeline/Pipeline->{closure:{closure:Illuminate/Pipeline/Pipeline::carry():194}:195}(Object(Illuminate/Http/Request))
#18 G:/Mursalin_1295365/Laravel/ecommerce/vendor/laravel/framework/src/Illuminate/Pipeline/Pipeline.php(219): Illuminate/Foundation/Http/Middleware/PreventRequestForgery->handle(Object(Illuminate/Http/Request), Object(Closure))
#19 G:/Mursalin_1295365/Laravel/ecommerce/vendor/laravel/framework/src/Illuminate/View/Middleware/ShareErrorsFromSession.php(48): Illuminate/Pipeline/Pipeline->{closure:{closure:Illuminate/Pipeline/Pipeline::carry():194}:195}(Object(Illuminate/Http/Request))
#20 G:/Mursalin_1295365/Laravel/ecommerce/vendor/laravel/framework/src/Illuminate/Pipeline/Pipeline.php(219): Illuminate/View/Middleware/ShareErrorsFromSession->handle(Object(Illuminate/Http/Request), Object(Closure))
#21 G:/Mursalin_1295365/Laravel/ecommerce/vendor/laravel/framework/src/Illuminate/Session/Middleware/StartSession.php(120): Illuminate/Pipeline/Pipeline->{closure:{closure:Illuminate/Pipeline/Pipeline::carry():194}:195}(Object(Illuminate/Http/Request))
#22 G:/Mursalin_1295365/Laravel/ecommerce/vendor/laravel/framework/src/Illuminate/Session/Middleware/StartSession.php(63): Illuminate/Session/Middleware/StartSession->handleStatefulRequest(Object(Illuminate/Http/Request), Object(Illuminate/Session/Store), Object(Closure))
#23 G:/Mursalin_1295365/Laravel/ecommerce/vendor/laravel/framework/src/Illuminate/Pipeline/Pipeline.php(219): Illuminate/Session/Middleware/StartSession->handle(Object(Illuminate/Http/Request), Object(Closure))
#24 G:/Mursalin_1295365/Laravel/ecommerce/vendor/laravel/framework/src/Illuminate/Cookie/Middleware/AddQueuedCookiesToResponse.php(36): Illuminate/Pipeline/Pipeline->{closure:{closure:Illuminate/Pipeline/Pipeline::carry():194}:195}(Object(Illuminate/Http/Request))
#25 G:/Mursalin_1295365/Laravel/ecommerce/vendor/laravel/framework/src/Illuminate/Pipeline/Pipeline.php(219): Illuminate/Cookie/Middleware/AddQueuedCookiesToResponse->handle(Object(Illuminate/Http/Request), Object(Closure))
#26 G:/Mursalin_1295365/Laravel/ecommerce/vendor/laravel/framework/src/Illuminate/Cookie/Middleware/EncryptCookies.php(74): Illuminate/Pipeline/Pipeline->{closure:{closure:Illuminate/Pipeline/Pipeline::carry():194}:195}(Object(Illuminate/Http/Request))
#27 G:/Mursalin_1295365/Laravel/ecommerce/vendor/laravel/framework/src/Illuminate/Pipeline/Pipeline.php(219): Illuminate/Cookie/Middleware/EncryptCookies->handle(Object(Illuminate/Http/Request), Object(Closure))
#28 G:/Mursalin_1295365/Laravel/ecommerce/vendor/laravel/framework/src/Illuminate/Pipeline/Pipeline.php(137): Illuminate/Pipeline/Pipeline->{closure:{closure:Illuminate/Pipeline/Pipeline::carry():194}:195}(Object(Illuminate/Http/Request))
#29 G:/Mursalin_1295365/Laravel/ecommerce/vendor/laravel/framework/src/Illuminate/Routing/Router.php(821): Illuminate/Pipeline/Pipeline->then(Object(Closure))
#30 G:/Mursalin_1295365/Laravel/ecommerce/vendor/laravel/framework/src/Illuminate/Routing/Router.php(800): Illuminate/Routing/Router->runRouteWithinStack(Object(Illuminate/Routing/Route), Object(Illuminate/Http/Request))
#31 G:/Mursalin_1295365/Laravel/ecommerce/vendor/laravel/framework/src/Illuminate/Routing/Router.php(764): Illuminate/Routing/Router->runRoute(Object(Illuminate/Http/Request), Object(Illuminate/Routing/Route))
#32 G:/Mursalin_1295365/Laravel/ecommerce/vendor/laravel/framework/src/Illuminate/Routing/Router.php(753): Illuminate/Routing/Router->dispatchToRoute(Object(Illuminate/Http/Request))
#33 G:/Mursalin_1295365/Laravel/ecommerce/vendor/laravel/framework/src/Illuminate/Foundation/Http/Kernel.php(200): Illuminate/Routing/Router->dispatch(Object(Illuminate/Http/Request))
#34 G:/Mursalin_1295365/Laravel/ecommerce/vendor/laravel/framework/src/Illuminate/Pipeline/Pipeline.php(180): Illuminate/Foundation/Http/Kernel->{closure:Illuminate/Foundation/Http/Kernel::dispatchToRouter():197}(Object(Illuminate/Http/Request))
#35 G:/Mursalin_1295365/Laravel/ecommerce/vendor/laravel/framework/src/Illuminate/Foundation/Http/Middleware/TransformsRequest.php(21): Illuminate/Pipeline/Pipeline->{closure:Illuminate/Pipeline/Pipeline::prepareDestination():178}(Object(Illuminate/Http/Request))
#36 G:/Mursalin_1295365/Laravel/ecommerce/vendor/laravel/framework/src/Illuminate/Foundation/Http/Middleware/ConvertEmptyStringsToNull.php(31): Illuminate/Foundation/Http/Middleware/TransformsRequest->handle(Object(Illuminate/Http/Request), Object(Closure))
#37 G:/Mursalin_1295365/Laravel/ecommerce/vendor/laravel/framework/src/Illuminate/Pipeline/Pipeline.php(219): Illuminate/Foundation/Http/Middleware/ConvertEmptyStringsToNull->handle(Object(Illuminate/Http/Request), Object(Closure))
#38 G:/Mursalin_1295365/Laravel/ecommerce/vendor/laravel/framework/src/Illuminate/Foundation/Http/Middleware/TransformsRequest.php(21): Illuminate/Pipeline/Pipeline->{closure:{closure:Illuminate/Pipeline/Pipeline::carry():194}:195}(Object(Illuminate/Http/Request))
#39 G:/Mursalin_1295365/Laravel/ecommerce/vendor/laravel/framework/src/Illuminate/Foundation/Http/Middleware/TrimStrings.php(51): Illuminate/Foundation/Http/Middleware/TransformsRequest->handle(Object(Illuminate/Http/Request), Object(Closure))
#40 G:/Mursalin_1295365/Laravel/ecommerce/vendor/laravel/framework/src/Illuminate/Pipeline/Pipeline.php(219): Illuminate/Foundation/Http/Middleware/TrimStrings->handle(Object(Illuminate/Http/Request), Object(Closure))
#41 G:/Mursalin_1295365/Laravel/ecommerce/vendor/laravel/framework/src/Illuminate/Http/Middleware/ValidatePostSize.php(27): Illuminate/Pipeline/Pipeline->{closure:{closure:Illuminate/Pipeline/Pipeline::carry():194}:195}(Object(Illuminate/Http/Request))
#42 G:/Mursalin_1295365/Laravel/ecommerce/vendor/laravel/framework/src/Illuminate/Pipeline/Pipeline.php(219): Illuminate/Http/Middleware/ValidatePostSize->handle(Object(Illuminate/Http/Request), Object(Closure))
#43 G:/Mursalin_1295365/Laravel/ecommerce/vendor/laravel/framework/src/Illuminate/Foundation/Http/Middleware/PreventRequestsDuringMaintenance.php(110): Illuminate/Pipeline/Pipeline->{closure:{closure:Illuminate/Pipeline/Pipeline::carry():194}:195}(Object(Illuminate/Http/Request))
#44 G:/Mursalin_1295365/Laravel/ecommerce/vendor/laravel/framework/src/Illuminate/Pipeline/Pipeline.php(219): Illuminate/Foundation/Http/Middleware/PreventRequestsDuringMaintenance->handle(Object(Illuminate/Http/Request), Object(Closure))
#45 G:/Mursalin_1295365/Laravel/ecommerce/vendor/laravel/framework/src/Illuminate/Http/Middleware/HandleCors.php(61): Illuminate/Pipeline/Pipeline->{closure:{closure:Illuminate/Pipeline/Pipeline::carry():194}:195}(Object(Illuminate/Http/Request))
#46 G:/Mursalin_1295365/Laravel/ecommerce/vendor/laravel/framework/src/Illuminate/Pipeline/Pipeline.php(219): Illuminate/Http/Middleware/HandleCors->handle(Object(Illuminate/Http/Request), Object(Closure))
#47 G:/Mursalin_1295365/Laravel/ecommerce/vendor/laravel/framework/src/Illuminate/Http/Middleware/TrustProxies.php(58): Illuminate/Pipeline/Pipeline->{closure:{closure:Illuminate/Pipeline/Pipeline::carry():194}:195}(Object(Illuminate/Http/Request))
#48 G:/Mursalin_1295365/Laravel/ecommerce/vendor/laravel/framework/src/Illuminate/Pipeline/Pipeline.php(219): Illuminate/Http/Middleware/TrustProxies->handle(Object(Illuminate/Http/Request), Object(Closure))
#49 G:/Mursalin_1295365/Laravel/ecommerce/vendor/laravel/framework/src/Illuminate/Foundation/Http/Middleware/InvokeDeferredCallbacks.php(22): Illuminate/Pipeline/Pipeline->{closure:{closure:Illuminate/Pipeline/Pipeline::carry():194}:195}(Object(Illuminate/Http/Request))
#50 G:/Mursalin_1295365/Laravel/ecommerce/vendor/laravel/framework/src/Illuminate/Pipeline/Pipeline.php(219): Illuminate/Foundation/Http/Middleware/InvokeDeferredCallbacks->handle(Object(Illuminate/Http/Request), Object(Closure))
#51 G:/Mursalin_1295365/Laravel/ecommerce/vendor/laravel/framework/src/Illuminate/Http/Middleware/ValidatePathEncoding.php(28): Illuminate/Pipeline/Pipeline->{closure:{closure:Illuminate/Pipeline/Pipeline::carry():194}:195}(Object(Illuminate/Http/Request))
#52 G:/Mursalin_1295365/Laravel/ecommerce/vendor/laravel/framework/src/Illuminate/Pipeline/Pipeline.php(219): Illuminate/Http/Middleware/ValidatePathEncoding->handle(Object(Illuminate/Http/Request), Object(Closure))
#53 G:/Mursalin_1295365/Laravel/ecommerce/vendor/laravel/framework/src/Illuminate/Pipeline/Pipeline.php(137): Illuminate/Pipeline/Pipeline->{closure:{closure:Illuminate/Pipeline/Pipeline::carry():194}:195}(Object(Illuminate/Http/Request))
#54 G:/Mursalin_1295365/Laravel/ecommerce/vendor/laravel/framework/src/Illuminate/Foundation/Http/Kernel.php(175): Illuminate/Pipeline/Pipeline->then(Object(Closure))
#55 G:/Mursalin_1295365/Laravel/ecommerce/vendor/laravel/framework/src/Illuminate/Foundation/Http/Kernel.php(144): Illuminate/Foundation/Http/Kernel->sendRequestThroughRouter(Object(Illuminate/Http/Request))
#56 G:/Mursalin_1295365/Laravel/ecommerce/vendor/laravel/framework/src/Illuminate/Foundation/Application.php(1227): Illuminate/Foundation/Http/Kernel->handle(Object(Illuminate/Http/Request))
#57 G:/Mursalin_1295365/Laravel/ecommerce/public/index.php(20): Illuminate/Foundation/Application->handleRequest(Object(Illuminate/Http/Request))
#58 C:/Program Files/Herd/resources/app.asar.unpacked/resources/valet/server.php(140): require('G://Mursalin_129...')
#59 {main}

[previous exception] [object] (PDOException(code: 42S22): SQLSTATE[42S22]: Column not found: 1054 Unknown column 'products.brand_brand_id' in 'where clause' at G:/Mursalin_1295365/Laravel/ecommerce/vendor/laravel/framework/src/Illuminate/Database/Connection.php:435)
[stacktrace]
#0 G:/Mursalin_1295365/Laravel/ecommerce/vendor/laravel/framework/src/Illuminate/Database/Connection.php(435): PDO->prepare('select `brands`...')
#1 G:/Mursalin_1295365/Laravel/ecommerce/vendor/laravel/framework/src/Illuminate/Database/Connection.php(846): Illuminate/Database/Connection->{closure:Illuminate/Database/Connection::select():426}('select `brands`...', Array)
#2 G:/Mursalin_1295365/Laravel/ecommerce/vendor/laravel/framework/src/Illuminate/Database/Connection.php(813): Illuminate/Database/Connection->runQueryCallback('select `brands`...', Array, Object(Closure))
#3 G:/Mursalin_1295365/Laravel/ecommerce/vendor/laravel/framework/src/Illuminate/Database/Connection.php(426): Illuminate/Database/Connection->run('select `brands`...', Array, Object(Closure))
#4 G:/Mursalin_1295365/Laravel/ecommerce/vendor/laravel/framework/src/Illuminate/Database/Query/Builder.php(3629): Illuminate/Database/Connection->select('select `brands`...', Array, true, Array)
#5 G:/Mursalin_1295365/Laravel/ecommerce/vendor/laravel/framework/src/Illuminate/Database/Query/Builder.php(3613): Illuminate/Database/Query/Builder->runSelect()
#6 G:/Mursalin_1295365/Laravel/ecommerce/vendor/laravel/framework/src/Illuminate/Database/Eloquent/Builder.php(931): Illuminate/Database/Query/Builder->get(Array)
#7 G:/Mursalin_1295365/Laravel/ecommerce/vendor/laravel/framework/src/Illuminate/Database/Eloquent/Builder.php(913): Illuminate/Database/Eloquent/Builder->getModels(Array)
#8 G:/Mursalin_1295365/Laravel/ecommerce/vendor/laravel/framework/src/Illuminate/Database/Eloquent/Builder.php(1164): Illuminate/Database/Eloquent/Builder->get(Array)
#9 G:/Mursalin_1295365/Laravel/ecommerce/app/Http/Controllers/BrandController.php(13): Illuminate/Database/Eloquent/Builder->paginate(10)
#10 G:/Mursalin_1295365/Laravel/ecommerce/vendor/laravel/framework/src/Illuminate/Routing/ControllerDispatcher.php(46): App/Http/Controllers/BrandController->index()
#11 G:/Mursalin_1295365/Laravel/ecommerce/vendor/laravel/framework/src/Illuminate/Routing/Route.php(276): Illuminate/Routing/ControllerDispatcher->dispatch(Object(Illuminate/Routing/Route), Object(App/Http/Controllers/BrandController), 'index')
#12 G:/Mursalin_1295365/Laravel/ecommerce/vendor/laravel/framework/src/Illuminate/Routing/Route.php(216): Illuminate/Routing/Route->runController()
#13 G:/Mursalin_1295365/Laravel/ecommerce/vendor/laravel/framework/src/Illuminate/Routing/Router.php(822): Illuminate/Routing/Route->run()
#14 G:/Mursalin_1295365/Laravel/ecommerce/vendor/laravel/framework/src/Illuminate/Pipeline/Pipeline.php(180): Illuminate/Routing/Router->{closure:Illuminate/Routing/Router::runRouteWithinStack():821}(Object(Illuminate/Http/Request))
#15 G:/Mursalin_1295365/Laravel/ecommerce/vendor/laravel/boost/src/Middleware/InjectBoost.php(22): Illuminate/Pipeline/Pipeline->{closure:Illuminate/Pipeline/Pipeline::prepareDestination():178}(Object(Illuminate/Http/Request))
#16 G:/Mursalin_1295365/Laravel/ecommerce/vendor/laravel/framework/src/Illuminate/Pipeline/Pipeline.php(219): Laravel/Boost/Middleware/InjectBoost->handle(Object(Illuminate/Http/Request), Object(Closure))
#17 G:/Mursalin_1295365/Laravel/ecommerce/vendor/laravel/framework/src/Illuminate/Routing/Middleware/SubstituteBindings.php(52): Illuminate/Pipeline/Pipeline->{closure:{closure:Illuminate/Pipeline/Pipeline::carry():194}:195}(Object(Illuminate/Http/Request))
#18 G:/Mursalin_1295365/Laravel/ecommerce/vendor/laravel/framework/src/Illuminate/Pipeline/Pipeline.php(219): Illuminate/Routing/Middleware/SubstituteBindings->handle(Object(Illuminate/Http/Request), Object(Closure))
#19 G:/Mursalin_1295365/Laravel/ecommerce/vendor/laravel/framework/src/Illuminate/Foundation/Http/Middleware/PreventRequestForgery.php(104): Illuminate/Pipeline/Pipeline->{closure:{closure:Illuminate/Pipeline/Pipeline::carry():194}:195}(Object(Illuminate/Http/Request))
#20 G:/Mursalin_1295365/Laravel/ecommerce/vendor/laravel/framework/src/Illuminate/Pipeline/Pipeline.php(219): Illuminate/Foundation/Http/Middleware/PreventRequestForgery->handle(Object(Illuminate/Http/Request), Object(Closure))
#21 G:/Mursalin_1295365/Laravel/ecommerce/vendor/laravel/framework/src/Illuminate/View/Middleware/ShareErrorsFromSession.php(48): Illuminate/Pipeline/Pipeline->{closure:{closure:Illuminate/Pipeline/Pipeline::carry():194}:195}(Object(Illuminate/Http/Request))
#22 G:/Mursalin_1295365/Laravel/ecommerce/vendor/laravel/framework/src/Illuminate/Pipeline/Pipeline.php(219): Illuminate/View/Middleware/ShareErrorsFromSession->handle(Object(Illuminate/Http/Request), Object(Closure))
#23 G:/Mursalin_1295365/Laravel/ecommerce/vendor/laravel/framework/src/Illuminate/Session/Middleware/StartSession.php(120): Illuminate/Pipeline/Pipeline->{closure:{closure:Illuminate/Pipeline/Pipeline::carry():194}:195}(Object(Illuminate/Http/Request))
#24 G:/Mursalin_1295365/Laravel/ecommerce/vendor/laravel/framework/src/Illuminate/Session/Middleware/StartSession.php(63): Illuminate/Session/Middleware/StartSession->handleStatefulRequest(Object(Illuminate/Http/Request), Object(Illuminate/Session/Store), Object(Closure))
#25 G:/Mursalin_1295365/Laravel/ecommerce/vendor/laravel/framework/src/Illuminate/Pipeline/Pipeline.php(219): Illuminate/Session/Middleware/StartSession->handle(Object(Illuminate/Http/Request), Object(Closure))
#26 G:/Mursalin_1295365/Laravel/ecommerce/vendor/laravel/framework/src/Illuminate/Cookie/Middleware/AddQueuedCookiesToResponse.php(36): Illuminate/Pipeline/Pipeline->{closure:{closure:Illuminate/Pipeline/Pipeline::carry():194}:195}(Object(Illuminate/Http/Request))
#27 G:/Mursalin_1295365/Laravel/ecommerce/vendor/laravel/framework/src/Illuminate/Pipeline/Pipeline.php(219): Illuminate/Cookie/Middleware/AddQueuedCookiesToResponse->handle(Object(Illuminate/Http/Request), Object(Closure))
#28 G:/Mursalin_1295365/Laravel/ecommerce/vendor/laravel/framework/src/Illuminate/Cookie/Middleware/EncryptCookies.php(74): Illuminate/Pipeline/Pipeline->{closure:{closure:Illuminate/Pipeline/Pipeline::carry():194}:195}(Object(Illuminate/Http/Request))
#29 G:/Mursalin_1295365/Laravel/ecommerce/vendor/laravel/framework/src/Illuminate/Pipeline/Pipeline.php(219): Illuminate/Cookie/Middleware/EncryptCookies->handle(Object(Illuminate/Http/Request), Object(Closure))
#30 G:/Mursalin_1295365/Laravel/ecommerce/vendor/laravel/framework/src/Illuminate/Pipeline/Pipeline.php(137): Illuminate/Pipeline/Pipeline->{closure:{closure:Illuminate/Pipeline/Pipeline::carry():194}:195}(Object(Illuminate/Http/Request))
#31 G:/Mursalin_1295365/Laravel/ecommerce/vendor/laravel/framework/src/Illuminate/Routing/Router.php(821): Illuminate/Pipeline/Pipeline->then(Object(Closure))
#32 G:/Mursalin_1295365/Laravel/ecommerce/vendor/laravel/framework/src/Illuminate/Routing/Router.php(800): Illuminate/Routing/Router->runRouteWithinStack(Object(Illuminate/Routing/Route), Object(Illuminate/Http/Request))
#33 G:/Mursalin_1295365/Laravel/ecommerce/vendor/laravel/framework/src/Illuminate/Routing/Router.php(764): Illuminate/Routing/Router->runRoute(Object(Illuminate/Http/Request), Object(Illuminate/Routing/Route))
#34 G:/Mursalin_1295365/Laravel/ecommerce/vendor/laravel/framework/src/Illuminate/Routing/Router.php(753): Illuminate/Routing/Router->dispatchToRoute(Object(Illuminate/Http/Request))
#35 G:/Mursalin_1295365/Laravel/ecommerce/vendor/laravel/framework/src/Illuminate/Foundation/Http/Kernel.php(200): Illuminate/Routing/Router->dispatch(Object(Illuminate/Http/Request))
#36 G:/Mursalin_1295365/Laravel/ecommerce/vendor/laravel/framework/src/Illuminate/Pipeline/Pipeline.php(180): Illuminate/Foundation/Http/Kernel->{closure:Illuminate/Foundation/Http/Kernel::dispatchToRouter():197}(Object(Illuminate/Http/Request))
#37 G:/Mursalin_1295365/Laravel/ecommerce/vendor/laravel/framework/src/Illuminate/Foundation/Http/Middleware/TransformsRequest.php(21): Illuminate/Pipeline/Pipeline->{closure:Illuminate/Pipeline/Pipeline::prepareDestination():178}(Object(Illuminate/Http/Request))
#38 G:/Mursalin_1295365/Laravel/ecommerce/vendor/laravel/framework/src/Illuminate/Foundation/Http/Middleware/ConvertEmptyStringsToNull.php(31): Illuminate/Foundation/Http/Middleware/TransformsRequest->handle(Object(Illuminate/Http/Request), Object(Closure))
#39 G:/Mursalin_1295365/Laravel/ecommerce/vendor/laravel/framework/src/Illuminate/Pipeline/Pipeline.php(219): Illuminate/Foundation/Http/Middleware/ConvertEmptyStringsToNull->handle(Object(Illuminate/Http/Request), Object(Closure))
#40 G:/Mursalin_1295365/Laravel/ecommerce/vendor/laravel/framework/src/Illuminate/Foundation/Http/Middleware/TransformsRequest.php(21): Illuminate/Pipeline/Pipeline->{closure:{closure:Illuminate/Pipeline/Pipeline::carry():194}:195}(Object(Illuminate/Http/Request))
#41 G:/Mursalin_1295365/Laravel/ecommerce/vendor/laravel/framework/src/Illuminate/Foundation/Http/Middleware/TrimStrings.php(51): Illuminate/Foundation/Http/Middleware/TransformsRequest->handle(Object(Illuminate/Http/Request), Object(Closure))
#42 G:/Mursalin_1295365/Laravel/ecommerce/vendor/laravel/framework/src/Illuminate/Pipeline/Pipeline.php(219): Illuminate/Foundation/Http/Middleware/TrimStrings->handle(Object(Illuminate/Http/Request), Object(Closure))
#43 G:/Mursalin_1295365/Laravel/ecommerce/vendor/laravel/framework/src/Illuminate/Http/Middleware/ValidatePostSize.php(27): Illuminate/Pipeline/Pipeline->{closure:{closure:Illuminate/Pipeline/Pipeline::carry():194}:195}(Object(Illuminate/Http/Request))
#44 G:/Mursalin_1295365/Laravel/ecommerce/vendor/laravel/framework/src/Illuminate/Pipeline/Pipeline.php(219): Illuminate/Http/Middleware/ValidatePostSize->handle(Object(Illuminate/Http/Request), Object(Closure))
#45 G:/Mursalin_1295365/Laravel/ecommerce/vendor/laravel/framework/src/Illuminate/Foundation/Http/Middleware/PreventRequestsDuringMaintenance.php(110): Illuminate/Pipeline/Pipeline->{closure:{closure:Illuminate/Pipeline/Pipeline::carry():194}:195}(Object(Illuminate/Http/Request))
#46 G:/Mursalin_1295365/Laravel/ecommerce/vendor/laravel/framework/src/Illuminate/Pipeline/Pipeline.php(219): Illuminate/Foundation/Http/Middleware/PreventRequestsDuringMaintenance->handle(Object(Illuminate/Http/Request), Object(Closure))
#47 G:/Mursalin_1295365/Laravel/ecommerce/vendor/laravel/framework/src/Illuminate/Http/Middleware/HandleCors.php(61): Illuminate/Pipeline/Pipeline->{closure:{closure:Illuminate/Pipeline/Pipeline::carry():194}:195}(Object(Illuminate/Http/Request))
#48 G:/Mursalin_1295365/Laravel/ecommerce/vendor/laravel/framework/src/Illuminate/Pipeline/Pipeline.php(219): Illuminate/Http/Middleware/HandleCors->handle(Object(Illuminate/Http/Request), Object(Closure))
#49 G:/Mursalin_1295365/Laravel/ecommerce/vendor/laravel/framework/src/Illuminate/Http/Middleware/TrustProxies.php(58): Illuminate/Pipeline/Pipeline->{closure:{closure:Illuminate/Pipeline/Pipeline::carry():194}:195}(Object(Illuminate/Http/Request))
#50 G:/Mursalin_1295365/Laravel/ecommerce/vendor/laravel/framework/src/Illuminate/Pipeline/Pipeline.php(219): Illuminate/Http/Middleware/TrustProxies->handle(Object(Illuminate/Http/Request), Object(Closure))
#51 G:/Mursalin_1295365/Laravel/ecommerce/vendor/laravel/framework/src/Illuminate/Foundation/Http/Middleware/InvokeDeferredCallbacks.php(22): Illuminate/Pipeline/Pipeline->{closure:{closure:Illuminate/Pipeline/Pipeline::carry():194}:195}(Object(Illuminate/Http/Request))
#52 G:/Mursalin_1295365/Laravel/ecommerce/vendor/laravel/framework/src/Illuminate/Pipeline/Pipeline.php(219): Illuminate/Foundation/Http/Middleware/InvokeDeferredCallbacks->handle(Object(Illuminate/Http/Request), Object(Closure))
#53 G:/Mursalin_1295365/Laravel/ecommerce/vendor/laravel/framework/src/Illuminate/Http/Middleware/ValidatePathEncoding.php(28): Illuminate/Pipeline/Pipeline->{closure:{closure:Illuminate/Pipeline/Pipeline::carry():194}:195}(Object(Illuminate/Http/Request))
#54 G:/Mursalin_1295365/Laravel/ecommerce/vendor/laravel/framework/src/Illuminate/Pipeline/Pipeline.php(219): Illuminate/Http/Middleware/ValidatePathEncoding->handle(Object(Illuminate/Http/Request), Object(Closure))
#55 G:/Mursalin_1295365/Laravel/ecommerce/vendor/laravel/framework/src/Illuminate/Pipeline/Pipeline.php(137): Illuminate/Pipeline/Pipeline->{closure:{closure:Illuminate/Pipeline/Pipeline::carry():194}:195}(Object(Illuminate/Http/Request))
#56 G:/Mursalin_1295365/Laravel/ecommerce/vendor/laravel/framework/src/Illuminate/Foundation/Http/Kernel.php(175): Illuminate/Pipeline/Pipeline->then(Object(Closure))
#57 G:/Mursalin_1295365/Laravel/ecommerce/vendor/laravel/framework/src/Illuminate/Foundation/Http/Kernel.php(144): Illuminate/Foundation/Http/Kernel->sendRequestThroughRouter(Object(Illuminate/Http/Request))
#58 G:/Mursalin_1295365/Laravel/ecommerce/vendor/laravel/framework/src/Illuminate/Foundation/Application.php(1227): Illuminate/Foundation/Http/Kernel->handle(Object(Illuminate/Http/Request))
#59 G:/Mursalin_1295365/Laravel/ecommerce/public/index.php(20): Illuminate/Foundation/Application->handleRequest(Object(Illuminate/Http/Request))
#60 C:/Program Files/Herd/resources/app.asar.unpacked/resources/valet/server.php(140): require('G://Mursalin_129...')
#61 {main}
"} 
[2026-09-20 05:46:03] local.ERROR: rename(G:\Mursalin_1295365\Laravel\ecommerce2\storage\framework\views\822CACB.tmp,G:\Mursalin_1295365\Laravel\ecommerce2\storage\framework\views/822fc0de4331bfc7d05ca3112eafa6a8.php): Access is denied (code: 5) {"exception":"[object] (ErrorException(code: 0): rename(G:\\Mursalin_1295365\\Laravel\\ecommerce2\\storage\\framework\\views\\822CACB.tmp,G:\\Mursalin_1295365\\Laravel\\ecommerce2\\storage\\framework\\views/822fc0de4331bfc7d05ca3112eafa6a8.php): Access is denied (code: 5) at G:/Mursalin_1295365/Laravel/ecommerce2/vendor/laravel/framework/src/Illuminate/Filesystem/Filesystem.php:233)
[stacktrace]
#0 G:/Mursalin_1295365/Laravel/ecommerce2/vendor/laravel/framework/src/Illuminate/Foundation/Bootstrap/HandleExceptions.php(265): Illuminate/Foundation/Bootstrap/HandleExceptions->handleError(2, 'rename(G://Mursa...', 'G://Mursalin_129...', 233)
#1 [internal function]: Illuminate/Foundation/Bootstrap/HandleExceptions->{closure:Illuminate/Foundation/Bootstrap/HandleExceptions::forwardsTo():264}(2, 'rename(G://Mursa...', 'G://Mursalin_129...', 233)
#2 G:/Mursalin_1295365/Laravel/ecommerce2/vendor/laravel/framework/src/Illuminate/Filesystem/Filesystem.php(233): rename('G://Mursalin_129...', 'G://Mursalin_129...')
#3 G:/Mursalin_1295365/Laravel/ecommerce2/vendor/laravel/framework/src/Illuminate/View/Compilers/BladeCompiler.php(199): Illuminate/Filesystem/Filesystem->replace('G://Mursalin_129...', '<?php $__env->s...')
#4 G:/Mursalin_1295365/Laravel/ecommerce2/vendor/laravel/framework/src/Illuminate/View/Engines/CompilerEngine.php(68): Illuminate/View/Compilers/BladeCompiler->compile('G://Mursalin_129...')
#5 G:/Mursalin_1295365/Laravel/ecommerce2/vendor/laravel/framework/src/Illuminate/View/View.php(208): Illuminate/View/Engines/CompilerEngine->get('G://Mursalin_129...', Array)
#6 G:/Mursalin_1295365/Laravel/ecommerce2/vendor/laravel/framework/src/Illuminate/View/View.php(191): Illuminate/View/View->getContents()
#7 G:/Mursalin_1295365/Laravel/ecommerce2/vendor/laravel/framework/src/Illuminate/View/View.php(160): Illuminate/View/View->renderContents()
#8 G:/Mursalin_1295365/Laravel/ecommerce2/vendor/laravel/framework/src/Illuminate/Http/Response.php(82): Illuminate/View/View->render()
#9 G:/Mursalin_1295365/Laravel/ecommerce2/vendor/laravel/framework/src/Illuminate/Http/Response.php(40): Illuminate/Http/Response->setContent(Object(Illuminate/View/View))
#10 G:/Mursalin_1295365/Laravel/ecommerce2/vendor/laravel/framework/src/Illuminate/Routing/Router.php(939): Illuminate/Http/Response->__construct(Object(Illuminate/View/View), 200, Array)
#11 G:/Mursalin_1295365/Laravel/ecommerce2/vendor/laravel/framework/src/Illuminate/Routing/Router.php(906): Illuminate/Routing/Router::toResponse(Object(Illuminate/Http/Request), Object(Illuminate/View/View))
#12 G:/Mursalin_1295365/Laravel/ecommerce2/vendor/laravel/framework/src/Illuminate/Routing/Router.php(821): Illuminate/Routing/Router->prepareResponse(Object(Illuminate/Http/Request), Object(Illuminate/View/View))
#13 G:/Mursalin_1295365/Laravel/ecommerce2/vendor/laravel/framework/src/Illuminate/Pipeline/Pipeline.php(180): Illuminate/Routing/Router->{closure:Illuminate/Routing/Router::runRouteWithinStack():821}(Object(Illuminate/Http/Request))
#14 G:/Mursalin_1295365/Laravel/ecommerce2/vendor/laravel/boost/src/Middleware/InjectBoost.php(22): Illuminate/Pipeline/Pipeline->{closure:Illuminate/Pipeline/Pipeline::prepareDestination():178}(Object(Illuminate/Http/Request))
#15 G:/Mursalin_1295365/Laravel/ecommerce2/vendor/laravel/framework/src/Illuminate/Pipeline/Pipeline.php(219): Laravel/Boost/Middleware/InjectBoost->handle(Object(Illuminate/Http/Request), Object(Closure))
#16 G:/Mursalin_1295365/Laravel/ecommerce2/vendor/laravel/framework/src/Illuminate/Routing/Middleware/SubstituteBindings.php(52): Illuminate/Pipeline/Pipeline->{closure:{closure:Illuminate/Pipeline/Pipeline::carry():194}:195}(Object(Illuminate/Http/Request))
#17 G:/Mursalin_1295365/Laravel/ecommerce2/vendor/laravel/framework/src/Illuminate/Pipeline/Pipeline.php(219): Illuminate/Routing/Middleware/SubstituteBindings->handle(Object(Illuminate/Http/Request), Object(Closure))
#18 G:/Mursalin_1295365/Laravel/ecommerce2/vendor/laravel/framework/src/Illuminate/Foundation/Http/Middleware/PreventRequestForgery.php(104): Illuminate/Pipeline/Pipeline->{closure:{closure:Illuminate/Pipeline/Pipeline::carry():194}:195}(Object(Illuminate/Http/Request))
#19 G:/Mursalin_1295365/Laravel/ecommerce2/vendor/laravel/framework/src/Illuminate/Pipeline/Pipeline.php(219): Illuminate/Foundation/Http/Middleware/PreventRequestForgery->handle(Object(Illuminate/Http/Request), Object(Closure))
#20 G:/Mursalin_1295365/Laravel/ecommerce2/vendor/laravel/framework/src/Illuminate/View/Middleware/ShareErrorsFromSession.php(48): Illuminate/Pipeline/Pipeline->{closure:{closure:Illuminate/Pipeline/Pipeline::carry():194}:195}(Object(Illuminate/Http/Request))
#21 G:/Mursalin_1295365/Laravel/ecommerce2/vendor/laravel/framework/src/Illuminate/Pipeline/Pipeline.php(219): Illuminate/View/Middleware/ShareErrorsFromSession->handle(Object(Illuminate/Http/Request), Object(Closure))
#22 G:/Mursalin_1295365/Laravel/ecommerce2/vendor/laravel/framework/src/Illuminate/Session/Middleware/StartSession.php(120): Illuminate/Pipeline/Pipeline->{closure:{closure:Illuminate/Pipeline/Pipeline::carry():194}:195}(Object(Illuminate/Http/Request))
#23 G:/Mursalin_1295365/Laravel/ecommerce2/vendor/laravel/framework/src/Illuminate/Session/Middleware/StartSession.php(63): Illuminate/Session/Middleware/StartSession->handleStatefulRequest(Object(Illuminate/Http/Request), Object(Illuminate/Session/Store), Object(Closure))
#24 G:/Mursalin_1295365/Laravel/ecommerce2/vendor/laravel/framework/src/Illuminate/Pipeline/Pipeline.php(219): Illuminate/Session/Middleware/StartSession->handle(Object(Illuminate/Http/Request), Object(Closure))
#25 G:/Mursalin_1295365/Laravel/ecommerce2/vendor/laravel/framework/src/Illuminate/Cookie/Middleware/AddQueuedCookiesToResponse.php(36): Illuminate/Pipeline/Pipeline->{closure:{closure:Illuminate/Pipeline/Pipeline::carry():194}:195}(Object(Illuminate/Http/Request))
#26 G:/Mursalin_1295365/Laravel/ecommerce2/vendor/laravel/framework/src/Illuminate/Pipeline/Pipeline.php(219): Illuminate/Cookie/Middleware/AddQueuedCookiesToResponse->handle(Object(Illuminate/Http/Request), Object(Closure))
#27 G:/Mursalin_1295365/Laravel/ecommerce2/vendor/laravel/framework/src/Illuminate/Cookie/Middleware/EncryptCookies.php(74): Illuminate/Pipeline/Pipeline->{closure:{closure:Illuminate/Pipeline/Pipeline::carry():194}:195}(Object(Illuminate/Http/Request))
#28 G:/Mursalin_1295365/Laravel/ecommerce2/vendor/laravel/framework/src/Illuminate/Pipeline/Pipeline.php(219): Illuminate/Cookie/Middleware/EncryptCookies->handle(Object(Illuminate/Http/Request), Object(Closure))
#29 G:/Mursalin_1295365/Laravel/ecommerce2/vendor/laravel/framework/src/Illuminate/Pipeline/Pipeline.php(137): Illuminate/Pipeline/Pipeline->{closure:{closure:Illuminate/Pipeline/Pipeline::carry():194}:195}(Object(Illuminate/Http/Request))
#30 G:/Mursalin_1295365/Laravel/ecommerce2/vendor/laravel/framework/src/Illuminate/Routing/Router.php(821): Illuminate/Pipeline/Pipeline->then(Object(Closure))
#31 G:/Mursalin_1295365/Laravel/ecommerce2/vendor/laravel/framework/src/Illuminate/Routing/Router.php(800): Illuminate/Routing/Router->runRouteWithinStack(Object(Illuminate/Routing/Route), Object(Illuminate/Http/Request))
#32 G:/Mursalin_1295365/Laravel/ecommerce2/vendor/laravel/framework/src/Illuminate/Routing/Router.php(764): Illuminate/Routing/Router->runRoute(Object(Illuminate/Http/Request), Object(Illuminate/Routing/Route))
#33 G:/Mursalin_1295365/Laravel/ecommerce2/vendor/laravel/framework/src/Illuminate/Routing/Router.php(753): Illuminate/Routing/Router->dispatchToRoute(Object(Illuminate/Http/Request))
#34 G:/Mursalin_1295365/Laravel/ecommerce2/vendor/laravel/framework/src/Illuminate/Foundation/Http/Kernel.php(200): Illuminate/Routing/Router->dispatch(Object(Illuminate/Http/Request))
#35 G:/Mursalin_1295365/Laravel/ecommerce2/vendor/laravel/framework/src/Illuminate/Pipeline/Pipeline.php(180): Illuminate/Foundation/Http/Kernel->{closure:Illuminate/Foundation/Http/Kernel::dispatchToRouter():197}(Object(Illuminate/Http/Request))
#36 G:/Mursalin_1295365/Laravel/ecommerce2/vendor/laravel/framework/src/Illuminate/Foundation/Http/Middleware/TransformsRequest.php(21): Illuminate/Pipeline/Pipeline->{closure:Illuminate/Pipeline/Pipeline::prepareDestination():178}(Object(Illuminate/Http/Request))
#37 G:/Mursalin_1295365/Laravel/ecommerce2/vendor/laravel/framework/src/Illuminate/Foundation/Http/Middleware/ConvertEmptyStringsToNull.php(31): Illuminate/Foundation/Http/Middleware/TransformsRequest->handle(Object(Illuminate/Http/Request), Object(Closure))
#38 G:/Mursalin_1295365/Laravel/ecommerce2/vendor/laravel/framework/src/Illuminate/Pipeline/Pipeline.php(219): Illuminate/Foundation/Http/Middleware/ConvertEmptyStringsToNull->handle(Object(Illuminate/Http/Request), Object(Closure))
#39 G:/Mursalin_1295365/Laravel/ecommerce2/vendor/laravel/framework/src/Illuminate/Foundation/Http/Middleware/TransformsRequest.php(21): Illuminate/Pipeline/Pipeline->{closure:{closure:Illuminate/Pipeline/Pipeline::carry():194}:195}(Object(Illuminate/Http/Request))
#40 G:/Mursalin_1295365/Laravel/ecommerce2/vendor/laravel/framework/src/Illuminate/Foundation/Http/Middleware/TrimStrings.php(51): Illuminate/Foundation/Http/Middleware/TransformsRequest->handle(Object(Illuminate/Http/Request), Object(Closure))
#41 G:/Mursalin_1295365/Laravel/ecommerce2/vendor/laravel/framework/src/Illuminate/Pipeline/Pipeline.php(219): Illuminate/Foundation/Http/Middleware/TrimStrings->handle(Object(Illuminate/Http/Request), Object(Closure))
#42 G:/Mursalin_1295365/Laravel/ecommerce2/vendor/laravel/framework/src/Illuminate/Http/Middleware/ValidatePostSize.php(27): Illuminate/Pipeline/Pipeline->{closure:{closure:Illuminate/Pipeline/Pipeline::carry():194}:195}(Object(Illuminate/Http/Request))
#43 G:/Mursalin_1295365/Laravel/ecommerce2/vendor/laravel/framework/src/Illuminate/Pipeline/Pipeline.php(219): Illuminate/Http/Middleware/ValidatePostSize->handle(Object(Illuminate/Http/Request), Object(Closure))
#44 G:/Mursalin_1295365/Laravel/ecommerce2/vendor/laravel/framework/src/Illuminate/Foundation/Http/Middleware/PreventRequestsDuringMaintenance.php(110): Illuminate/Pipeline/Pipeline->{closure:{closure:Illuminate/Pipeline/Pipeline::carry():194}:195}(Object(Illuminate/Http/Request))
#45 G:/Mursalin_1295365/Laravel/ecommerce2/vendor/laravel/framework/src/Illuminate/Pipeline/Pipeline.php(219): Illuminate/Foundation/Http/Middleware/PreventRequestsDuringMaintenance->handle(Object(Illuminate/Http/Request), Object(Closure))
#46 G:/Mursalin_1295365/Laravel/ecommerce2/vendor/laravel/framework/src/Illuminate/Http/Middleware/HandleCors.php(61): Illuminate/Pipeline/Pipeline->{closure:{closure:Illuminate/Pipeline/Pipeline::carry():194}:195}(Object(Illuminate/Http/Request))
#47 G:/Mursalin_1295365/Laravel/ecommerce2/vendor/laravel/framework/src/Illuminate/Pipeline/Pipeline.php(219): Illuminate/Http/Middleware/HandleCors->handle(Object(Illuminate/Http/Request), Object(Closure))
#48 G:/Mursalin_1295365/Laravel/ecommerce2/vendor/laravel/framework/src/Illuminate/Http/Middleware/TrustProxies.php(58): Illuminate/Pipeline/Pipeline->{closure:{closure:Illuminate/Pipeline/Pipeline::carry():194}:195}(Object(Illuminate/Http/Request))
#49 G:/Mursalin_1295365/Laravel/ecommerce2/vendor/laravel/framework/src/Illuminate/Pipeline/Pipeline.php(219): Illuminate/Http/Middleware/TrustProxies->handle(Object(Illuminate/Http/Request), Object(Closure))
#50 G:/Mursalin_1295365/Laravel/ecommerce2/vendor/laravel/framework/src/Illuminate/Foundation/Http/Middleware/InvokeDeferredCallbacks.php(22): Illuminate/Pipeline/Pipeline->{closure:{closure:Illuminate/Pipeline/Pipeline::carry():194}:195}(Object(Illuminate/Http/Request))
#51 G:/Mursalin_1295365/Laravel/ecommerce2/vendor/laravel/framework/src/Illuminate/Pipeline/Pipeline.php(219): Illuminate/Foundation/Http/Middleware/InvokeDeferredCallbacks->handle(Object(Illuminate/Http/Request), Object(Closure))
#52 G:/Mursalin_1295365/Laravel/ecommerce2/vendor/laravel/framework/src/Illuminate/Http/Middleware/ValidatePathEncoding.php(28): Illuminate/Pipeline/Pipeline->{closure:{closure:Illuminate/Pipeline/Pipeline::carry():194}:195}(Object(Illuminate/Http/Request))
#53 G:/Mursalin_1295365/Laravel/ecommerce2/vendor/laravel/framework/src/Illuminate/Pipeline/Pipeline.php(219): Illuminate/Http/Middleware/ValidatePathEncoding->handle(Object(Illuminate/Http/Request), Object(Closure))
#54 G:/Mursalin_1295365/Laravel/ecommerce2/vendor/laravel/framework/src/Illuminate/Pipeline/Pipeline.php(137): Illuminate/Pipeline/Pipeline->{closure:{closure:Illuminate/Pipeline/Pipeline::carry():194}:195}(Object(Illuminate/Http/Request))
#55 G:/Mursalin_1295365/Laravel/ecommerce2/vendor/laravel/framework/src/Illuminate/Foundation/Http/Kernel.php(175): Illuminate/Pipeline/Pipeline->then(Object(Closure))
#56 G:/Mursalin_1295365/Laravel/ecommerce2/vendor/laravel/framework/src/Illuminate/Foundation/Http/Kernel.php(144): Illuminate/Foundation/Http/Kernel->sendRequestThroughRouter(Object(Illuminate/Http/Request))
#57 G:/Mursalin_1295365/Laravel/ecommerce2/vendor/laravel/framework/src/Illuminate/Foundation/Application.php(1227): Illuminate/Foundation/Http/Kernel->handle(Object(Illuminate/Http/Request))
#58 G:/Mursalin_1295365/Laravel/ecommerce2/public/index.php(20): Illuminate/Foundation/Application->handleRequest(Object(Illuminate/Http/Request))
#59 C:/Program Files/Herd/resources/app.asar.unpacked/resources/valet/server.php(140): require('G://Mursalin_129...')
#60 {main}
"} 
[2026-09-20 05:46:03] local.ERROR: rename(G:\Mursalin_1295365\Laravel\ecommerce2\storage\framework\views\640CDD0.tmp,G:\Mursalin_1295365\Laravel\ecommerce2\storage\framework\views/6401bcdd51cebfa5cdde50166f5f2446.php): Access is denied (code: 5) {"exception":"[object] (ErrorException(code: 0): rename(G:\\Mursalin_1295365\\Laravel\\ecommerce2\\storage\\framework\\views\\640CDD0.tmp,G:\\Mursalin_1295365\\Laravel\\ecommerce2\\storage\\framework\\views/6401bcdd51cebfa5cdde50166f5f2446.php): Access is denied (code: 5) at G:/Mursalin_1295365/Laravel/ecommerce2/vendor/laravel/framework/src/Illuminate/Filesystem/Filesystem.php:233)
[stacktrace]
#0 G:/Mursalin_1295365/Laravel/ecommerce2/vendor/laravel/framework/src/Illuminate/Foundation/Bootstrap/HandleExceptions.php(265): Illuminate/Foundation/Bootstrap/HandleExceptions->handleError(2, 'rename(G://Mursa...', 'G://Mursalin_129...', 233)
#1 [internal function]: Illuminate/Foundation/Bootstrap/HandleExceptions->{closure:Illuminate/Foundation/Bootstrap/HandleExceptions::forwardsTo():264}(2, 'rename(G://Mursa...', 'G://Mursalin_129...', 233)
#2 G:/Mursalin_1295365/Laravel/ecommerce2/vendor/laravel/framework/src/Illuminate/Filesystem/Filesystem.php(233): rename('G://Mursalin_129...', 'G://Mursalin_129...')
#3 G:/Mursalin_1295365/Laravel/ecommerce2/vendor/laravel/framework/src/Illuminate/View/Compilers/BladeCompiler.php(199): Illuminate/Filesystem/Filesystem->replace('G://Mursalin_129...', '<?php $__env->s...')
#4 G:/Mursalin_1295365/Laravel/ecommerce2/vendor/laravel/framework/src/Illuminate/View/Engines/CompilerEngine.php(68): Illuminate/View/Compilers/BladeCompiler->compile('G://Mursalin_129...')
#5 G:/Mursalin_1295365/Laravel/ecommerce2/vendor/laravel/framework/src/Illuminate/View/View.php(208): Illuminate/View/Engines/CompilerEngine->get('G://Mursalin_129...', Array)
#6 G:/Mursalin_1295365/Laravel/ecommerce2/vendor/laravel/framework/src/Illuminate/View/View.php(191): Illuminate/View/View->getContents()
#7 G:/Mursalin_1295365/Laravel/ecommerce2/vendor/laravel/framework/src/Illuminate/View/View.php(160): Illuminate/View/View->renderContents()
#8 G:/Mursalin_1295365/Laravel/ecommerce2/vendor/laravel/framework/src/Illuminate/Http/Response.php(82): Illuminate/View/View->render()
#9 G:/Mursalin_1295365/Laravel/ecommerce2/vendor/laravel/framework/src/Illuminate/Http/Response.php(40): Illuminate/Http/Response->setContent(Object(Illuminate/View/View))
#10 G:/Mursalin_1295365/Laravel/ecommerce2/vendor/laravel/framework/src/Illuminate/Routing/ResponseFactory.php(61): Illuminate/Http/Response->__construct(Object(Illuminate/View/View), 404, Array)
#11 G:/Mursalin_1295365/Laravel/ecommerce2/vendor/laravel/framework/src/Illuminate/Routing/ResponseFactory.php(91): Illuminate/Routing/ResponseFactory->make(Object(Illuminate/View/View), 404, Array)
#12 G:/Mursalin_1295365/Laravel/ecommerce2/vendor/laravel/framework/src/Illuminate/Foundation/Exceptions/Handler.php(1042): Illuminate/Routing/ResponseFactory->view('errors::404', Array, 404, Array)
#13 G:/Mursalin_1295365/Laravel/ecommerce2/vendor/laravel/framework/src/Illuminate/Foundation/Exceptions/Handler.php(961): Illuminate/Foundation/Exceptions/Handler->renderHttpException(Object(Symfony/Component/HttpKernel/Exception/NotFoundHttpException))
#14 G:/Mursalin_1295365/Laravel/ecommerce2/vendor/laravel/framework/src/Illuminate/Foundation/Exceptions/Handler.php(844): Illuminate/Foundation/Exceptions/Handler->prepareResponse(Object(Illuminate/Http/Request), Object(Symfony/Component/HttpKernel/Exception/NotFoundHttpException))
#15 G:/Mursalin_1295365/Laravel/ecommerce2/vendor/laravel/framework/src/Illuminate/Foundation/Exceptions/Handler.php(731): Illuminate/Foundation/Exceptions/Handler->renderExceptionResponse(Object(Illuminate/Http/Request), Object(Symfony/Component/HttpKernel/Exception/NotFoundHttpException))
#16 G:/Mursalin_1295365/Laravel/ecommerce2/vendor/laravel/framework/src/Illuminate/Routing/Pipeline.php(51): Illuminate/Foundation/Exceptions/Handler->render(Object(Illuminate/Http/Request), Object(Symfony/Component/HttpKernel/Exception/NotFoundHttpException))
#17 G:/Mursalin_1295365/Laravel/ecommerce2/vendor/laravel/framework/src/Illuminate/Pipeline/Pipeline.php(182): Illuminate/Routing/Pipeline->handleException(Object(Illuminate/Http/Request), Object(Symfony/Component/HttpKernel/Exception/NotFoundHttpException))
#18 G:/Mursalin_1295365/Laravel/ecommerce2/vendor/laravel/framework/src/Illuminate/Foundation/Http/Middleware/TransformsRequest.php(21): Illuminate/Pipeline/Pipeline->{closure:Illuminate/Pipeline/Pipeline::prepareDestination():178}(Object(Illuminate/Http/Request))
#19 G:/Mursalin_1295365/Laravel/ecommerce2/vendor/laravel/framework/src/Illuminate/Foundation/Http/Middleware/ConvertEmptyStringsToNull.php(31): Illuminate/Foundation/Http/Middleware/TransformsRequest->handle(Object(Illuminate/Http/Request), Object(Closure))
#20 G:/Mursalin_1295365/Laravel/ecommerce2/vendor/laravel/framework/src/Illuminate/Pipeline/Pipeline.php(219): Illuminate/Foundation/Http/Middleware/ConvertEmptyStringsToNull->handle(Object(Illuminate/Http/Request), Object(Closure))
#21 G:/Mursalin_1295365/Laravel/ecommerce2/vendor/laravel/framework/src/Illuminate/Foundation/Http/Middleware/TransformsRequest.php(21): Illuminate/Pipeline/Pipeline->{closure:{closure:Illuminate/Pipeline/Pipeline::carry():194}:195}(Object(Illuminate/Http/Request))
#22 G:/Mursalin_1295365/Laravel/ecommerce2/vendor/laravel/framework/src/Illuminate/Foundation/Http/Middleware/TrimStrings.php(51): Illuminate/Foundation/Http/Middleware/TransformsRequest->handle(Object(Illuminate/Http/Request), Object(Closure))
#23 G:/Mursalin_1295365/Laravel/ecommerce2/vendor/laravel/framework/src/Illuminate/Pipeline/Pipeline.php(219): Illuminate/Foundation/Http/Middleware/TrimStrings->handle(Object(Illuminate/Http/Request), Object(Closure))
#24 G:/Mursalin_1295365/Laravel/ecommerce2/vendor/laravel/framework/src/Illuminate/Http/Middleware/ValidatePostSize.php(27): Illuminate/Pipeline/Pipeline->{closure:{closure:Illuminate/Pipeline/Pipeline::carry():194}:195}(Object(Illuminate/Http/Request))
#25 G:/Mursalin_1295365/Laravel/ecommerce2/vendor/laravel/framework/src/Illuminate/Pipeline/Pipeline.php(219): Illuminate/Http/Middleware/ValidatePostSize->handle(Object(Illuminate/Http/Request), Object(Closure))
#26 G:/Mursalin_1295365/Laravel/ecommerce2/vendor/laravel/framework/src/Illuminate/Foundation/Http/Middleware/PreventRequestsDuringMaintenance.php(110): Illuminate/Pipeline/Pipeline->{closure:{closure:Illuminate/Pipeline/Pipeline::carry():194}:195}(Object(Illuminate/Http/Request))
#27 G:/Mursalin_1295365/Laravel/ecommerce2/vendor/laravel/framework/src/Illuminate/Pipeline/Pipeline.php(219): Illuminate/Foundation/Http/Middleware/PreventRequestsDuringMaintenance->handle(Object(Illuminate/Http/Request), Object(Closure))
#28 G:/Mursalin_1295365/Laravel/ecommerce2/vendor/laravel/framework/src/Illuminate/Http/Middleware/HandleCors.php(61): Illuminate/Pipeline/Pipeline->{closure:{closure:Illuminate/Pipeline/Pipeline::carry():194}:195}(Object(Illuminate/Http/Request))
#29 G:/Mursalin_1295365/Laravel/ecommerce2/vendor/laravel/framework/src/Illuminate/Pipeline/Pipeline.php(219): Illuminate/Http/Middleware/HandleCors->handle(Object(Illuminate/Http/Request), Object(Closure))
#30 G:/Mursalin_1295365/Laravel/ecommerce2/vendor/laravel/framework/src/Illuminate/Http/Middleware/TrustProxies.php(58): Illuminate/Pipeline/Pipeline->{closure:{closure:Illuminate/Pipeline/Pipeline::carry():194}:195}(Object(Illuminate/Http/Request))
#31 G:/Mursalin_1295365/Laravel/ecommerce2/vendor/laravel/framework/src/Illuminate/Pipeline/Pipeline.php(219): Illuminate/Http/Middleware/TrustProxies->handle(Object(Illuminate/Http/Request), Object(Closure))
#32 G:/Mursalin_1295365/Laravel/ecommerce2/vendor/laravel/framework/src/Illuminate/Foundation/Http/Middleware/InvokeDeferredCallbacks.php(22): Illuminate/Pipeline/Pipeline->{closure:{closure:Illuminate/Pipeline/Pipeline::carry():194}:195}(Object(Illuminate/Http/Request))
#33 G:/Mursalin_1295365/Laravel/ecommerce2/vendor/laravel/framework/src/Illuminate/Pipeline/Pipeline.php(219): Illuminate/Foundation/Http/Middleware/InvokeDeferredCallbacks->handle(Object(Illuminate/Http/Request), Object(Closure))
#34 G:/Mursalin_1295365/Laravel/ecommerce2/vendor/laravel/framework/src/Illuminate/Http/Middleware/ValidatePathEncoding.php(28): Illuminate/Pipeline/Pipeline->{closure:{closure:Illuminate/Pipeline/Pipeline::carry():194}:195}(Object(Illuminate/Http/Request))
#35 G:/Mursalin_1295365/Laravel/ecommerce2/vendor/laravel/framework/src/Illuminate/Pipeline/Pipeline.php(219): Illuminate/Http/Middleware/ValidatePathEncoding->handle(Object(Illuminate/Http/Request), Object(Closure))
#36 G:/Mursalin_1295365/Laravel/ecommerce2/vendor/laravel/framework/src/Illuminate/Pipeline/Pipeline.php(137): Illuminate/Pipeline/Pipeline->{closure:{closure:Illuminate/Pipeline/Pipeline::carry():194}:195}(Object(Illuminate/Http/Request))
#37 G:/Mursalin_1295365/Laravel/ecommerce2/vendor/laravel/framework/src/Illuminate/Foundation/Http/Kernel.php(175): Illuminate/Pipeline/Pipeline->then(Object(Closure))
#38 G:/Mursalin_1295365/Laravel/ecommerce2/vendor/laravel/framework/src/Illuminate/Foundation/Http/Kernel.php(144): Illuminate/Foundation/Http/Kernel->sendRequestThroughRouter(Object(Illuminate/Http/Request))
#39 G:/Mursalin_1295365/Laravel/ecommerce2/vendor/laravel/framework/src/Illuminate/Foundation/Application.php(1227): Illuminate/Foundation/Http/Kernel->handle(Object(Illuminate/Http/Request))
#40 G:/Mursalin_1295365/Laravel/ecommerce2/public/index.php(20): Illuminate/Foundation/Application->handleRequest(Object(Illuminate/Http/Request))
#41 C:/Program Files/Herd/resources/app.asar.unpacked/resources/valet/server.php(140): require('G://Mursalin_129...')
#42 {main}
"} 
[2026-09-20 05:46:03] local.ERROR: rename(G:\Mursalin_1295365\Laravel\ecommerce2\storage\framework\views\c18CDF3.tmp,G:\Mursalin_1295365\Laravel\ecommerce2\storage\framework\views/c18503b14da78bc55bc9abe4a4fa3531.php): Access is denied (code: 5) (View: G:\Mursalin_1295365\Laravel\ecommerce2\resources\views\admin\layouts\single.blade.php) {"exception":"[object] (Illuminate\\View\\ViewException(code: 0): rename(G:\\Mursalin_1295365\\Laravel\\ecommerce2\\storage\\framework\\views\\c18CDF3.tmp,G:\\Mursalin_1295365\\Laravel\\ecommerce2\\storage\\framework\\views/c18503b14da78bc55bc9abe4a4fa3531.php): Access is denied (code: 5) (View: G:\\Mursalin_1295365\\Laravel\\ecommerce2\\resources\\views\\admin\\layouts\\single.blade.php) at G:/Mursalin_1295365/Laravel/ecommerce2/vendor/laravel/framework/src/Illuminate/Filesystem/Filesystem.php:233)
[stacktrace]
#0 G:/Mursalin_1295365/Laravel/ecommerce2/vendor/laravel/framework/src/Illuminate/View/Engines/PhpEngine.php(59): Illuminate/View/Engines/CompilerEngine->handleViewException(Object(ErrorException), 1)
#1 G:/Mursalin_1295365/Laravel/ecommerce2/vendor/laravel/framework/src/Illuminate/View/Engines/CompilerEngine.php(76): Illuminate/View/Engines/PhpEngine->evaluatePath('G://Mursalin_129...', Array)
#2 G:/Mursalin_1295365/Laravel/ecommerce2/vendor/laravel/framework/src/Illuminate/View/View.php(208): Illuminate/View/Engines/CompilerEngine->get('G://Mursalin_129...', Array)
#3 G:/Mursalin_1295365/Laravel/ecommerce2/vendor/laravel/framework/src/Illuminate/View/View.php(191): Illuminate/View/View->getContents()
#4 G:/Mursalin_1295365/Laravel/ecommerce2/vendor/laravel/framework/src/Illuminate/View/View.php(160): Illuminate/View/View->renderContents()
#5 G:/Mursalin_1295365/Laravel/ecommerce2/vendor/laravel/framework/src/Illuminate/Http/Response.php(82): Illuminate/View/View->render()
#6 G:/Mursalin_1295365/Laravel/ecommerce2/vendor/laravel/framework/src/Illuminate/Http/Response.php(40): Illuminate/Http/Response->setContent(Object(Illuminate/View/View))
#7 G:/Mursalin_1295365/Laravel/ecommerce2/vendor/laravel/framework/src/Illuminate/Routing/ResponseFactory.php(61): Illuminate/Http/Response->__construct(Object(Illuminate/View/View), 404, Array)
#8 G:/Mursalin_1295365/Laravel/ecommerce2/vendor/laravel/framework/src/Illuminate/Routing/ResponseFactory.php(91): Illuminate/Routing/ResponseFactory->make(Object(Illuminate/View/View), 404, Array)
#9 G:/Mursalin_1295365/Laravel/ecommerce2/vendor/laravel/framework/src/Illuminate/Foundation/Exceptions/Handler.php(1042): Illuminate/Routing/ResponseFactory->view('errors::404', Array, 404, Array)
#10 G:/Mursalin_1295365/Laravel/ecommerce2/vendor/laravel/framework/src/Illuminate/Foundation/Exceptions/Handler.php(961): Illuminate/Foundation/Exceptions/Handler->renderHttpException(Object(Symfony/Component/HttpKernel/Exception/NotFoundHttpException))
#11 G:/Mursalin_1295365/Laravel/ecommerce2/vendor/laravel/framework/src/Illuminate/Foundation/Exceptions/Handler.php(844): Illuminate/Foundation/Exceptions/Handler->prepareResponse(Object(Illuminate/Http/Request), Object(Symfony/Component/HttpKernel/Exception/NotFoundHttpException))
#12 G:/Mursalin_1295365/Laravel/ecommerce2/vendor/laravel/framework/src/Illuminate/Foundation/Exceptions/Handler.php(731): Illuminate/Foundation/Exceptions/Handler->renderExceptionResponse(Object(Illuminate/Http/Request), Object(Symfony/Component/HttpKernel/Exception/NotFoundHttpException))
#13 G:/Mursalin_1295365/Laravel/ecommerce2/vendor/laravel/framework/src/Illuminate/Routing/Pipeline.php(51): Illuminate/Foundation/Exceptions/Handler->render(Object(Illuminate/Http/Request), Object(Symfony/Component/HttpKernel/Exception/NotFoundHttpException))
#14 G:/Mursalin_1295365/Laravel/ecommerce2/vendor/laravel/framework/src/Illuminate/Pipeline/Pipeline.php(182): Illuminate/Routing/Pipeline->handleException(Object(Illuminate/Http/Request), Object(Symfony/Component/HttpKernel/Exception/NotFoundHttpException))
#15 G:/Mursalin_1295365/Laravel/ecommerce2/vendor/laravel/framework/src/Illuminate/Foundation/Http/Middleware/TransformsRequest.php(21): Illuminate/Pipeline/Pipeline->{closure:Illuminate/Pipeline/Pipeline::prepareDestination():178}(Object(Illuminate/Http/Request))
#16 G:/Mursalin_1295365/Laravel/ecommerce2/vendor/laravel/framework/src/Illuminate/Foundation/Http/Middleware/ConvertEmptyStringsToNull.php(31): Illuminate/Foundation/Http/Middleware/TransformsRequest->handle(Object(Illuminate/Http/Request), Object(Closure))
#17 G:/Mursalin_1295365/Laravel/ecommerce2/vendor/laravel/framework/src/Illuminate/Pipeline/Pipeline.php(219): Illuminate/Foundation/Http/Middleware/ConvertEmptyStringsToNull->handle(Object(Illuminate/Http/Request), Object(Closure))
#18 G:/Mursalin_1295365/Laravel/ecommerce2/vendor/laravel/framework/src/Illuminate/Foundation/Http/Middleware/TransformsRequest.php(21): Illuminate/Pipeline/Pipeline->{closure:{closure:Illuminate/Pipeline/Pipeline::carry():194}:195}(Object(Illuminate/Http/Request))
#19 G:/Mursalin_1295365/Laravel/ecommerce2/vendor/laravel/framework/src/Illuminate/Foundation/Http/Middleware/TrimStrings.php(51): Illuminate/Foundation/Http/Middleware/TransformsRequest->handle(Object(Illuminate/Http/Request), Object(Closure))
#20 G:/Mursalin_1295365/Laravel/ecommerce2/vendor/laravel/framework/src/Illuminate/Pipeline/Pipeline.php(219): Illuminate/Foundation/Http/Middleware/TrimStrings->handle(Object(Illuminate/Http/Request), Object(Closure))
#21 G:/Mursalin_1295365/Laravel/ecommerce2/vendor/laravel/framework/src/Illuminate/Http/Middleware/ValidatePostSize.php(27): Illuminate/Pipeline/Pipeline->{closure:{closure:Illuminate/Pipeline/Pipeline::carry():194}:195}(Object(Illuminate/Http/Request))
#22 G:/Mursalin_1295365/Laravel/ecommerce2/vendor/laravel/framework/src/Illuminate/Pipeline/Pipeline.php(219): Illuminate/Http/Middleware/ValidatePostSize->handle(Object(Illuminate/Http/Request), Object(Closure))
#23 G:/Mursalin_1295365/Laravel/ecommerce2/vendor/laravel/framework/src/Illuminate/Foundation/Http/Middleware/PreventRequestsDuringMaintenance.php(110): Illuminate/Pipeline/Pipeline->{closure:{closure:Illuminate/Pipeline/Pipeline::carry():194}:195}(Object(Illuminate/Http/Request))
#24 G:/Mursalin_1295365/Laravel/ecommerce2/vendor/laravel/framework/src/Illuminate/Pipeline/Pipeline.php(219): Illuminate/Foundation/Http/Middleware/PreventRequestsDuringMaintenance->handle(Object(Illuminate/Http/Request), Object(Closure))
#25 G:/Mursalin_1295365/Laravel/ecommerce2/vendor/laravel/framework/src/Illuminate/Http/Middleware/HandleCors.php(61): Illuminate/Pipeline/Pipeline->{closure:{closure:Illuminate/Pipeline/Pipeline::carry():194}:195}(Object(Illuminate/Http/Request))
#26 G:/Mursalin_1295365/Laravel/ecommerce2/vendor/laravel/framework/src/Illuminate/Pipeline/Pipeline.php(219): Illuminate/Http/Middleware/HandleCors->handle(Object(Illuminate/Http/Request), Object(Closure))
#27 G:/Mursalin_1295365/Laravel/ecommerce2/vendor/laravel/framework/src/Illuminate/Http/Middleware/TrustProxies.php(58): Illuminate/Pipeline/Pipeline->{closure:{closure:Illuminate/Pipeline/Pipeline::carry():194}:195}(Object(Illuminate/Http/Request))
#28 G:/Mursalin_1295365/Laravel/ecommerce2/vendor/laravel/framework/src/Illuminate/Pipeline/Pipeline.php(219): Illuminate/Http/Middleware/TrustProxies->handle(Object(Illuminate/Http/Request), Object(Closure))
#29 G:/Mursalin_1295365/Laravel/ecommerce2/vendor/laravel/framework/src/Illuminate/Foundation/Http/Middleware/InvokeDeferredCallbacks.php(22): Illuminate/Pipeline/Pipeline->{closure:{closure:Illuminate/Pipeline/Pipeline::carry():194}:195}(Object(Illuminate/Http/Request))
#30 G:/Mursalin_1295365/Laravel/ecommerce2/vendor/laravel/framework/src/Illuminate/Pipeline/Pipeline.php(219): Illuminate/Foundation/Http/Middleware/InvokeDeferredCallbacks->handle(Object(Illuminate/Http/Request), Object(Closure))
#31 G:/Mursalin_1295365/Laravel/ecommerce2/vendor/laravel/framework/src/Illuminate/Http/Middleware/ValidatePathEncoding.php(28): Illuminate/Pipeline/Pipeline->{closure:{closure:Illuminate/Pipeline/Pipeline::carry():194}:195}(Object(Illuminate/Http/Request))
#32 G:/Mursalin_1295365/Laravel/ecommerce2/vendor/laravel/framework/src/Illuminate/Pipeline/Pipeline.php(219): Illuminate/Http/Middleware/ValidatePathEncoding->handle(Object(Illuminate/Http/Request), Object(Closure))
#33 G:/Mursalin_1295365/Laravel/ecommerce2/vendor/laravel/framework/src/Illuminate/Pipeline/Pipeline.php(137): Illuminate/Pipeline/Pipeline->{closure:{closure:Illuminate/Pipeline/Pipeline::carry():194}:195}(Object(Illuminate/Http/Request))
#34 G:/Mursalin_1295365/Laravel/ecommerce2/vendor/laravel/framework/src/Illuminate/Foundation/Http/Kernel.php(175): Illuminate/Pipeline/Pipeline->then(Object(Closure))
#35 G:/Mursalin_1295365/Laravel/ecommerce2/vendor/laravel/framework/src/Illuminate/Foundation/Http/Kernel.php(144): Illuminate/Foundation/Http/Kernel->sendRequestThroughRouter(Object(Illuminate/Http/Request))
#36 G:/Mursalin_1295365/Laravel/ecommerce2/vendor/laravel/framework/src/Illuminate/Foundation/Application.php(1227): Illuminate/Foundation/Http/Kernel->handle(Object(Illuminate/Http/Request))
#37 G:/Mursalin_1295365/Laravel/ecommerce2/public/index.php(20): Illuminate/Foundation/Application->handleRequest(Object(Illuminate/Http/Request))
#38 C:/Program Files/Herd/resources/app.asar.unpacked/resources/valet/server.php(140): require('G://Mursalin_129...')
#39 {main}

[previous exception] [object] (ErrorException(code: 0): rename(G:\\Mursalin_1295365\\Laravel\\ecommerce2\\storage\\framework\\views\\c18CDF3.tmp,G:\\Mursalin_1295365\\Laravel\\ecommerce2\\storage\\framework\\views/c18503b14da78bc55bc9abe4a4fa3531.php): Access is denied (code: 5) at G:/Mursalin_1295365/Laravel/ecommerce2/vendor/laravel/framework/src/Illuminate/Filesystem/Filesystem.php:233)
[stacktrace]
#0 G:/Mursalin_1295365/Laravel/ecommerce2/vendor/laravel/framework/src/Illuminate/Foundation/Bootstrap/HandleExceptions.php(265): Illuminate/Foundation/Bootstrap/HandleExceptions->handleError(2, 'rename(G://Mursa...', 'G://Mursalin_129...', 233)
#1 [internal function]: Illuminate/Foundation/Bootstrap/HandleExceptions->{closure:Illuminate/Foundation/Bootstrap/HandleExceptions::forwardsTo():264}(2, 'rename(G://Mursa...', 'G://Mursalin_129...', 233)
#2 G:/Mursalin_1295365/Laravel/ecommerce2/vendor/laravel/framework/src/Illuminate/Filesystem/Filesystem.php(233): rename('G://Mursalin_129...', 'G://Mursalin_129...')
#3 G:/Mursalin_1295365/Laravel/ecommerce2/vendor/laravel/framework/src/Illuminate/View/Compilers/BladeCompiler.php(199): Illuminate/Filesystem/Filesystem->replace('G://Mursalin_129...', '<!DOCTYPE html>...')
#4 G:/Mursalin_1295365/Laravel/ecommerce2/vendor/laravel/framework/src/Illuminate/View/Engines/CompilerEngine.php(68): Illuminate/View/Compilers/BladeCompiler->compile('G://Mursalin_129...')
#5 G:/Mursalin_1295365/Laravel/ecommerce2/vendor/laravel/framework/src/Illuminate/View/View.php(208): Illuminate/View/Engines/CompilerEngine->get('G://Mursalin_129...', Array)
#6 G:/Mursalin_1295365/Laravel/ecommerce2/vendor/laravel/framework/src/Illuminate/View/View.php(191): Illuminate/View/View->getContents()
#7 G:/Mursalin_1295365/Laravel/ecommerce2/vendor/laravel/framework/src/Illuminate/View/View.php(160): Illuminate/View/View->renderContents()
#8 G:/Mursalin_1295365/Laravel/ecommerce2/storage/framework/views/6401bcdd51cebfa5cdde50166f5f2446.php(99): Illuminate/View/View->render()
#9 G:/Mursalin_1295365/Laravel/ecommerce2/vendor/laravel/framework/src/Illuminate/Filesystem/Filesystem.php(123): require('G://Mursalin_129...')
#10 G:/Mursalin_1295365/Laravel/ecommerce2/vendor/laravel/framework/src/Illuminate/Filesystem/Filesystem.php(124): Illuminate/Filesystem/Filesystem::{closure:Illuminate/Filesystem/Filesystem::getRequire():120}()
#11 G:/Mursalin_1295365/Laravel/ecommerce2/vendor/laravel/framework/src/Illuminate/View/Engines/PhpEngine.php(57): Illuminate/Filesystem/Filesystem->getRequire('G://Mursalin_129...', Array)
#12 G:/Mursalin_1295365/Laravel/ecommerce2/vendor/laravel/framework/src/Illuminate/View/Engines/CompilerEngine.php(76): Illuminate/View/Engines/PhpEngine->evaluatePath('G://Mursalin_129...', Array)
#13 G:/Mursalin_1295365/Laravel/ecommerce2/vendor/laravel/framework/src/Illuminate/View/View.php(208): Illuminate/View/Engines/CompilerEngine->get('G://Mursalin_129...', Array)
#14 G:/Mursalin_1295365/Laravel/ecommerce2/vendor/laravel/framework/src/Illuminate/View/View.php(191): Illuminate/View/View->getContents()
#15 G:/Mursalin_1295365/Laravel/ecommerce2/vendor/laravel/framework/src/Illuminate/View/View.php(160): Illuminate/View/View->renderContents()
#16 G:/Mursalin_1295365/Laravel/ecommerce2/vendor/laravel/framework/src/Illuminate/Http/Response.php(82): Illuminate/View/View->render()
#17 G:/Mursalin_1295365/Laravel/ecommerce2/vendor/laravel/framework/src/Illuminate/Http/Response.php(40): Illuminate/Http/Response->setContent(Object(Illuminate/View/View))
#18 G:/Mursalin_1295365/Laravel/ecommerce2/vendor/laravel/framework/src/Illuminate/Routing/ResponseFactory.php(61): Illuminate/Http/Response->__construct(Object(Illuminate/View/View), 404, Array)
#19 G:/Mursalin_1295365/Laravel/ecommerce2/vendor/laravel/framework/src/Illuminate/Routing/ResponseFactory.php(91): Illuminate/Routing/ResponseFactory->make(Object(Illuminate/View/View), 404, Array)
#20 G:/Mursalin_1295365/Laravel/ecommerce2/vendor/laravel/framework/src/Illuminate/Foundation/Exceptions/Handler.php(1042): Illuminate/Routing/ResponseFactory->view('errors::404', Array, 404, Array)
#21 G:/Mursalin_1295365/Laravel/ecommerce2/vendor/laravel/framework/src/Illuminate/Foundation/Exceptions/Handler.php(961): Illuminate/Foundation/Exceptions/Handler->renderHttpException(Object(Symfony/Component/HttpKernel/Exception/NotFoundHttpException))
#22 G:/Mursalin_1295365/Laravel/ecommerce2/vendor/laravel/framework/src/Illuminate/Foundation/Exceptions/Handler.php(844): Illuminate/Foundation/Exceptions/Handler->prepareResponse(Object(Illuminate/Http/Request), Object(Symfony/Component/HttpKernel/Exception/NotFoundHttpException))
#23 G:/Mursalin_1295365/Laravel/ecommerce2/vendor/laravel/framework/src/Illuminate/Foundation/Exceptions/Handler.php(731): Illuminate/Foundation/Exceptions/Handler->renderExceptionResponse(Object(Illuminate/Http/Request), Object(Symfony/Component/HttpKernel/Exception/NotFoundHttpException))
#24 G:/Mursalin_1295365/Laravel/ecommerce2/vendor/laravel/framework/src/Illuminate/Routing/Pipeline.php(51): Illuminate/Foundation/Exceptions/Handler->render(Object(Illuminate/Http/Request), Object(Symfony/Component/HttpKernel/Exception/NotFoundHttpException))
#25 G:/Mursalin_1295365/Laravel/ecommerce2/vendor/laravel/framework/src/Illuminate/Pipeline/Pipeline.php(182): Illuminate/Routing/Pipeline->handleException(Object(Illuminate/Http/Request), Object(Symfony/Component/HttpKernel/Exception/NotFoundHttpException))
#26 G:/Mursalin_1295365/Laravel/ecommerce2/vendor/laravel/framework/src/Illuminate/Foundation/Http/Middleware/TransformsRequest.php(21): Illuminate/Pipeline/Pipeline->{closure:Illuminate/Pipeline/Pipeline::prepareDestination():178}(Object(Illuminate/Http/Request))
#27 G:/Mursalin_1295365/Laravel/ecommerce2/vendor/laravel/framework/src/Illuminate/Foundation/Http/Middleware/ConvertEmptyStringsToNull.php(31): Illuminate/Foundation/Http/Middleware/TransformsRequest->handle(Object(Illuminate/Http/Request), Object(Closure))
#28 G:/Mursalin_1295365/Laravel/ecommerce2/vendor/laravel/framework/src/Illuminate/Pipeline/Pipeline.php(219): Illuminate/Foundation/Http/Middleware/ConvertEmptyStringsToNull->handle(Object(Illuminate/Http/Request), Object(Closure))
#29 G:/Mursalin_1295365/Laravel/ecommerce2/vendor/laravel/framework/src/Illuminate/Foundation/Http/Middleware/TransformsRequest.php(21): Illuminate/Pipeline/Pipeline->{closure:{closure:Illuminate/Pipeline/Pipeline::carry():194}:195}(Object(Illuminate/Http/Request))
#30 G:/Mursalin_1295365/Laravel/ecommerce2/vendor/laravel/framework/src/Illuminate/Foundation/Http/Middleware/TrimStrings.php(51): Illuminate/Foundation/Http/Middleware/TransformsRequest->handle(Object(Illuminate/Http/Request), Object(Closure))
#31 G:/Mursalin_1295365/Laravel/ecommerce2/vendor/laravel/framework/src/Illuminate/Pipeline/Pipeline.php(219): Illuminate/Foundation/Http/Middleware/TrimStrings->handle(Object(Illuminate/Http/Request), Object(Closure))
#32 G:/Mursalin_1295365/Laravel/ecommerce2/vendor/laravel/framework/src/Illuminate/Http/Middleware/ValidatePostSize.php(27): Illuminate/Pipeline/Pipeline->{closure:{closure:Illuminate/Pipeline/Pipeline::carry():194}:195}(Object(Illuminate/Http/Request))
#33 G:/Mursalin_1295365/Laravel/ecommerce2/vendor/laravel/framework/src/Illuminate/Pipeline/Pipeline.php(219): Illuminate/Http/Middleware/ValidatePostSize->handle(Object(Illuminate/Http/Request), Object(Closure))
#34 G:/Mursalin_1295365/Laravel/ecommerce2/vendor/laravel/framework/src/Illuminate/Foundation/Http/Middleware/PreventRequestsDuringMaintenance.php(110): Illuminate/Pipeline/Pipeline->{closure:{closure:Illuminate/Pipeline/Pipeline::carry():194}:195}(Object(Illuminate/Http/Request))
#35 G:/Mursalin_1295365/Laravel/ecommerce2/vendor/laravel/framework/src/Illuminate/Pipeline/Pipeline.php(219): Illuminate/Foundation/Http/Middleware/PreventRequestsDuringMaintenance->handle(Object(Illuminate/Http/Request), Object(Closure))
#36 G:/Mursalin_1295365/Laravel/ecommerce2/vendor/laravel/framework/src/Illuminate/Http/Middleware/HandleCors.php(61): Illuminate/Pipeline/Pipeline->{closure:{closure:Illuminate/Pipeline/Pipeline::carry():194}:195}(Object(Illuminate/Http/Request))
#37 G:/Mursalin_1295365/Laravel/ecommerce2/vendor/laravel/framework/src/Illuminate/Pipeline/Pipeline.php(219): Illuminate/Http/Middleware/HandleCors->handle(Object(Illuminate/Http/Request), Object(Closure))
#38 G:/Mursalin_1295365/Laravel/ecommerce2/vendor/laravel/framework/src/Illuminate/Http/Middleware/TrustProxies.php(58): Illuminate/Pipeline/Pipeline->{closure:{closure:Illuminate/Pipeline/Pipeline::carry():194}:195}(Object(Illuminate/Http/Request))
#39 G:/Mursalin_1295365/Laravel/ecommerce2/vendor/laravel/framework/src/Illuminate/Pipeline/Pipeline.php(219): Illuminate/Http/Middleware/TrustProxies->handle(Object(Illuminate/Http/Request), Object(Closure))
#40 G:/Mursalin_1295365/Laravel/ecommerce2/vendor/laravel/framework/src/Illuminate/Foundation/Http/Middleware/InvokeDeferredCallbacks.php(22): Illuminate/Pipeline/Pipeline->{closure:{closure:Illuminate/Pipeline/Pipeline::carry():194}:195}(Object(Illuminate/Http/Request))
#41 G:/Mursalin_1295365/Laravel/ecommerce2/vendor/laravel/framework/src/Illuminate/Pipeline/Pipeline.php(219): Illuminate/Foundation/Http/Middleware/InvokeDeferredCallbacks->handle(Object(Illuminate/Http/Request), Object(Closure))
#42 G:/Mursalin_1295365/Laravel/ecommerce2/vendor/laravel/framework/src/Illuminate/Http/Middleware/ValidatePathEncoding.php(28): Illuminate/Pipeline/Pipeline->{closure:{closure:Illuminate/Pipeline/Pipeline::carry():194}:195}(Object(Illuminate/Http/Request))
#43 G:/Mursalin_1295365/Laravel/ecommerce2/vendor/laravel/framework/src/Illuminate/Pipeline/Pipeline.php(219): Illuminate/Http/Middleware/ValidatePathEncoding->handle(Object(Illuminate/Http/Request), Object(Closure))
#44 G:/Mursalin_1295365/Laravel/ecommerce2/vendor/laravel/framework/src/Illuminate/Pipeline/Pipeline.php(137): Illuminate/Pipeline/Pipeline->{closure:{closure:Illuminate/Pipeline/Pipeline::carry():194}:195}(Object(Illuminate/Http/Request))
#45 G:/Mursalin_1295365/Laravel/ecommerce2/vendor/laravel/framework/src/Illuminate/Foundation/Http/Kernel.php(175): Illuminate/Pipeline/Pipeline->then(Object(Closure))
#46 G:/Mursalin_1295365/Laravel/ecommerce2/vendor/laravel/framework/src/Illuminate/Foundation/Http/Kernel.php(144): Illuminate/Foundation/Http/Kernel->sendRequestThroughRouter(Object(Illuminate/Http/Request))
#47 G:/Mursalin_1295365/Laravel/ecommerce2/vendor/laravel/framework/src/Illuminate/Foundation/Application.php(1227): Illuminate/Foundation/Http/Kernel->handle(Object(Illuminate/Http/Request))
#48 G:/Mursalin_1295365/Laravel/ecommerce2/public/index.php(20): Illuminate/Foundation/Application->handleRequest(Object(Illuminate/Http/Request))
#49 C:/Program Files/Herd/resources/app.asar.unpacked/resources/valet/server.php(140): require('G://Mursalin_129...')
#50 {main}
"} 
[2026-09-20 06:38:46] local.ERROR: SQLSTATE[42S22]: Column not found: 1054 Unknown column 'total_amount' in 'field list' (Connection: mysql, Host: 127.0.0.1, Port: 3306, Database: ecommerce, SQL: select sum(`total_amount`) as `aggregate` from `orders` where `status` in (Processing, Shipped, Delivered)) {"exception":"[object] (Illuminate\\Database\\QueryException(code: 42S22): SQLSTATE[42S22]: Column not found: 1054 Unknown column 'total_amount' in 'field list' (Connection: mysql, Host: 127.0.0.1, Port: 3306, Database: ecommerce, SQL: select sum(`total_amount`) as `aggregate` from `orders` where `status` in (Processing, Shipped, Delivered)) at G:/Mursalin_1295365/Laravel/ecommerce2/vendor/laravel/framework/src/Illuminate/Database/Connection.php:857)
[stacktrace]
#0 G:/Mursalin_1295365/Laravel/ecommerce2/vendor/laravel/framework/src/Illuminate/Database/Connection.php(813): Illuminate/Database/Connection->runQueryCallback('select sum(`tot...', Array, Object(Closure))
#1 G:/Mursalin_1295365/Laravel/ecommerce2/vendor/laravel/framework/src/Illuminate/Database/Connection.php(426): Illuminate/Database/Connection->run('select sum(`tot...', Array, Object(Closure))
#2 G:/Mursalin_1295365/Laravel/ecommerce2/vendor/laravel/framework/src/Illuminate/Database/Query/Builder.php(3629): Illuminate/Database/Connection->select('select sum(`tot...', Array, true, Array)
#3 G:/Mursalin_1295365/Laravel/ecommerce2/vendor/laravel/framework/src/Illuminate/Database/Query/Builder.php(3613): Illuminate/Database/Query/Builder->runSelect()
#4 G:/Mursalin_1295365/Laravel/ecommerce2/vendor/laravel/framework/src/Illuminate/Database/Query/Builder.php(4129): Illuminate/Database/Query/Builder->get(Array)
#5 G:/Mursalin_1295365/Laravel/ecommerce2/vendor/laravel/framework/src/Illuminate/Database/Query/Builder.php(4090): Illuminate/Database/Query/Builder->aggregate('sum', Array)
#6 G:/Mursalin_1295365/Laravel/ecommerce2/vendor/laravel/framework/src/Illuminate/Database/Eloquent/Builder.php(2336): Illuminate/Database/Query/Builder->sum('total_amount')
#7 G:/Mursalin_1295365/Laravel/ecommerce2/app/Http/Controllers/DashboardController.php(17): Illuminate/Database/Eloquent/Builder->__call('sum', Array)
#8 G:/Mursalin_1295365/Laravel/ecommerce2/vendor/laravel/framework/src/Illuminate/Routing/ControllerDispatcher.php(46): App/Http/Controllers/DashboardController->__invoke()
#9 G:/Mursalin_1295365/Laravel/ecommerce2/vendor/laravel/framework/src/Illuminate/Routing/Route.php(276): Illuminate/Routing/ControllerDispatcher->dispatch(Object(Illuminate/Routing/Route), Object(App/Http/Controllers/DashboardController), '__invoke')
#10 G:/Mursalin_1295365/Laravel/ecommerce2/vendor/laravel/framework/src/Illuminate/Routing/Route.php(216): Illuminate/Routing/Route->runController()
#11 G:/Mursalin_1295365/Laravel/ecommerce2/vendor/laravel/framework/src/Illuminate/Routing/Router.php(822): Illuminate/Routing/Route->run()
#12 G:/Mursalin_1295365/Laravel/ecommerce2/vendor/laravel/framework/src/Illuminate/Pipeline/Pipeline.php(180): Illuminate/Routing/Router->{closure:Illuminate/Routing/Router::runRouteWithinStack():821}(Object(Illuminate/Http/Request))
#13 G:/Mursalin_1295365/Laravel/ecommerce2/vendor/laravel/boost/src/Middleware/InjectBoost.php(22): Illuminate/Pipeline/Pipeline->{closure:Illuminate/Pipeline/Pipeline::prepareDestination():178}(Object(Illuminate/Http/Request))
#14 G:/Mursalin_1295365/Laravel/ecommerce2/vendor/laravel/framework/src/Illuminate/Pipeline/Pipeline.php(219): Laravel/Boost/Middleware/InjectBoost->handle(Object(Illuminate/Http/Request), Object(Closure))
#15 G:/Mursalin_1295365/Laravel/ecommerce2/vendor/laravel/framework/src/Illuminate/Routing/Middleware/SubstituteBindings.php(52): Illuminate/Pipeline/Pipeline->{closure:{closure:Illuminate/Pipeline/Pipeline::carry():194}:195}(Object(Illuminate/Http/Request))
#16 G:/Mursalin_1295365/Laravel/ecommerce2/vendor/laravel/framework/src/Illuminate/Pipeline/Pipeline.php(219): Illuminate/Routing/Middleware/SubstituteBindings->handle(Object(Illuminate/Http/Request), Object(Closure))
#17 G:/Mursalin_1295365/Laravel/ecommerce2/vendor/laravel/framework/src/Illuminate/Foundation/Http/Middleware/PreventRequestForgery.php(104): Illuminate/Pipeline/Pipeline->{closure:{closure:Illuminate/Pipeline/Pipeline::carry():194}:195}(Object(Illuminate/Http/Request))
#18 G:/Mursalin_1295365/Laravel/ecommerce2/vendor/laravel/framework/src/Illuminate/Pipeline/Pipeline.php(219): Illuminate/Foundation/Http/Middleware/PreventRequestForgery->handle(Object(Illuminate/Http/Request), Object(Closure))
#19 G:/Mursalin_1295365/Laravel/ecommerce2/vendor/laravel/framework/src/Illuminate/View/Middleware/ShareErrorsFromSession.php(48): Illuminate/Pipeline/Pipeline->{closure:{closure:Illuminate/Pipeline/Pipeline::carry():194}:195}(Object(Illuminate/Http/Request))
#20 G:/Mursalin_1295365/Laravel/ecommerce2/vendor/laravel/framework/src/Illuminate/Pipeline/Pipeline.php(219): Illuminate/View/Middleware/ShareErrorsFromSession->handle(Object(Illuminate/Http/Request), Object(Closure))
#21 G:/Mursalin_1295365/Laravel/ecommerce2/vendor/laravel/framework/src/Illuminate/Session/Middleware/StartSession.php(120): Illuminate/Pipeline/Pipeline->{closure:{closure:Illuminate/Pipeline/Pipeline::carry():194}:195}(Object(Illuminate/Http/Request))
#22 G:/Mursalin_1295365/Laravel/ecommerce2/vendor/laravel/framework/src/Illuminate/Session/Middleware/StartSession.php(63): Illuminate/Session/Middleware/StartSession->handleStatefulRequest(Object(Illuminate/Http/Request), Object(Illuminate/Session/Store), Object(Closure))
#23 G:/Mursalin_1295365/Laravel/ecommerce2/vendor/laravel/framework/src/Illuminate/Pipeline/Pipeline.php(219): Illuminate/Session/Middleware/StartSession->handle(Object(Illuminate/Http/Request), Object(Closure))
#24 G:/Mursalin_1295365/Laravel/ecommerce2/vendor/laravel/framework/src/Illuminate/Cookie/Middleware/AddQueuedCookiesToResponse.php(36): Illuminate/Pipeline/Pipeline->{closure:{closure:Illuminate/Pipeline/Pipeline::carry():194}:195}(Object(Illuminate/Http/Request))
#25 G:/Mursalin_1295365/Laravel/ecommerce2/vendor/laravel/framework/src/Illuminate/Pipeline/Pipeline.php(219): Illuminate/Cookie/Middleware/AddQueuedCookiesToResponse->handle(Object(Illuminate/Http/Request), Object(Closure))
#26 G:/Mursalin_1295365/Laravel/ecommerce2/vendor/laravel/framework/src/Illuminate/Cookie/Middleware/EncryptCookies.php(74): Illuminate/Pipeline/Pipeline->{closure:{closure:Illuminate/Pipeline/Pipeline::carry():194}:195}(Object(Illuminate/Http/Request))
#27 G:/Mursalin_1295365/Laravel/ecommerce2/vendor/laravel/framework/src/Illuminate/Pipeline/Pipeline.php(219): Illuminate/Cookie/Middleware/EncryptCookies->handle(Object(Illuminate/Http/Request), Object(Closure))
#28 G:/Mursalin_1295365/Laravel/ecommerce2/vendor/laravel/framework/src/Illuminate/Pipeline/Pipeline.php(137): Illuminate/Pipeline/Pipeline->{closure:{closure:Illuminate/Pipeline/Pipeline::carry():194}:195}(Object(Illuminate/Http/Request))
#29 G:/Mursalin_1295365/Laravel/ecommerce2/vendor/laravel/framework/src/Illuminate/Routing/Router.php(821): Illuminate/Pipeline/Pipeline->then(Object(Closure))
#30 G:/Mursalin_1295365/Laravel/ecommerce2/vendor/laravel/framework/src/Illuminate/Routing/Router.php(800): Illuminate/Routing/Router->runRouteWithinStack(Object(Illuminate/Routing/Route), Object(Illuminate/Http/Request))
#31 G:/Mursalin_1295365/Laravel/ecommerce2/vendor/laravel/framework/src/Illuminate/Routing/Router.php(764): Illuminate/Routing/Router->runRoute(Object(Illuminate/Http/Request), Object(Illuminate/Routing/Route))
#32 G:/Mursalin_1295365/Laravel/ecommerce2/vendor/laravel/framework/src/Illuminate/Routing/Router.php(753): Illuminate/Routing/Router->dispatchToRoute(Object(Illuminate/Http/Request))
#33 G:/Mursalin_1295365/Laravel/ecommerce2/vendor/laravel/framework/src/Illuminate/Foundation/Http/Kernel.php(200): Illuminate/Routing/Router->dispatch(Object(Illuminate/Http/Request))
#34 G:/Mursalin_1295365/Laravel/ecommerce2/vendor/laravel/framework/src/Illuminate/Pipeline/Pipeline.php(180): Illuminate/Foundation/Http/Kernel->{closure:Illuminate/Foundation/Http/Kernel::dispatchToRouter():197}(Object(Illuminate/Http/Request))
#35 G:/Mursalin_1295365/Laravel/ecommerce2/vendor/laravel/framework/src/Illuminate/Foundation/Http/Middleware/TransformsRequest.php(21): Illuminate/Pipeline/Pipeline->{closure:Illuminate/Pipeline/Pipeline::prepareDestination():178}(Object(Illuminate/Http/Request))
#36 G:/Mursalin_1295365/Laravel/ecommerce2/vendor/laravel/framework/src/Illuminate/Foundation/Http/Middleware/ConvertEmptyStringsToNull.php(31): Illuminate/Foundation/Http/Middleware/TransformsRequest->handle(Object(Illuminate/Http/Request), Object(Closure))
#37 G:/Mursalin_1295365/Laravel/ecommerce2/vendor/laravel/framework/src/Illuminate/Pipeline/Pipeline.php(219): Illuminate/Foundation/Http/Middleware/ConvertEmptyStringsToNull->handle(Object(Illuminate/Http/Request), Object(Closure))
#38 G:/Mursalin_1295365/Laravel/ecommerce2/vendor/laravel/framework/src/Illuminate/Foundation/Http/Middleware/TransformsRequest.php(21): Illuminate/Pipeline/Pipeline->{closure:{closure:Illuminate/Pipeline/Pipeline::carry():194}:195}(Object(Illuminate/Http/Request))
#39 G:/Mursalin_1295365/Laravel/ecommerce2/vendor/laravel/framework/src/Illuminate/Foundation/Http/Middleware/TrimStrings.php(51): Illuminate/Foundation/Http/Middleware/TransformsRequest->handle(Object(Illuminate/Http/Request), Object(Closure))
#40 G:/Mursalin_1295365/Laravel/ecommerce2/vendor/laravel/framework/src/Illuminate/Pipeline/Pipeline.php(219): Illuminate/Foundation/Http/Middleware/TrimStrings->handle(Object(Illuminate/Http/Request), Object(Closure))
#41 G:/Mursalin_1295365/Laravel/ecommerce2/vendor/laravel/framework/src/Illuminate/Http/Middleware/ValidatePostSize.php(27): Illuminate/Pipeline/Pipeline->{closure:{closure:Illuminate/Pipeline/Pipeline::carry():194}:195}(Object(Illuminate/Http/Request))
#42 G:/Mursalin_1295365/Laravel/ecommerce2/vendor/laravel/framework/src/Illuminate/Pipeline/Pipeline.php(219): Illuminate/Http/Middleware/ValidatePostSize->handle(Object(Illuminate/Http/Request), Object(Closure))
#43 G:/Mursalin_1295365/Laravel/ecommerce2/vendor/laravel/framework/src/Illuminate/Foundation/Http/Middleware/PreventRequestsDuringMaintenance.php(110): Illuminate/Pipeline/Pipeline->{closure:{closure:Illuminate/Pipeline/Pipeline::carry():194}:195}(Object(Illuminate/Http/Request))
#44 G:/Mursalin_1295365/Laravel/ecommerce2/vendor/laravel/framework/src/Illuminate/Pipeline/Pipeline.php(219): Illuminate/Foundation/Http/Middleware/PreventRequestsDuringMaintenance->handle(Object(Illuminate/Http/Request), Object(Closure))
#45 G:/Mursalin_1295365/Laravel/ecommerce2/vendor/laravel/framework/src/Illuminate/Http/Middleware/HandleCors.php(61): Illuminate/Pipeline/Pipeline->{closure:{closure:Illuminate/Pipeline/Pipeline::carry():194}:195}(Object(Illuminate/Http/Request))
#46 G:/Mursalin_1295365/Laravel/ecommerce2/vendor/laravel/framework/src/Illuminate/Pipeline/Pipeline.php(219): Illuminate/Http/Middleware/HandleCors->handle(Object(Illuminate/Http/Request), Object(Closure))
#47 G:/Mursalin_1295365/Laravel/ecommerce2/vendor/laravel/framework/src/Illuminate/Http/Middleware/TrustProxies.php(58): Illuminate/Pipeline/Pipeline->{closure:{closure:Illuminate/Pipeline/Pipeline::carry():194}:195}(Object(Illuminate/Http/Request))
#48 G:/Mursalin_1295365/Laravel/ecommerce2/vendor/laravel/framework/src/Illuminate/Pipeline/Pipeline.php(219): Illuminate/Http/Middleware/TrustProxies->handle(Object(Illuminate/Http/Request), Object(Closure))
#49 G:/Mursalin_1295365/Laravel/ecommerce2/vendor/laravel/framework/src/Illuminate/Foundation/Http/Middleware/InvokeDeferredCallbacks.php(22): Illuminate/Pipeline/Pipeline->{closure:{closure:Illuminate/Pipeline/Pipeline::carry():194}:195}(Object(Illuminate/Http/Request))
#50 G:/Mursalin_1295365/Laravel/ecommerce2/vendor/laravel/framework/src/Illuminate/Pipeline/Pipeline.php(219): Illuminate/Foundation/Http/Middleware/InvokeDeferredCallbacks->handle(Object(Illuminate/Http/Request), Object(Closure))
#51 G:/Mursalin_1295365/Laravel/ecommerce2/vendor/laravel/framework/src/Illuminate/Http/Middleware/ValidatePathEncoding.php(28): Illuminate/Pipeline/Pipeline->{closure:{closure:Illuminate/Pipeline/Pipeline::carry():194}:195}(Object(Illuminate/Http/Request))
#52 G:/Mursalin_1295365/Laravel/ecommerce2/vendor/laravel/framework/src/Illuminate/Pipeline/Pipeline.php(219): Illuminate/Http/Middleware/ValidatePathEncoding->handle(Object(Illuminate/Http/Request), Object(Closure))
#53 G:/Mursalin_1295365/Laravel/ecommerce2/vendor/laravel/framework/src/Illuminate/Pipeline/Pipeline.php(137): Illuminate/Pipeline/Pipeline->{closure:{closure:Illuminate/Pipeline/Pipeline::carry():194}:195}(Object(Illuminate/Http/Request))
#54 G:/Mursalin_1295365/Laravel/ecommerce2/vendor/laravel/framework/src/Illuminate/Foundation/Http/Kernel.php(175): Illuminate/Pipeline/Pipeline->then(Object(Closure))
#55 G:/Mursalin_1295365/Laravel/ecommerce2/vendor/laravel/framework/src/Illuminate/Foundation/Http/Kernel.php(144): Illuminate/Foundation/Http/Kernel->sendRequestThroughRouter(Object(Illuminate/Http/Request))
#56 G:/Mursalin_1295365/Laravel/ecommerce2/vendor/laravel/framework/src/Illuminate/Foundation/Application.php(1227): Illuminate/Foundation/Http/Kernel->handle(Object(Illuminate/Http/Request))
#57 G:/Mursalin_1295365/Laravel/ecommerce2/public/index.php(20): Illuminate/Foundation/Application->handleRequest(Object(Illuminate/Http/Request))
#58 C:/Program Files/Herd/resources/app.asar.unpacked/resources/valet/server.php(140): require('G://Mursalin_129...')
#59 {main}

[previous exception] [object] (PDOException(code: 42S22): SQLSTATE[42S22]: Column not found: 1054 Unknown column 'total_amount' in 'field list' at G:/Mursalin_1295365/Laravel/ecommerce2/vendor/laravel/framework/src/Illuminate/Database/Connection.php:435)
[stacktrace]
#0 G:/Mursalin_1295365/Laravel/ecommerce2/vendor/laravel/framework/src/Illuminate/Database/Connection.php(435): PDO->prepare('select sum(`tot...')
#1 G:/Mursalin_1295365/Laravel/ecommerce2/vendor/laravel/framework/src/Illuminate/Database/Connection.php(846): Illuminate/Database/Connection->{closure:Illuminate/Database/Connection::select():426}('select sum(`tot...', Array)
#2 G:/Mursalin_1295365/Laravel/ecommerce2/vendor/laravel/framework/src/Illuminate/Database/Connection.php(813): Illuminate/Database/Connection->runQueryCallback('select sum(`tot...', Array, Object(Closure))
#3 G:/Mursalin_1295365/Laravel/ecommerce2/vendor/laravel/framework/src/Illuminate/Database/Connection.php(426): Illuminate/Database/Connection->run('select sum(`tot...', Array, Object(Closure))
#4 G:/Mursalin_1295365/Laravel/ecommerce2/vendor/laravel/framework/src/Illuminate/Database/Query/Builder.php(3629): Illuminate/Database/Connection->select('select sum(`tot...', Array, true, Array)
#5 G:/Mursalin_1295365/Laravel/ecommerce2/vendor/laravel/framework/src/Illuminate/Database/Query/Builder.php(3613): Illuminate/Database/Query/Builder->runSelect()
#6 G:/Mursalin_1295365/Laravel/ecommerce2/vendor/laravel/framework/src/Illuminate/Database/Query/Builder.php(4129): Illuminate/Database/Query/Builder->get(Array)
#7 G:/Mursalin_1295365/Laravel/ecommerce2/vendor/laravel/framework/src/Illuminate/Database/Query/Builder.php(4090): Illuminate/Database/Query/Builder->aggregate('sum', Array)
#8 G:/Mursalin_1295365/Laravel/ecommerce2/vendor/laravel/framework/src/Illuminate/Database/Eloquent/Builder.php(2336): Illuminate/Database/Query/Builder->sum('total_amount')
#9 G:/Mursalin_1295365/Laravel/ecommerce2/app/Http/Controllers/DashboardController.php(17): Illuminate/Database/Eloquent/Builder->__call('sum', Array)
#10 G:/Mursalin_1295365/Laravel/ecommerce2/vendor/laravel/framework/src/Illuminate/Routing/ControllerDispatcher.php(46): App/Http/Controllers/DashboardController->__invoke()
#11 G:/Mursalin_1295365/Laravel/ecommerce2/vendor/laravel/framework/src/Illuminate/Routing/Route.php(276): Illuminate/Routing/ControllerDispatcher->dispatch(Object(Illuminate/Routing/Route), Object(App/Http/Controllers/DashboardController), '__invoke')
#12 G:/Mursalin_1295365/Laravel/ecommerce2/vendor/laravel/framework/src/Illuminate/Routing/Route.php(216): Illuminate/Routing/Route->runController()
#13 G:/Mursalin_1295365/Laravel/ecommerce2/vendor/laravel/framework/src/Illuminate/Routing/Router.php(822): Illuminate/Routing/Route->run()
#14 G:/Mursalin_1295365/Laravel/ecommerce2/vendor/laravel/framework/src/Illuminate/Pipeline/Pipeline.php(180): Illuminate/Routing/Router->{closure:Illuminate/Routing/Router::runRouteWithinStack():821}(Object(Illuminate/Http/Request))
#15 G:/Mursalin_1295365/Laravel/ecommerce2/vendor/laravel/boost/src/Middleware/InjectBoost.php(22): Illuminate/Pipeline/Pipeline->{closure:Illuminate/Pipeline/Pipeline::prepareDestination():178}(Object(Illuminate/Http/Request))
#16 G:/Mursalin_1295365/Laravel/ecommerce2/vendor/laravel/framework/src/Illuminate/Pipeline/Pipeline.php(219): Laravel/Boost/Middleware/InjectBoost->handle(Object(Illuminate/Http/Request), Object(Closure))
#17 G:/Mursalin_1295365/Laravel/ecommerce2/vendor/laravel/framework/src/Illuminate/Routing/Middleware/SubstituteBindings.php(52): Illuminate/Pipeline/Pipeline->{closure:{closure:Illuminate/Pipeline/Pipeline::carry():194}:195}(Object(Illuminate/Http/Request))
#18 G:/Mursalin_1295365/Laravel/ecommerce2/vendor/laravel/framework/src/Illuminate/Pipeline/Pipeline.php(219): Illuminate/Routing/Middleware/SubstituteBindings->handle(Object(Illuminate/Http/Request), Object(Closure))
#19 G:/Mursalin_1295365/Laravel/ecommerce2/vendor/laravel/framework/src/Illuminate/Foundation/Http/Middleware/PreventRequestForgery.php(104): Illuminate/Pipeline/Pipeline->{closure:{closure:Illuminate/Pipeline/Pipeline::carry():194}:195}(Object(Illuminate/Http/Request))
#20 G:/Mursalin_1295365/Laravel/ecommerce2/vendor/laravel/framework/src/Illuminate/Pipeline/Pipeline.php(219): Illuminate/Foundation/Http/Middleware/PreventRequestForgery->handle(Object(Illuminate/Http/Request), Object(Closure))
#21 G:/Mursalin_1295365/Laravel/ecommerce2/vendor/laravel/framework/src/Illuminate/View/Middleware/ShareErrorsFromSession.php(48): Illuminate/Pipeline/Pipeline->{closure:{closure:Illuminate/Pipeline/Pipeline::carry():194}:195}(Object(Illuminate/Http/Request))
#22 G:/Mursalin_1295365/Laravel/ecommerce2/vendor/laravel/framework/src/Illuminate/Pipeline/Pipeline.php(219): Illuminate/View/Middleware/ShareErrorsFromSession->handle(Object(Illuminate/Http/Request), Object(Closure))
#23 G:/Mursalin_1295365/Laravel/ecommerce2/vendor/laravel/framework/src/Illuminate/Session/Middleware/StartSession.php(120): Illuminate/Pipeline/Pipeline->{closure:{closure:Illuminate/Pipeline/Pipeline::carry():194}:195}(Object(Illuminate/Http/Request))
#24 G:/Mursalin_1295365/Laravel/ecommerce2/vendor/laravel/framework/src/Illuminate/Session/Middleware/StartSession.php(63): Illuminate/Session/Middleware/StartSession->handleStatefulRequest(Object(Illuminate/Http/Request), Object(Illuminate/Session/Store), Object(Closure))
#25 G:/Mursalin_1295365/Laravel/ecommerce2/vendor/laravel/framework/src/Illuminate/Pipeline/Pipeline.php(219): Illuminate/Session/Middleware/StartSession->handle(Object(Illuminate/Http/Request), Object(Closure))
#26 G:/Mursalin_1295365/Laravel/ecommerce2/vendor/laravel/framework/src/Illuminate/Cookie/Middleware/AddQueuedCookiesToResponse.php(36): Illuminate/Pipeline/Pipeline->{closure:{closure:Illuminate/Pipeline/Pipeline::carry():194}:195}(Object(Illuminate/Http/Request))
#27 G:/Mursalin_1295365/Laravel/ecommerce2/vendor/laravel/framework/src/Illuminate/Pipeline/Pipeline.php(219): Illuminate/Cookie/Middleware/AddQueuedCookiesToResponse->handle(Object(Illuminate/Http/Request), Object(Closure))
#28 G:/Mursalin_1295365/Laravel/ecommerce2/vendor/laravel/framework/src/Illuminate/Cookie/Middleware/EncryptCookies.php(74): Illuminate/Pipeline/Pipeline->{closure:{closure:Illuminate/Pipeline/Pipeline::carry():194}:195}(Object(Illuminate/Http/Request))
#29 G:/Mursalin_1295365/Laravel/ecommerce2/vendor/laravel/framework/src/Illuminate/Pipeline/Pipeline.php(219): Illuminate/Cookie/Middleware/EncryptCookies->handle(Object(Illuminate/Http/Request), Object(Closure))
#30 G:/Mursalin_1295365/Laravel/ecommerce2/vendor/laravel/framework/src/Illuminate/Pipeline/Pipeline.php(137): Illuminate/Pipeline/Pipeline->{closure:{closure:Illuminate/Pipeline/Pipeline::carry():194}:195}(Object(Illuminate/Http/Request))
#31 G:/Mursalin_1295365/Laravel/ecommerce2/vendor/laravel/framework/src/Illuminate/Routing/Router.php(821): Illuminate/Pipeline/Pipeline->then(Object(Closure))
#32 G:/Mursalin_1295365/Laravel/ecommerce2/vendor/laravel/framework/src/Illuminate/Routing/Router.php(800): Illuminate/Routing/Router->runRouteWithinStack(Object(Illuminate/Routing/Route), Object(Illuminate/Http/Request))
#33 G:/Mursalin_1295365/Laravel/ecommerce2/vendor/laravel/framework/src/Illuminate/Routing/Router.php(764): Illuminate/Routing/Router->runRoute(Object(Illuminate/Http/Request), Object(Illuminate/Routing/Route))
#34 G:/Mursalin_1295365/Laravel/ecommerce2/vendor/laravel/framework/src/Illuminate/Routing/Router.php(753): Illuminate/Routing/Router->dispatchToRoute(Object(Illuminate/Http/Request))
#35 G:/Mursalin_1295365/Laravel/ecommerce2/vendor/laravel/framework/src/Illuminate/Foundation/Http/Kernel.php(200): Illuminate/Routing/Router->dispatch(Object(Illuminate/Http/Request))
#36 G:/Mursalin_1295365/Laravel/ecommerce2/vendor/laravel/framework/src/Illuminate/Pipeline/Pipeline.php(180): Illuminate/Foundation/Http/Kernel->{closure:Illuminate/Foundation/Http/Kernel::dispatchToRouter():197}(Object(Illuminate/Http/Request))
#37 G:/Mursalin_1295365/Laravel/ecommerce2/vendor/laravel/framework/src/Illuminate/Foundation/Http/Middleware/TransformsRequest.php(21): Illuminate/Pipeline/Pipeline->{closure:Illuminate/Pipeline/Pipeline::prepareDestination():178}(Object(Illuminate/Http/Request))
#38 G:/Mursalin_1295365/Laravel/ecommerce2/vendor/laravel/framework/src/Illuminate/Foundation/Http/Middleware/ConvertEmptyStringsToNull.php(31): Illuminate/Foundation/Http/Middleware/TransformsRequest->handle(Object(Illuminate/Http/Request), Object(Closure))
#39 G:/Mursalin_1295365/Laravel/ecommerce2/vendor/laravel/framework/src/Illuminate/Pipeline/Pipeline.php(219): Illuminate/Foundation/Http/Middleware/ConvertEmptyStringsToNull->handle(Object(Illuminate/Http/Request), Object(Closure))
#40 G:/Mursalin_1295365/Laravel/ecommerce2/vendor/laravel/framework/src/Illuminate/Foundation/Http/Middleware/TransformsRequest.php(21): Illuminate/Pipeline/Pipeline->{closure:{closure:Illuminate/Pipeline/Pipeline::carry():194}:195}(Object(Illuminate/Http/Request))
#41 G:/Mursalin_1295365/Laravel/ecommerce2/vendor/laravel/framework/src/Illuminate/Foundation/Http/Middleware/TrimStrings.php(51): Illuminate/Foundation/Http/Middleware/TransformsRequest->handle(Object(Illuminate/Http/Request), Object(Closure))
#42 G:/Mursalin_1295365/Laravel/ecommerce2/vendor/laravel/framework/src/Illuminate/Pipeline/Pipeline.php(219): Illuminate/Foundation/Http/Middleware/TrimStrings->handle(Object(Illuminate/Http/Request), Object(Closure))
#43 G:/Mursalin_1295365/Laravel/ecommerce2/vendor/laravel/framework/src/Illuminate/Http/Middleware/ValidatePostSize.php(27): Illuminate/Pipeline/Pipeline->{closure:{closure:Illuminate/Pipeline/Pipeline::carry():194}:195}(Object(Illuminate/Http/Request))
#44 G:/Mursalin_1295365/Laravel/ecommerce2/vendor/laravel/framework/src/Illuminate/Pipeline/Pipeline.php(219): Illuminate/Http/Middleware/ValidatePostSize->handle(Object(Illuminate/Http/Request), Object(Closure))
#45 G:/Mursalin_1295365/Laravel/ecommerce2/vendor/laravel/framework/src/Illuminate/Foundation/Http/Middleware/PreventRequestsDuringMaintenance.php(110): Illuminate/Pipeline/Pipeline->{closure:{closure:Illuminate/Pipeline/Pipeline::carry():194}:195}(Object(Illuminate/Http/Request))
#46 G:/Mursalin_1295365/Laravel/ecommerce2/vendor/laravel/framework/src/Illuminate/Pipeline/Pipeline.php(219): Illuminate/Foundation/Http/Middleware/PreventRequestsDuringMaintenance->handle(Object(Illuminate/Http/Request), Object(Closure))
#47 G:/Mursalin_1295365/Laravel/ecommerce2/vendor/laravel/framework/src/Illuminate/Http/Middleware/HandleCors.php(61): Illuminate/Pipeline/Pipeline->{closure:{closure:Illuminate/Pipeline/Pipeline::carry():194}:195}(Object(Illuminate/Http/Request))
#48 G:/Mursalin_1295365/Laravel/ecommerce2/vendor/laravel/framework/src/Illuminate/Pipeline/Pipeline.php(219): Illuminate/Http/Middleware/HandleCors->handle(Object(Illuminate/Http/Request), Object(Closure))
#49 G:/Mursalin_1295365/Laravel/ecommerce2/vendor/laravel/framework/src/Illuminate/Http/Middleware/TrustProxies.php(58): Illuminate/Pipeline/Pipeline->{closure:{closure:Illuminate/Pipeline/Pipeline::carry():194}:195}(Object(Illuminate/Http/Request))
#50 G:/Mursalin_1295365/Laravel/ecommerce2/vendor/laravel/framework/src/Illuminate/Pipeline/Pipeline.php(219): Illuminate/Http/Middleware/TrustProxies->handle(Object(Illuminate/Http/Request), Object(Closure))
#51 G:/Mursalin_1295365/Laravel/ecommerce2/vendor/laravel/framework/src/Illuminate/Foundation/Http/Middleware/InvokeDeferredCallbacks.php(22): Illuminate/Pipeline/Pipeline->{closure:{closure:Illuminate/Pipeline/Pipeline::carry():194}:195}(Object(Illuminate/Http/Request))
#52 G:/Mursalin_1295365/Laravel/ecommerce2/vendor/laravel/framework/src/Illuminate/Pipeline/Pipeline.php(219): Illuminate/Foundation/Http/Middleware/InvokeDeferredCallbacks->handle(Object(Illuminate/Http/Request), Object(Closure))
#53 G:/Mursalin_1295365/Laravel/ecommerce2/vendor/laravel/framework/src/Illuminate/Http/Middleware/ValidatePathEncoding.php(28): Illuminate/Pipeline/Pipeline->{closure:{closure:Illuminate/Pipeline/Pipeline::carry():194}:195}(Object(Illuminate/Http/Request))
#54 G:/Mursalin_1295365/Laravel/ecommerce2/vendor/laravel/framework/src/Illuminate/Pipeline/Pipeline.php(219): Illuminate/Http/Middleware/ValidatePathEncoding->handle(Object(Illuminate/Http/Request), Object(Closure))
#55 G:/Mursalin_1295365/Laravel/ecommerce2/vendor/laravel/framework/src/Illuminate/Pipeline/Pipeline.php(137): Illuminate/Pipeline/Pipeline->{closure:{closure:Illuminate/Pipeline/Pipeline::carry():194}:195}(Object(Illuminate/Http/Request))
#56 G:/Mursalin_1295365/Laravel/ecommerce2/vendor/laravel/framework/src/Illuminate/Foundation/Http/Kernel.php(175): Illuminate/Pipeline/Pipeline->then(Object(Closure))
#57 G:/Mursalin_1295365/Laravel/ecommerce2/vendor/laravel/framework/src/Illuminate/Foundation/Http/Kernel.php(144): Illuminate/Foundation/Http/Kernel->sendRequestThroughRouter(Object(Illuminate/Http/Request))
#58 G:/Mursalin_1295365/Laravel/ecommerce2/vendor/laravel/framework/src/Illuminate/Foundation/Application.php(1227): Illuminate/Foundation/Http/Kernel->handle(Object(Illuminate/Http/Request))
#59 G:/Mursalin_1295365/Laravel/ecommerce2/public/index.php(20): Illuminate/Foundation/Application->handleRequest(Object(Illuminate/Http/Request))
#60 C:/Program Files/Herd/resources/app.asar.unpacked/resources/valet/server.php(140): require('G://Mursalin_129...')
#61 {main}
"} 
[2026-09-20 06:38:46] local.ERROR: SQLSTATE[42S22]: Column not found: 1054 Unknown column 'total_amount' in 'field list' (Connection: mysql, Host: 127.0.0.1, Port: 3306, Database: ecommerce, SQL: select sum(`total_amount`) as `aggregate` from `orders` where `status` in (Processing, Shipped, Delivered)) {"exception":"[object] (Illuminate\\Database\\QueryException(code: 42S22): SQLSTATE[42S22]: Column not found: 1054 Unknown column 'total_amount' in 'field list' (Connection: mysql, Host: 127.0.0.1, Port: 3306, Database: ecommerce, SQL: select sum(`total_amount`) as `aggregate` from `orders` where `status` in (Processing, Shipped, Delivered)) at G:/Mursalin_1295365/Laravel/ecommerce2/vendor/laravel/framework/src/Illuminate/Database/Connection.php:857)
[stacktrace]
#0 G:/Mursalin_1295365/Laravel/ecommerce2/vendor/laravel/framework/src/Illuminate/Database/Connection.php(813): Illuminate/Database/Connection->runQueryCallback('select sum(`tot...', Array, Object(Closure))
#1 G:/Mursalin_1295365/Laravel/ecommerce2/vendor/laravel/framework/src/Illuminate/Database/Connection.php(426): Illuminate/Database/Connection->run('select sum(`tot...', Array, Object(Closure))
#2 G:/Mursalin_1295365/Laravel/ecommerce2/vendor/laravel/framework/src/Illuminate/Database/Query/Builder.php(3629): Illuminate/Database/Connection->select('select sum(`tot...', Array, true, Array)
#3 G:/Mursalin_1295365/Laravel/ecommerce2/vendor/laravel/framework/src/Illuminate/Database/Query/Builder.php(3613): Illuminate/Database/Query/Builder->runSelect()
#4 G:/Mursalin_1295365/Laravel/ecommerce2/vendor/laravel/framework/src/Illuminate/Database/Query/Builder.php(4129): Illuminate/Database/Query/Builder->get(Array)
#5 G:/Mursalin_1295365/Laravel/ecommerce2/vendor/laravel/framework/src/Illuminate/Database/Query/Builder.php(4090): Illuminate/Database/Query/Builder->aggregate('sum', Array)
#6 G:/Mursalin_1295365/Laravel/ecommerce2/vendor/laravel/framework/src/Illuminate/Database/Eloquent/Builder.php(2336): Illuminate/Database/Query/Builder->sum('total_amount')
#7 G:/Mursalin_1295365/Laravel/ecommerce2/app/Http/Controllers/DashboardController.php(17): Illuminate/Database/Eloquent/Builder->__call('sum', Array)
#8 G:/Mursalin_1295365/Laravel/ecommerce2/vendor/laravel/framework/src/Illuminate/Routing/ControllerDispatcher.php(46): App/Http/Controllers/DashboardController->__invoke()
#9 G:/Mursalin_1295365/Laravel/ecommerce2/vendor/laravel/framework/src/Illuminate/Routing/Route.php(276): Illuminate/Routing/ControllerDispatcher->dispatch(Object(Illuminate/Routing/Route), Object(App/Http/Controllers/DashboardController), '__invoke')
#10 G:/Mursalin_1295365/Laravel/ecommerce2/vendor/laravel/framework/src/Illuminate/Routing/Route.php(216): Illuminate/Routing/Route->runController()
#11 G:/Mursalin_1295365/Laravel/ecommerce2/vendor/laravel/framework/src/Illuminate/Routing/Router.php(822): Illuminate/Routing/Route->run()
#12 G:/Mursalin_1295365/Laravel/ecommerce2/vendor/laravel/framework/src/Illuminate/Pipeline/Pipeline.php(180): Illuminate/Routing/Router->{closure:Illuminate/Routing/Router::runRouteWithinStack():821}(Object(Illuminate/Http/Request))
#13 G:/Mursalin_1295365/Laravel/ecommerce2/vendor/laravel/boost/src/Middleware/InjectBoost.php(22): Illuminate/Pipeline/Pipeline->{closure:Illuminate/Pipeline/Pipeline::prepareDestination():178}(Object(Illuminate/Http/Request))
#14 G:/Mursalin_1295365/Laravel/ecommerce2/vendor/laravel/framework/src/Illuminate/Pipeline/Pipeline.php(219): Laravel/Boost/Middleware/InjectBoost->handle(Object(Illuminate/Http/Request), Object(Closure))
#15 G:/Mursalin_1295365/Laravel/ecommerce2/vendor/laravel/framework/src/Illuminate/Routing/Middleware/SubstituteBindings.php(52): Illuminate/Pipeline/Pipeline->{closure:{closure:Illuminate/Pipeline/Pipeline::carry():194}:195}(Object(Illuminate/Http/Request))
#16 G:/Mursalin_1295365/Laravel/ecommerce2/vendor/laravel/framework/src/Illuminate/Pipeline/Pipeline.php(219): Illuminate/Routing/Middleware/SubstituteBindings->handle(Object(Illuminate/Http/Request), Object(Closure))
#17 G:/Mursalin_1295365/Laravel/ecommerce2/vendor/laravel/framework/src/Illuminate/Foundation/Http/Middleware/PreventRequestForgery.php(104): Illuminate/Pipeline/Pipeline->{closure:{closure:Illuminate/Pipeline/Pipeline::carry():194}:195}(Object(Illuminate/Http/Request))
#18 G:/Mursalin_1295365/Laravel/ecommerce2/vendor/laravel/framework/src/Illuminate/Pipeline/Pipeline.php(219): Illuminate/Foundation/Http/Middleware/PreventRequestForgery->handle(Object(Illuminate/Http/Request), Object(Closure))
#19 G:/Mursalin_1295365/Laravel/ecommerce2/vendor/laravel/framework/src/Illuminate/View/Middleware/ShareErrorsFromSession.php(48): Illuminate/Pipeline/Pipeline->{closure:{closure:Illuminate/Pipeline/Pipeline::carry():194}:195}(Object(Illuminate/Http/Request))
#20 G:/Mursalin_1295365/Laravel/ecommerce2/vendor/laravel/framework/src/Illuminate/Pipeline/Pipeline.php(219): Illuminate/View/Middleware/ShareErrorsFromSession->handle(Object(Illuminate/Http/Request), Object(Closure))
#21 G:/Mursalin_1295365/Laravel/ecommerce2/vendor/laravel/framework/src/Illuminate/Session/Middleware/StartSession.php(120): Illuminate/Pipeline/Pipeline->{closure:{closure:Illuminate/Pipeline/Pipeline::carry():194}:195}(Object(Illuminate/Http/Request))
#22 G:/Mursalin_1295365/Laravel/ecommerce2/vendor/laravel/framework/src/Illuminate/Session/Middleware/StartSession.php(63): Illuminate/Session/Middleware/StartSession->handleStatefulRequest(Object(Illuminate/Http/Request), Object(Illuminate/Session/Store), Object(Closure))
#23 G:/Mursalin_1295365/Laravel/ecommerce2/vendor/laravel/framework/src/Illuminate/Pipeline/Pipeline.php(219): Illuminate/Session/Middleware/StartSession->handle(Object(Illuminate/Http/Request), Object(Closure))
#24 G:/Mursalin_1295365/Laravel/ecommerce2/vendor/laravel/framework/src/Illuminate/Cookie/Middleware/AddQueuedCookiesToResponse.php(36): Illuminate/Pipeline/Pipeline->{closure:{closure:Illuminate/Pipeline/Pipeline::carry():194}:195}(Object(Illuminate/Http/Request))
#25 G:/Mursalin_1295365/Laravel/ecommerce2/vendor/laravel/framework/src/Illuminate/Pipeline/Pipeline.php(219): Illuminate/Cookie/Middleware/AddQueuedCookiesToResponse->handle(Object(Illuminate/Http/Request), Object(Closure))
#26 G:/Mursalin_1295365/Laravel/ecommerce2/vendor/laravel/framework/src/Illuminate/Cookie/Middleware/EncryptCookies.php(74): Illuminate/Pipeline/Pipeline->{closure:{closure:Illuminate/Pipeline/Pipeline::carry():194}:195}(Object(Illuminate/Http/Request))
#27 G:/Mursalin_1295365/Laravel/ecommerce2/vendor/laravel/framework/src/Illuminate/Pipeline/Pipeline.php(219): Illuminate/Cookie/Middleware/EncryptCookies->handle(Object(Illuminate/Http/Request), Object(Closure))
#28 G:/Mursalin_1295365/Laravel/ecommerce2/vendor/laravel/framework/src/Illuminate/Pipeline/Pipeline.php(137): Illuminate/Pipeline/Pipeline->{closure:{closure:Illuminate/Pipeline/Pipeline::carry():194}:195}(Object(Illuminate/Http/Request))
#29 G:/Mursalin_1295365/Laravel/ecommerce2/vendor/laravel/framework/src/Illuminate/Routing/Router.php(821): Illuminate/Pipeline/Pipeline->then(Object(Closure))
#30 G:/Mursalin_1295365/Laravel/ecommerce2/vendor/laravel/framework/src/Illuminate/Routing/Router.php(800): Illuminate/Routing/Router->runRouteWithinStack(Object(Illuminate/Routing/Route), Object(Illuminate/Http/Request))
#31 G:/Mursalin_1295365/Laravel/ecommerce2/vendor/laravel/framework/src/Illuminate/Routing/Router.php(764): Illuminate/Routing/Router->runRoute(Object(Illuminate/Http/Request), Object(Illuminate/Routing/Route))
#32 G:/Mursalin_1295365/Laravel/ecommerce2/vendor/laravel/framework/src/Illuminate/Routing/Router.php(753): Illuminate/Routing/Router->dispatchToRoute(Object(Illuminate/Http/Request))
#33 G:/Mursalin_1295365/Laravel/ecommerce2/vendor/laravel/framework/src/Illuminate/Foundation/Http/Kernel.php(200): Illuminate/Routing/Router->dispatch(Object(Illuminate/Http/Request))
#34 G:/Mursalin_1295365/Laravel/ecommerce2/vendor/laravel/framework/src/Illuminate/Pipeline/Pipeline.php(180): Illuminate/Foundation/Http/Kernel->{closure:Illuminate/Foundation/Http/Kernel::dispatchToRouter():197}(Object(Illuminate/Http/Request))
#35 G:/Mursalin_1295365/Laravel/ecommerce2/vendor/laravel/framework/src/Illuminate/Foundation/Http/Middleware/TransformsRequest.php(21): Illuminate/Pipeline/Pipeline->{closure:Illuminate/Pipeline/Pipeline::prepareDestination():178}(Object(Illuminate/Http/Request))
#36 G:/Mursalin_1295365/Laravel/ecommerce2/vendor/laravel/framework/src/Illuminate/Foundation/Http/Middleware/ConvertEmptyStringsToNull.php(31): Illuminate/Foundation/Http/Middleware/TransformsRequest->handle(Object(Illuminate/Http/Request), Object(Closure))
#37 G:/Mursalin_1295365/Laravel/ecommerce2/vendor/laravel/framework/src/Illuminate/Pipeline/Pipeline.php(219): Illuminate/Foundation/Http/Middleware/ConvertEmptyStringsToNull->handle(Object(Illuminate/Http/Request), Object(Closure))
#38 G:/Mursalin_1295365/Laravel/ecommerce2/vendor/laravel/framework/src/Illuminate/Foundation/Http/Middleware/TransformsRequest.php(21): Illuminate/Pipeline/Pipeline->{closure:{closure:Illuminate/Pipeline/Pipeline::carry():194}:195}(Object(Illuminate/Http/Request))
#39 G:/Mursalin_1295365/Laravel/ecommerce2/vendor/laravel/framework/src/Illuminate/Foundation/Http/Middleware/TrimStrings.php(51): Illuminate/Foundation/Http/Middleware/TransformsRequest->handle(Object(Illuminate/Http/Request), Object(Closure))
#40 G:/Mursalin_1295365/Laravel/ecommerce2/vendor/laravel/framework/src/Illuminate/Pipeline/Pipeline.php(219): Illuminate/Foundation/Http/Middleware/TrimStrings->handle(Object(Illuminate/Http/Request), Object(Closure))
#41 G:/Mursalin_1295365/Laravel/ecommerce2/vendor/laravel/framework/src/Illuminate/Http/Middleware/ValidatePostSize.php(27): Illuminate/Pipeline/Pipeline->{closure:{closure:Illuminate/Pipeline/Pipeline::carry():194}:195}(Object(Illuminate/Http/Request))
#42 G:/Mursalin_1295365/Laravel/ecommerce2/vendor/laravel/framework/src/Illuminate/Pipeline/Pipeline.php(219): Illuminate/Http/Middleware/ValidatePostSize->handle(Object(Illuminate/Http/Request), Object(Closure))
#43 G:/Mursalin_1295365/Laravel/ecommerce2/vendor/laravel/framework/src/Illuminate/Foundation/Http/Middleware/PreventRequestsDuringMaintenance.php(110): Illuminate/Pipeline/Pipeline->{closure:{closure:Illuminate/Pipeline/Pipeline::carry():194}:195}(Object(Illuminate/Http/Request))
#44 G:/Mursalin_1295365/Laravel/ecommerce2/vendor/laravel/framework/src/Illuminate/Pipeline/Pipeline.php(219): Illuminate/Foundation/Http/Middleware/PreventRequestsDuringMaintenance->handle(Object(Illuminate/Http/Request), Object(Closure))
#45 G:/Mursalin_1295365/Laravel/ecommerce2/vendor/laravel/framework/src/Illuminate/Http/Middleware/HandleCors.php(61): Illuminate/Pipeline/Pipeline->{closure:{closure:Illuminate/Pipeline/Pipeline::carry():194}:195}(Object(Illuminate/Http/Request))
#46 G:/Mursalin_1295365/Laravel/ecommerce2/vendor/laravel/framework/src/Illuminate/Pipeline/Pipeline.php(219): Illuminate/Http/Middleware/HandleCors->handle(Object(Illuminate/Http/Request), Object(Closure))
#47 G:/Mursalin_1295365/Laravel/ecommerce2/vendor/laravel/framework/src/Illuminate/Http/Middleware/TrustProxies.php(58): Illuminate/Pipeline/Pipeline->{closure:{closure:Illuminate/Pipeline/Pipeline::carry():194}:195}(Object(Illuminate/Http/Request))
#48 G:/Mursalin_1295365/Laravel/ecommerce2/vendor/laravel/framework/src/Illuminate/Pipeline/Pipeline.php(219): Illuminate/Http/Middleware/TrustProxies->handle(Object(Illuminate/Http/Request), Object(Closure))
#49 G:/Mursalin_1295365/Laravel/ecommerce2/vendor/laravel/framework/src/Illuminate/Foundation/Http/Middleware/InvokeDeferredCallbacks.php(22): Illuminate/Pipeline/Pipeline->{closure:{closure:Illuminate/Pipeline/Pipeline::carry():194}:195}(Object(Illuminate/Http/Request))
#50 G:/Mursalin_1295365/Laravel/ecommerce2/vendor/laravel/framework/src/Illuminate/Pipeline/Pipeline.php(219): Illuminate/Foundation/Http/Middleware/InvokeDeferredCallbacks->handle(Object(Illuminate/Http/Request), Object(Closure))
#51 G:/Mursalin_1295365/Laravel/ecommerce2/vendor/laravel/framework/src/Illuminate/Http/Middleware/ValidatePathEncoding.php(28): Illuminate/Pipeline/Pipeline->{closure:{closure:Illuminate/Pipeline/Pipeline::carry():194}:195}(Object(Illuminate/Http/Request))
#52 G:/Mursalin_1295365/Laravel/ecommerce2/vendor/laravel/framework/src/Illuminate/Pipeline/Pipeline.php(219): Illuminate/Http/Middleware/ValidatePathEncoding->handle(Object(Illuminate/Http/Request), Object(Closure))
#53 G:/Mursalin_1295365/Laravel/ecommerce2/vendor/laravel/framework/src/Illuminate/Pipeline/Pipeline.php(137): Illuminate/Pipeline/Pipeline->{closure:{closure:Illuminate/Pipeline/Pipeline::carry():194}:195}(Object(Illuminate/Http/Request))
#54 G:/Mursalin_1295365/Laravel/ecommerce2/vendor/laravel/framework/src/Illuminate/Foundation/Http/Kernel.php(175): Illuminate/Pipeline/Pipeline->then(Object(Closure))
#55 G:/Mursalin_1295365/Laravel/ecommerce2/vendor/laravel/framework/src/Illuminate/Foundation/Http/Kernel.php(144): Illuminate/Foundation/Http/Kernel->sendRequestThroughRouter(Object(Illuminate/Http/Request))
#56 G:/Mursalin_1295365/Laravel/ecommerce2/vendor/laravel/framework/src/Illuminate/Foundation/Application.php(1227): Illuminate/Foundation/Http/Kernel->handle(Object(Illuminate/Http/Request))
#57 G:/Mursalin_1295365/Laravel/ecommerce2/public/index.php(20): Illuminate/Foundation/Application->handleRequest(Object(Illuminate/Http/Request))
#58 C:/Program Files/Herd/resources/app.asar.unpacked/resources/valet/server.php(140): require('G://Mursalin_129...')
#59 {main}

[previous exception] [object] (PDOException(code: 42S22): SQLSTATE[42S22]: Column not found: 1054 Unknown column 'total_amount' in 'field list' at G:/Mursalin_1295365/Laravel/ecommerce2/vendor/laravel/framework/src/Illuminate/Database/Connection.php:435)
[stacktrace]
#0 G:/Mursalin_1295365/Laravel/ecommerce2/vendor/laravel/framework/src/Illuminate/Database/Connection.php(435): PDO->prepare('select sum(`tot...')
#1 G:/Mursalin_1295365/Laravel/ecommerce2/vendor/laravel/framework/src/Illuminate/Database/Connection.php(846): Illuminate/Database/Connection->{closure:Illuminate/Database/Connection::select():426}('select sum(`tot...', Array)
#2 G:/Mursalin_1295365/Laravel/ecommerce2/vendor/laravel/framework/src/Illuminate/Database/Connection.php(813): Illuminate/Database/Connection->runQueryCallback('select sum(`tot...', Array, Object(Closure))
#3 G:/Mursalin_1295365/Laravel/ecommerce2/vendor/laravel/framework/src/Illuminate/Database/Connection.php(426): Illuminate/Database/Connection->run('select sum(`tot...', Array, Object(Closure))
#4 G:/Mursalin_1295365/Laravel/ecommerce2/vendor/laravel/framework/src/Illuminate/Database/Query/Builder.php(3629): Illuminate/Database/Connection->select('select sum(`tot...', Array, true, Array)
#5 G:/Mursalin_1295365/Laravel/ecommerce2/vendor/laravel/framework/src/Illuminate/Database/Query/Builder.php(3613): Illuminate/Database/Query/Builder->runSelect()
#6 G:/Mursalin_1295365/Laravel/ecommerce2/vendor/laravel/framework/src/Illuminate/Database/Query/Builder.php(4129): Illuminate/Database/Query/Builder->get(Array)
#7 G:/Mursalin_1295365/Laravel/ecommerce2/vendor/laravel/framework/src/Illuminate/Database/Query/Builder.php(4090): Illuminate/Database/Query/Builder->aggregate('sum', Array)
#8 G:/Mursalin_1295365/Laravel/ecommerce2/vendor/laravel/framework/src/Illuminate/Database/Eloquent/Builder.php(2336): Illuminate/Database/Query/Builder->sum('total_amount')
#9 G:/Mursalin_1295365/Laravel/ecommerce2/app/Http/Controllers/DashboardController.php(17): Illuminate/Database/Eloquent/Builder->__call('sum', Array)
#10 G:/Mursalin_1295365/Laravel/ecommerce2/vendor/laravel/framework/src/Illuminate/Routing/ControllerDispatcher.php(46): App/Http/Controllers/DashboardController->__invoke()
#11 G:/Mursalin_1295365/Laravel/ecommerce2/vendor/laravel/framework/src/Illuminate/Routing/Route.php(276): Illuminate/Routing/ControllerDispatcher->dispatch(Object(Illuminate/Routing/Route), Object(App/Http/Controllers/DashboardController), '__invoke')
#12 G:/Mursalin_1295365/Laravel/ecommerce2/vendor/laravel/framework/src/Illuminate/Routing/Route.php(216): Illuminate/Routing/Route->runController()
#13 G:/Mursalin_1295365/Laravel/ecommerce2/vendor/laravel/framework/src/Illuminate/Routing/Router.php(822): Illuminate/Routing/Route->run()
#14 G:/Mursalin_1295365/Laravel/ecommerce2/vendor/laravel/framework/src/Illuminate/Pipeline/Pipeline.php(180): Illuminate/Routing/Router->{closure:Illuminate/Routing/Router::runRouteWithinStack():821}(Object(Illuminate/Http/Request))
#15 G:/Mursalin_1295365/Laravel/ecommerce2/vendor/laravel/boost/src/Middleware/InjectBoost.php(22): Illuminate/Pipeline/Pipeline->{closure:Illuminate/Pipeline/Pipeline::prepareDestination():178}(Object(Illuminate/Http/Request))
#16 G:/Mursalin_1295365/Laravel/ecommerce2/vendor/laravel/framework/src/Illuminate/Pipeline/Pipeline.php(219): Laravel/Boost/Middleware/InjectBoost->handle(Object(Illuminate/Http/Request), Object(Closure))
#17 G:/Mursalin_1295365/Laravel/ecommerce2/vendor/laravel/framework/src/Illuminate/Routing/Middleware/SubstituteBindings.php(52): Illuminate/Pipeline/Pipeline->{closure:{closure:Illuminate/Pipeline/Pipeline::carry():194}:195}(Object(Illuminate/Http/Request))
#18 G:/Mursalin_1295365/Laravel/ecommerce2/vendor/laravel/framework/src/Illuminate/Pipeline/Pipeline.php(219): Illuminate/Routing/Middleware/SubstituteBindings->handle(Object(Illuminate/Http/Request), Object(Closure))
#19 G:/Mursalin_1295365/Laravel/ecommerce2/vendor/laravel/framework/src/Illuminate/Foundation/Http/Middleware/PreventRequestForgery.php(104): Illuminate/Pipeline/Pipeline->{closure:{closure:Illuminate/Pipeline/Pipeline::carry():194}:195}(Object(Illuminate/Http/Request))
#20 G:/Mursalin_1295365/Laravel/ecommerce2/vendor/laravel/framework/src/Illuminate/Pipeline/Pipeline.php(219): Illuminate/Foundation/Http/Middleware/PreventRequestForgery->handle(Object(Illuminate/Http/Request), Object(Closure))
#21 G:/Mursalin_1295365/Laravel/ecommerce2/vendor/laravel/framework/src/Illuminate/View/Middleware/ShareErrorsFromSession.php(48): Illuminate/Pipeline/Pipeline->{closure:{closure:Illuminate/Pipeline/Pipeline::carry():194}:195}(Object(Illuminate/Http/Request))
#22 G:/Mursalin_1295365/Laravel/ecommerce2/vendor/laravel/framework/src/Illuminate/Pipeline/Pipeline.php(219): Illuminate/View/Middleware/ShareErrorsFromSession->handle(Object(Illuminate/Http/Request), Object(Closure))
#23 G:/Mursalin_1295365/Laravel/ecommerce2/vendor/laravel/framework/src/Illuminate/Session/Middleware/StartSession.php(120): Illuminate/Pipeline/Pipeline->{closure:{closure:Illuminate/Pipeline/Pipeline::carry():194}:195}(Object(Illuminate/Http/Request))
#24 G:/Mursalin_1295365/Laravel/ecommerce2/vendor/laravel/framework/src/Illuminate/Session/Middleware/StartSession.php(63): Illuminate/Session/Middleware/StartSession->handleStatefulRequest(Object(Illuminate/Http/Request), Object(Illuminate/Session/Store), Object(Closure))
#25 G:/Mursalin_1295365/Laravel/ecommerce2/vendor/laravel/framework/src/Illuminate/Pipeline/Pipeline.php(219): Illuminate/Session/Middleware/StartSession->handle(Object(Illuminate/Http/Request), Object(Closure))
#26 G:/Mursalin_1295365/Laravel/ecommerce2/vendor/laravel/framework/src/Illuminate/Cookie/Middleware/AddQueuedCookiesToResponse.php(36): Illuminate/Pipeline/Pipeline->{closure:{closure:Illuminate/Pipeline/Pipeline::carry():194}:195}(Object(Illuminate/Http/Request))
#27 G:/Mursalin_1295365/Laravel/ecommerce2/vendor/laravel/framework/src/Illuminate/Pipeline/Pipeline.php(219): Illuminate/Cookie/Middleware/AddQueuedCookiesToResponse->handle(Object(Illuminate/Http/Request), Object(Closure))
#28 G:/Mursalin_1295365/Laravel/ecommerce2/vendor/laravel/framework/src/Illuminate/Cookie/Middleware/EncryptCookies.php(74): Illuminate/Pipeline/Pipeline->{closure:{closure:Illuminate/Pipeline/Pipeline::carry():194}:195}(Object(Illuminate/Http/Request))
#29 G:/Mursalin_1295365/Laravel/ecommerce2/vendor/laravel/framework/src/Illuminate/Pipeline/Pipeline.php(219): Illuminate/Cookie/Middleware/EncryptCookies->handle(Object(Illuminate/Http/Request), Object(Closure))
#30 G:/Mursalin_1295365/Laravel/ecommerce2/vendor/laravel/framework/src/Illuminate/Pipeline/Pipeline.php(137): Illuminate/Pipeline/Pipeline->{closure:{closure:Illuminate/Pipeline/Pipeline::carry():194}:195}(Object(Illuminate/Http/Request))
#31 G:/Mursalin_1295365/Laravel/ecommerce2/vendor/laravel/framework/src/Illuminate/Routing/Router.php(821): Illuminate/Pipeline/Pipeline->then(Object(Closure))
#32 G:/Mursalin_1295365/Laravel/ecommerce2/vendor/laravel/framework/src/Illuminate/Routing/Router.php(800): Illuminate/Routing/Router->runRouteWithinStack(Object(Illuminate/Routing/Route), Object(Illuminate/Http/Request))
#33 G:/Mursalin_1295365/Laravel/ecommerce2/vendor/laravel/framework/src/Illuminate/Routing/Router.php(764): Illuminate/Routing/Router->runRoute(Object(Illuminate/Http/Request), Object(Illuminate/Routing/Route))
#34 G:/Mursalin_1295365/Laravel/ecommerce2/vendor/laravel/framework/src/Illuminate/Routing/Router.php(753): Illuminate/Routing/Router->dispatchToRoute(Object(Illuminate/Http/Request))
#35 G:/Mursalin_1295365/Laravel/ecommerce2/vendor/laravel/framework/src/Illuminate/Foundation/Http/Kernel.php(200): Illuminate/Routing/Router->dispatch(Object(Illuminate/Http/Request))
#36 G:/Mursalin_1295365/Laravel/ecommerce2/vendor/laravel/framework/src/Illuminate/Pipeline/Pipeline.php(180): Illuminate/Foundation/Http/Kernel->{closure:Illuminate/Foundation/Http/Kernel::dispatchToRouter():197}(Object(Illuminate/Http/Request))
#37 G:/Mursalin_1295365/Laravel/ecommerce2/vendor/laravel/framework/src/Illuminate/Foundation/Http/Middleware/TransformsRequest.php(21): Illuminate/Pipeline/Pipeline->{closure:Illuminate/Pipeline/Pipeline::prepareDestination():178}(Object(Illuminate/Http/Request))
#38 G:/Mursalin_1295365/Laravel/ecommerce2/vendor/laravel/framework/src/Illuminate/Foundation/Http/Middleware/ConvertEmptyStringsToNull.php(31): Illuminate/Foundation/Http/Middleware/TransformsRequest->handle(Object(Illuminate/Http/Request), Object(Closure))
#39 G:/Mursalin_1295365/Laravel/ecommerce2/vendor/laravel/framework/src/Illuminate/Pipeline/Pipeline.php(219): Illuminate/Foundation/Http/Middleware/ConvertEmptyStringsToNull->handle(Object(Illuminate/Http/Request), Object(Closure))
#40 G:/Mursalin_1295365/Laravel/ecommerce2/vendor/laravel/framework/src/Illuminate/Foundation/Http/Middleware/TransformsRequest.php(21): Illuminate/Pipeline/Pipeline->{closure:{closure:Illuminate/Pipeline/Pipeline::carry():194}:195}(Object(Illuminate/Http/Request))
#41 G:/Mursalin_1295365/Laravel/ecommerce2/vendor/laravel/framework/src/Illuminate/Foundation/Http/Middleware/TrimStrings.php(51): Illuminate/Foundation/Http/Middleware/TransformsRequest->handle(Object(Illuminate/Http/Request), Object(Closure))
#42 G:/Mursalin_1295365/Laravel/ecommerce2/vendor/laravel/framework/src/Illuminate/Pipeline/Pipeline.php(219): Illuminate/Foundation/Http/Middleware/TrimStrings->handle(Object(Illuminate/Http/Request), Object(Closure))
#43 G:/Mursalin_1295365/Laravel/ecommerce2/vendor/laravel/framework/src/Illuminate/Http/Middleware/ValidatePostSize.php(27): Illuminate/Pipeline/Pipeline->{closure:{closure:Illuminate/Pipeline/Pipeline::carry():194}:195}(Object(Illuminate/Http/Request))
#44 G:/Mursalin_1295365/Laravel/ecommerce2/vendor/laravel/framework/src/Illuminate/Pipeline/Pipeline.php(219): Illuminate/Http/Middleware/ValidatePostSize->handle(Object(Illuminate/Http/Request), Object(Closure))
#45 G:/Mursalin_1295365/Laravel/ecommerce2/vendor/laravel/framework/src/Illuminate/Foundation/Http/Middleware/PreventRequestsDuringMaintenance.php(110): Illuminate/Pipeline/Pipeline->{closure:{closure:Illuminate/Pipeline/Pipeline::carry():194}:195}(Object(Illuminate/Http/Request))
#46 G:/Mursalin_1295365/Laravel/ecommerce2/vendor/laravel/framework/src/Illuminate/Pipeline/Pipeline.php(219): Illuminate/Foundation/Http/Middleware/PreventRequestsDuringMaintenance->handle(Object(Illuminate/Http/Request), Object(Closure))
#47 G:/Mursalin_1295365/Laravel/ecommerce2/vendor/laravel/framework/src/Illuminate/Http/Middleware/HandleCors.php(61): Illuminate/Pipeline/Pipeline->{closure:{closure:Illuminate/Pipeline/Pipeline::carry():194}:195}(Object(Illuminate/Http/Request))
#48 G:/Mursalin_1295365/Laravel/ecommerce2/vendor/laravel/framework/src/Illuminate/Pipeline/Pipeline.php(219): Illuminate/Http/Middleware/HandleCors->handle(Object(Illuminate/Http/Request), Object(Closure))
#49 G:/Mursalin_1295365/Laravel/ecommerce2/vendor/laravel/framework/src/Illuminate/Http/Middleware/TrustProxies.php(58): Illuminate/Pipeline/Pipeline->{closure:{closure:Illuminate/Pipeline/Pipeline::carry():194}:195}(Object(Illuminate/Http/Request))
#50 G:/Mursalin_1295365/Laravel/ecommerce2/vendor/laravel/framework/src/Illuminate/Pipeline/Pipeline.php(219): Illuminate/Http/Middleware/TrustProxies->handle(Object(Illuminate/Http/Request), Object(Closure))
#51 G:/Mursalin_1295365/Laravel/ecommerce2/vendor/laravel/framework/src/Illuminate/Foundation/Http/Middleware/InvokeDeferredCallbacks.php(22): Illuminate/Pipeline/Pipeline->{closure:{closure:Illuminate/Pipeline/Pipeline::carry():194}:195}(Object(Illuminate/Http/Request))
#52 G:/Mursalin_1295365/Laravel/ecommerce2/vendor/laravel/framework/src/Illuminate/Pipeline/Pipeline.php(219): Illuminate/Foundation/Http/Middleware/InvokeDeferredCallbacks->handle(Object(Illuminate/Http/Request), Object(Closure))
#53 G:/Mursalin_1295365/Laravel/ecommerce2/vendor/laravel/framework/src/Illuminate/Http/Middleware/ValidatePathEncoding.php(28): Illuminate/Pipeline/Pipeline->{closure:{closure:Illuminate/Pipeline/Pipeline::carry():194}:195}(Object(Illuminate/Http/Request))
#54 G:/Mursalin_1295365/Laravel/ecommerce2/vendor/laravel/framework/src/Illuminate/Pipeline/Pipeline.php(219): Illuminate/Http/Middleware/ValidatePathEncoding->handle(Object(Illuminate/Http/Request), Object(Closure))
#55 G:/Mursalin_1295365/Laravel/ecommerce2/vendor/laravel/framework/src/Illuminate/Pipeline/Pipeline.php(137): Illuminate/Pipeline/Pipeline->{closure:{closure:Illuminate/Pipeline/Pipeline::carry():194}:195}(Object(Illuminate/Http/Request))
#56 G:/Mursalin_1295365/Laravel/ecommerce2/vendor/laravel/framework/src/Illuminate/Foundation/Http/Kernel.php(175): Illuminate/Pipeline/Pipeline->then(Object(Closure))
#57 G:/Mursalin_1295365/Laravel/ecommerce2/vendor/laravel/framework/src/Illuminate/Foundation/Http/Kernel.php(144): Illuminate/Foundation/Http/Kernel->sendRequestThroughRouter(Object(Illuminate/Http/Request))
#58 G:/Mursalin_1295365/Laravel/ecommerce2/vendor/laravel/framework/src/Illuminate/Foundation/Application.php(1227): Illuminate/Foundation/Http/Kernel->handle(Object(Illuminate/Http/Request))
#59 G:/Mursalin_1295365/Laravel/ecommerce2/public/index.php(20): Illuminate/Foundation/Application->handleRequest(Object(Illuminate/Http/Request))
#60 C:/Program Files/Herd/resources/app.asar.unpacked/resources/valet/server.php(140): require('G://Mursalin_129...')
#61 {main}
"} 
[2026-09-20 06:57:09] local.ERROR: SQLSTATE[42S22]: Column not found: 1054 Unknown column 'total_amount' in 'field list' (Connection: mysql, Host: 127.0.0.1, Port: 3306, Database: ecommerce, SQL: select sum(`total_amount`) as `aggregate` from `orders` where `status` in (Processing, Shipped, Delivered)) {"exception":"[object] (Illuminate\\Database\\QueryException(code: 42S22): SQLSTATE[42S22]: Column not found: 1054 Unknown column 'total_amount' in 'field list' (Connection: mysql, Host: 127.0.0.1, Port: 3306, Database: ecommerce, SQL: select sum(`total_amount`) as `aggregate` from `orders` where `status` in (Processing, Shipped, Delivered)) at G:/Mursalin_1295365/Laravel/ecommerce2/vendor/laravel/framework/src/Illuminate/Database/Connection.php:857)
[stacktrace]
#0 G:/Mursalin_1295365/Laravel/ecommerce2/vendor/laravel/framework/src/Illuminate/Database/Connection.php(813): Illuminate/Database/Connection->runQueryCallback('select sum(`tot...', Array, Object(Closure))
#1 G:/Mursalin_1295365/Laravel/ecommerce2/vendor/laravel/framework/src/Illuminate/Database/Connection.php(426): Illuminate/Database/Connection->run('select sum(`tot...', Array, Object(Closure))
#2 G:/Mursalin_1295365/Laravel/ecommerce2/vendor/laravel/framework/src/Illuminate/Database/Query/Builder.php(3629): Illuminate/Database/Connection->select('select sum(`tot...', Array, true, Array)
#3 G:/Mursalin_1295365/Laravel/ecommerce2/vendor/laravel/framework/src/Illuminate/Database/Query/Builder.php(3613): Illuminate/Database/Query/Builder->runSelect()
#4 G:/Mursalin_1295365/Laravel/ecommerce2/vendor/laravel/framework/src/Illuminate/Database/Query/Builder.php(4129): Illuminate/Database/Query/Builder->get(Array)
#5 G:/Mursalin_1295365/Laravel/ecommerce2/vendor/laravel/framework/src/Illuminate/Database/Query/Builder.php(4090): Illuminate/Database/Query/Builder->aggregate('sum', Array)
#6 G:/Mursalin_1295365/Laravel/ecommerce2/vendor/laravel/framework/src/Illuminate/Database/Eloquent/Builder.php(2336): Illuminate/Database/Query/Builder->sum('total_amount')
#7 G:/Mursalin_1295365/Laravel/ecommerce2/app/Http/Controllers/DashboardController.php(17): Illuminate/Database/Eloquent/Builder->__call('sum', Array)
#8 G:/Mursalin_1295365/Laravel/ecommerce2/vendor/laravel/framework/src/Illuminate/Routing/ControllerDispatcher.php(46): App/Http/Controllers/DashboardController->__invoke()
#9 G:/Mursalin_1295365/Laravel/ecommerce2/vendor/laravel/framework/src/Illuminate/Routing/Route.php(276): Illuminate/Routing/ControllerDispatcher->dispatch(Object(Illuminate/Routing/Route), Object(App/Http/Controllers/DashboardController), '__invoke')
#10 G:/Mursalin_1295365/Laravel/ecommerce2/vendor/laravel/framework/src/Illuminate/Routing/Route.php(216): Illuminate/Routing/Route->runController()
#11 G:/Mursalin_1295365/Laravel/ecommerce2/vendor/laravel/framework/src/Illuminate/Routing/Router.php(822): Illuminate/Routing/Route->run()
#12 G:/Mursalin_1295365/Laravel/ecommerce2/vendor/laravel/framework/src/Illuminate/Pipeline/Pipeline.php(180): Illuminate/Routing/Router->{closure:Illuminate/Routing/Router::runRouteWithinStack():821}(Object(Illuminate/Http/Request))
#13 G:/Mursalin_1295365/Laravel/ecommerce2/vendor/laravel/boost/src/Middleware/InjectBoost.php(22): Illuminate/Pipeline/Pipeline->{closure:Illuminate/Pipeline/Pipeline::prepareDestination():178}(Object(Illuminate/Http/Request))
#14 G:/Mursalin_1295365/Laravel/ecommerce2/vendor/laravel/framework/src/Illuminate/Pipeline/Pipeline.php(219): Laravel/Boost/Middleware/InjectBoost->handle(Object(Illuminate/Http/Request), Object(Closure))
#15 G:/Mursalin_1295365/Laravel/ecommerce2/vendor/laravel/framework/src/Illuminate/Routing/Middleware/SubstituteBindings.php(52): Illuminate/Pipeline/Pipeline->{closure:{closure:Illuminate/Pipeline/Pipeline::carry():194}:195}(Object(Illuminate/Http/Request))
#16 G:/Mursalin_1295365/Laravel/ecommerce2/vendor/laravel/framework/src/Illuminate/Pipeline/Pipeline.php(219): Illuminate/Routing/Middleware/SubstituteBindings->handle(Object(Illuminate/Http/Request), Object(Closure))
#17 G:/Mursalin_1295365/Laravel/ecommerce2/vendor/laravel/framework/src/Illuminate/Foundation/Http/Middleware/PreventRequestForgery.php(104): Illuminate/Pipeline/Pipeline->{closure:{closure:Illuminate/Pipeline/Pipeline::carry():194}:195}(Object(Illuminate/Http/Request))
#18 G:/Mursalin_1295365/Laravel/ecommerce2/vendor/laravel/framework/src/Illuminate/Pipeline/Pipeline.php(219): Illuminate/Foundation/Http/Middleware/PreventRequestForgery->handle(Object(Illuminate/Http/Request), Object(Closure))
#19 G:/Mursalin_1295365/Laravel/ecommerce2/vendor/laravel/framework/src/Illuminate/View/Middleware/ShareErrorsFromSession.php(48): Illuminate/Pipeline/Pipeline->{closure:{closure:Illuminate/Pipeline/Pipeline::carry():194}:195}(Object(Illuminate/Http/Request))
#20 G:/Mursalin_1295365/Laravel/ecommerce2/vendor/laravel/framework/src/Illuminate/Pipeline/Pipeline.php(219): Illuminate/View/Middleware/ShareErrorsFromSession->handle(Object(Illuminate/Http/Request), Object(Closure))
#21 G:/Mursalin_1295365/Laravel/ecommerce2/vendor/laravel/framework/src/Illuminate/Session/Middleware/StartSession.php(120): Illuminate/Pipeline/Pipeline->{closure:{closure:Illuminate/Pipeline/Pipeline::carry():194}:195}(Object(Illuminate/Http/Request))
#22 G:/Mursalin_1295365/Laravel/ecommerce2/vendor/laravel/framework/src/Illuminate/Session/Middleware/StartSession.php(63): Illuminate/Session/Middleware/StartSession->handleStatefulRequest(Object(Illuminate/Http/Request), Object(Illuminate/Session/Store), Object(Closure))
#23 G:/Mursalin_1295365/Laravel/ecommerce2/vendor/laravel/framework/src/Illuminate/Pipeline/Pipeline.php(219): Illuminate/Session/Middleware/StartSession->handle(Object(Illuminate/Http/Request), Object(Closure))
#24 G:/Mursalin_1295365/Laravel/ecommerce2/vendor/laravel/framework/src/Illuminate/Cookie/Middleware/AddQueuedCookiesToResponse.php(36): Illuminate/Pipeline/Pipeline->{closure:{closure:Illuminate/Pipeline/Pipeline::carry():194}:195}(Object(Illuminate/Http/Request))
#25 G:/Mursalin_1295365/Laravel/ecommerce2/vendor/laravel/framework/src/Illuminate/Pipeline/Pipeline.php(219): Illuminate/Cookie/Middleware/AddQueuedCookiesToResponse->handle(Object(Illuminate/Http/Request), Object(Closure))
#26 G:/Mursalin_1295365/Laravel/ecommerce2/vendor/laravel/framework/src/Illuminate/Cookie/Middleware/EncryptCookies.php(74): Illuminate/Pipeline/Pipeline->{closure:{closure:Illuminate/Pipeline/Pipeline::carry():194}:195}(Object(Illuminate/Http/Request))
#27 G:/Mursalin_1295365/Laravel/ecommerce2/vendor/laravel/framework/src/Illuminate/Pipeline/Pipeline.php(219): Illuminate/Cookie/Middleware/EncryptCookies->handle(Object(Illuminate/Http/Request), Object(Closure))
#28 G:/Mursalin_1295365/Laravel/ecommerce2/vendor/laravel/framework/src/Illuminate/Pipeline/Pipeline.php(137): Illuminate/Pipeline/Pipeline->{closure:{closure:Illuminate/Pipeline/Pipeline::carry():194}:195}(Object(Illuminate/Http/Request))
#29 G:/Mursalin_1295365/Laravel/ecommerce2/vendor/laravel/framework/src/Illuminate/Routing/Router.php(821): Illuminate/Pipeline/Pipeline->then(Object(Closure))
#30 G:/Mursalin_1295365/Laravel/ecommerce2/vendor/laravel/framework/src/Illuminate/Routing/Router.php(800): Illuminate/Routing/Router->runRouteWithinStack(Object(Illuminate/Routing/Route), Object(Illuminate/Http/Request))
#31 G:/Mursalin_1295365/Laravel/ecommerce2/vendor/laravel/framework/src/Illuminate/Routing/Router.php(764): Illuminate/Routing/Router->runRoute(Object(Illuminate/Http/Request), Object(Illuminate/Routing/Route))
#32 G:/Mursalin_1295365/Laravel/ecommerce2/vendor/laravel/framework/src/Illuminate/Routing/Router.php(753): Illuminate/Routing/Router->dispatchToRoute(Object(Illuminate/Http/Request))
#33 G:/Mursalin_1295365/Laravel/ecommerce2/vendor/laravel/framework/src/Illuminate/Foundation/Http/Kernel.php(200): Illuminate/Routing/Router->dispatch(Object(Illuminate/Http/Request))
#34 G:/Mursalin_1295365/Laravel/ecommerce2/vendor/laravel/framework/src/Illuminate/Pipeline/Pipeline.php(180): Illuminate/Foundation/Http/Kernel->{closure:Illuminate/Foundation/Http/Kernel::dispatchToRouter():197}(Object(Illuminate/Http/Request))
#35 G:/Mursalin_1295365/Laravel/ecommerce2/vendor/laravel/framework/src/Illuminate/Foundation/Http/Middleware/TransformsRequest.php(21): Illuminate/Pipeline/Pipeline->{closure:Illuminate/Pipeline/Pipeline::prepareDestination():178}(Object(Illuminate/Http/Request))
#36 G:/Mursalin_1295365/Laravel/ecommerce2/vendor/laravel/framework/src/Illuminate/Foundation/Http/Middleware/ConvertEmptyStringsToNull.php(31): Illuminate/Foundation/Http/Middleware/TransformsRequest->handle(Object(Illuminate/Http/Request), Object(Closure))
#37 G:/Mursalin_1295365/Laravel/ecommerce2/vendor/laravel/framework/src/Illuminate/Pipeline/Pipeline.php(219): Illuminate/Foundation/Http/Middleware/ConvertEmptyStringsToNull->handle(Object(Illuminate/Http/Request), Object(Closure))
#38 G:/Mursalin_1295365/Laravel/ecommerce2/vendor/laravel/framework/src/Illuminate/Foundation/Http/Middleware/TransformsRequest.php(21): Illuminate/Pipeline/Pipeline->{closure:{closure:Illuminate/Pipeline/Pipeline::carry():194}:195}(Object(Illuminate/Http/Request))
#39 G:/Mursalin_1295365/Laravel/ecommerce2/vendor/laravel/framework/src/Illuminate/Foundation/Http/Middleware/TrimStrings.php(51): Illuminate/Foundation/Http/Middleware/TransformsRequest->handle(Object(Illuminate/Http/Request), Object(Closure))
#40 G:/Mursalin_1295365/Laravel/ecommerce2/vendor/laravel/framework/src/Illuminate/Pipeline/Pipeline.php(219): Illuminate/Foundation/Http/Middleware/TrimStrings->handle(Object(Illuminate/Http/Request), Object(Closure))
#41 G:/Mursalin_1295365/Laravel/ecommerce2/vendor/laravel/framework/src/Illuminate/Http/Middleware/ValidatePostSize.php(27): Illuminate/Pipeline/Pipeline->{closure:{closure:Illuminate/Pipeline/Pipeline::carry():194}:195}(Object(Illuminate/Http/Request))
#42 G:/Mursalin_1295365/Laravel/ecommerce2/vendor/laravel/framework/src/Illuminate/Pipeline/Pipeline.php(219): Illuminate/Http/Middleware/ValidatePostSize->handle(Object(Illuminate/Http/Request), Object(Closure))
#43 G:/Mursalin_1295365/Laravel/ecommerce2/vendor/laravel/framework/src/Illuminate/Foundation/Http/Middleware/PreventRequestsDuringMaintenance.php(110): Illuminate/Pipeline/Pipeline->{closure:{closure:Illuminate/Pipeline/Pipeline::carry():194}:195}(Object(Illuminate/Http/Request))
#44 G:/Mursalin_1295365/Laravel/ecommerce2/vendor/laravel/framework/src/Illuminate/Pipeline/Pipeline.php(219): Illuminate/Foundation/Http/Middleware/PreventRequestsDuringMaintenance->handle(Object(Illuminate/Http/Request), Object(Closure))
#45 G:/Mursalin_1295365/Laravel/ecommerce2/vendor/laravel/framework/src/Illuminate/Http/Middleware/HandleCors.php(61): Illuminate/Pipeline/Pipeline->{closure:{closure:Illuminate/Pipeline/Pipeline::carry():194}:195}(Object(Illuminate/Http/Request))
#46 G:/Mursalin_1295365/Laravel/ecommerce2/vendor/laravel/framework/src/Illuminate/Pipeline/Pipeline.php(219): Illuminate/Http/Middleware/HandleCors->handle(Object(Illuminate/Http/Request), Object(Closure))
#47 G:/Mursalin_1295365/Laravel/ecommerce2/vendor/laravel/framework/src/Illuminate/Http/Middleware/TrustProxies.php(58): Illuminate/Pipeline/Pipeline->{closure:{closure:Illuminate/Pipeline/Pipeline::carry():194}:195}(Object(Illuminate/Http/Request))
#48 G:/Mursalin_1295365/Laravel/ecommerce2/vendor/laravel/framework/src/Illuminate/Pipeline/Pipeline.php(219): Illuminate/Http/Middleware/TrustProxies->handle(Object(Illuminate/Http/Request), Object(Closure))
#49 G:/Mursalin_1295365/Laravel/ecommerce2/vendor/laravel/framework/src/Illuminate/Foundation/Http/Middleware/InvokeDeferredCallbacks.php(22): Illuminate/Pipeline/Pipeline->{closure:{closure:Illuminate/Pipeline/Pipeline::carry():194}:195}(Object(Illuminate/Http/Request))
#50 G:/Mursalin_1295365/Laravel/ecommerce2/vendor/laravel/framework/src/Illuminate/Pipeline/Pipeline.php(219): Illuminate/Foundation/Http/Middleware/InvokeDeferredCallbacks->handle(Object(Illuminate/Http/Request), Object(Closure))
#51 G:/Mursalin_1295365/Laravel/ecommerce2/vendor/laravel/framework/src/Illuminate/Http/Middleware/ValidatePathEncoding.php(28): Illuminate/Pipeline/Pipeline->{closure:{closure:Illuminate/Pipeline/Pipeline::carry():194}:195}(Object(Illuminate/Http/Request))
#52 G:/Mursalin_1295365/Laravel/ecommerce2/vendor/laravel/framework/src/Illuminate/Pipeline/Pipeline.php(219): Illuminate/Http/Middleware/ValidatePathEncoding->handle(Object(Illuminate/Http/Request), Object(Closure))
#53 G:/Mursalin_1295365/Laravel/ecommerce2/vendor/laravel/framework/src/Illuminate/Pipeline/Pipeline.php(137): Illuminate/Pipeline/Pipeline->{closure:{closure:Illuminate/Pipeline/Pipeline::carry():194}:195}(Object(Illuminate/Http/Request))
#54 G:/Mursalin_1295365/Laravel/ecommerce2/vendor/laravel/framework/src/Illuminate/Foundation/Http/Kernel.php(175): Illuminate/Pipeline/Pipeline->then(Object(Closure))
#55 G:/Mursalin_1295365/Laravel/ecommerce2/vendor/laravel/framework/src/Illuminate/Foundation/Http/Kernel.php(144): Illuminate/Foundation/Http/Kernel->sendRequestThroughRouter(Object(Illuminate/Http/Request))
#56 G:/Mursalin_1295365/Laravel/ecommerce2/vendor/laravel/framework/src/Illuminate/Foundation/Application.php(1227): Illuminate/Foundation/Http/Kernel->handle(Object(Illuminate/Http/Request))
#57 G:/Mursalin_1295365/Laravel/ecommerce2/public/index.php(20): Illuminate/Foundation/Application->handleRequest(Object(Illuminate/Http/Request))
#58 C:/Program Files/Herd/resources/app.asar.unpacked/resources/valet/server.php(140): require('G://Mursalin_129...')
#59 {main}

[previous exception] [object] (PDOException(code: 42S22): SQLSTATE[42S22]: Column not found: 1054 Unknown column 'total_amount' in 'field list' at G:/Mursalin_1295365/Laravel/ecommerce2/vendor/laravel/framework/src/Illuminate/Database/Connection.php:435)
[stacktrace]
#0 G:/Mursalin_1295365/Laravel/ecommerce2/vendor/laravel/framework/src/Illuminate/Database/Connection.php(435): PDO->prepare('select sum(`tot...')
#1 G:/Mursalin_1295365/Laravel/ecommerce2/vendor/laravel/framework/src/Illuminate/Database/Connection.php(846): Illuminate/Database/Connection->{closure:Illuminate/Database/Connection::select():426}('select sum(`tot...', Array)
#2 G:/Mursalin_1295365/Laravel/ecommerce2/vendor/laravel/framework/src/Illuminate/Database/Connection.php(813): Illuminate/Database/Connection->runQueryCallback('select sum(`tot...', Array, Object(Closure))
#3 G:/Mursalin_1295365/Laravel/ecommerce2/vendor/laravel/framework/src/Illuminate/Database/Connection.php(426): Illuminate/Database/Connection->run('select sum(`tot...', Array, Object(Closure))
#4 G:/Mursalin_1295365/Laravel/ecommerce2/vendor/laravel/framework/src/Illuminate/Database/Query/Builder.php(3629): Illuminate/Database/Connection->select('select sum(`tot...', Array, true, Array)
#5 G:/Mursalin_1295365/Laravel/ecommerce2/vendor/laravel/framework/src/Illuminate/Database/Query/Builder.php(3613): Illuminate/Database/Query/Builder->runSelect()
#6 G:/Mursalin_1295365/Laravel/ecommerce2/vendor/laravel/framework/src/Illuminate/Database/Query/Builder.php(4129): Illuminate/Database/Query/Builder->get(Array)
#7 G:/Mursalin_1295365/Laravel/ecommerce2/vendor/laravel/framework/src/Illuminate/Database/Query/Builder.php(4090): Illuminate/Database/Query/Builder->aggregate('sum', Array)
#8 G:/Mursalin_1295365/Laravel/ecommerce2/vendor/laravel/framework/src/Illuminate/Database/Eloquent/Builder.php(2336): Illuminate/Database/Query/Builder->sum('total_amount')
#9 G:/Mursalin_1295365/Laravel/ecommerce2/app/Http/Controllers/DashboardController.php(17): Illuminate/Database/Eloquent/Builder->__call('sum', Array)
#10 G:/Mursalin_1295365/Laravel/ecommerce2/vendor/laravel/framework/src/Illuminate/Routing/ControllerDispatcher.php(46): App/Http/Controllers/DashboardController->__invoke()
#11 G:/Mursalin_1295365/Laravel/ecommerce2/vendor/laravel/framework/src/Illuminate/Routing/Route.php(276): Illuminate/Routing/ControllerDispatcher->dispatch(Object(Illuminate/Routing/Route), Object(App/Http/Controllers/DashboardController), '__invoke')
#12 G:/Mursalin_1295365/Laravel/ecommerce2/vendor/laravel/framework/src/Illuminate/Routing/Route.php(216): Illuminate/Routing/Route->runController()
#13 G:/Mursalin_1295365/Laravel/ecommerce2/vendor/laravel/framework/src/Illuminate/Routing/Router.php(822): Illuminate/Routing/Route->run()
#14 G:/Mursalin_1295365/Laravel/ecommerce2/vendor/laravel/framework/src/Illuminate/Pipeline/Pipeline.php(180): Illuminate/Routing/Router->{closure:Illuminate/Routing/Router::runRouteWithinStack():821}(Object(Illuminate/Http/Request))
#15 G:/Mursalin_1295365/Laravel/ecommerce2/vendor/laravel/boost/src/Middleware/InjectBoost.php(22): Illuminate/Pipeline/Pipeline->{closure:Illuminate/Pipeline/Pipeline::prepareDestination():178}(Object(Illuminate/Http/Request))
#16 G:/Mursalin_1295365/Laravel/ecommerce2/vendor/laravel/framework/src/Illuminate/Pipeline/Pipeline.php(219): Laravel/Boost/Middleware/InjectBoost->handle(Object(Illuminate/Http/Request), Object(Closure))
#17 G:/Mursalin_1295365/Laravel/ecommerce2/vendor/laravel/framework/src/Illuminate/Routing/Middleware/SubstituteBindings.php(52): Illuminate/Pipeline/Pipeline->{closure:{closure:Illuminate/Pipeline/Pipeline::carry():194}:195}(Object(Illuminate/Http/Request))
#18 G:/Mursalin_1295365/Laravel/ecommerce2/vendor/laravel/framework/src/Illuminate/Pipeline/Pipeline.php(219): Illuminate/Routing/Middleware/SubstituteBindings->handle(Object(Illuminate/Http/Request), Object(Closure))
#19 G:/Mursalin_1295365/Laravel/ecommerce2/vendor/laravel/framework/src/Illuminate/Foundation/Http/Middleware/PreventRequestForgery.php(104): Illuminate/Pipeline/Pipeline->{closure:{closure:Illuminate/Pipeline/Pipeline::carry():194}:195}(Object(Illuminate/Http/Request))
#20 G:/Mursalin_1295365/Laravel/ecommerce2/vendor/laravel/framework/src/Illuminate/Pipeline/Pipeline.php(219): Illuminate/Foundation/Http/Middleware/PreventRequestForgery->handle(Object(Illuminate/Http/Request), Object(Closure))
#21 G:/Mursalin_1295365/Laravel/ecommerce2/vendor/laravel/framework/src/Illuminate/View/Middleware/ShareErrorsFromSession.php(48): Illuminate/Pipeline/Pipeline->{closure:{closure:Illuminate/Pipeline/Pipeline::carry():194}:195}(Object(Illuminate/Http/Request))
#22 G:/Mursalin_1295365/Laravel/ecommerce2/vendor/laravel/framework/src/Illuminate/Pipeline/Pipeline.php(219): Illuminate/View/Middleware/ShareErrorsFromSession->handle(Object(Illuminate/Http/Request), Object(Closure))
#23 G:/Mursalin_1295365/Laravel/ecommerce2/vendor/laravel/framework/src/Illuminate/Session/Middleware/StartSession.php(120): Illuminate/Pipeline/Pipeline->{closure:{closure:Illuminate/Pipeline/Pipeline::carry():194}:195}(Object(Illuminate/Http/Request))
#24 G:/Mursalin_1295365/Laravel/ecommerce2/vendor/laravel/framework/src/Illuminate/Session/Middleware/StartSession.php(63): Illuminate/Session/Middleware/StartSession->handleStatefulRequest(Object(Illuminate/Http/Request), Object(Illuminate/Session/Store), Object(Closure))
#25 G:/Mursalin_1295365/Laravel/ecommerce2/vendor/laravel/framework/src/Illuminate/Pipeline/Pipeline.php(219): Illuminate/Session/Middleware/StartSession->handle(Object(Illuminate/Http/Request), Object(Closure))
#26 G:/Mursalin_1295365/Laravel/ecommerce2/vendor/laravel/framework/src/Illuminate/Cookie/Middleware/AddQueuedCookiesToResponse.php(36): Illuminate/Pipeline/Pipeline->{closure:{closure:Illuminate/Pipeline/Pipeline::carry():194}:195}(Object(Illuminate/Http/Request))
#27 G:/Mursalin_1295365/Laravel/ecommerce2/vendor/laravel/framework/src/Illuminate/Pipeline/Pipeline.php(219): Illuminate/Cookie/Middleware/AddQueuedCookiesToResponse->handle(Object(Illuminate/Http/Request), Object(Closure))
#28 G:/Mursalin_1295365/Laravel/ecommerce2/vendor/laravel/framework/src/Illuminate/Cookie/Middleware/EncryptCookies.php(74): Illuminate/Pipeline/Pipeline->{closure:{closure:Illuminate/Pipeline/Pipeline::carry():194}:195}(Object(Illuminate/Http/Request))
#29 G:/Mursalin_1295365/Laravel/ecommerce2/vendor/laravel/framework/src/Illuminate/Pipeline/Pipeline.php(219): Illuminate/Cookie/Middleware/EncryptCookies->handle(Object(Illuminate/Http/Request), Object(Closure))
#30 G:/Mursalin_1295365/Laravel/ecommerce2/vendor/laravel/framework/src/Illuminate/Pipeline/Pipeline.php(137): Illuminate/Pipeline/Pipeline->{closure:{closure:Illuminate/Pipeline/Pipeline::carry():194}:195}(Object(Illuminate/Http/Request))
#31 G:/Mursalin_1295365/Laravel/ecommerce2/vendor/laravel/framework/src/Illuminate/Routing/Router.php(821): Illuminate/Pipeline/Pipeline->then(Object(Closure))
#32 G:/Mursalin_1295365/Laravel/ecommerce2/vendor/laravel/framework/src/Illuminate/Routing/Router.php(800): Illuminate/Routing/Router->runRouteWithinStack(Object(Illuminate/Routing/Route), Object(Illuminate/Http/Request))
#33 G:/Mursalin_1295365/Laravel/ecommerce2/vendor/laravel/framework/src/Illuminate/Routing/Router.php(764): Illuminate/Routing/Router->runRoute(Object(Illuminate/Http/Request), Object(Illuminate/Routing/Route))
#34 G:/Mursalin_1295365/Laravel/ecommerce2/vendor/laravel/framework/src/Illuminate/Routing/Router.php(753): Illuminate/Routing/Router->dispatchToRoute(Object(Illuminate/Http/Request))
#35 G:/Mursalin_1295365/Laravel/ecommerce2/vendor/laravel/framework/src/Illuminate/Foundation/Http/Kernel.php(200): Illuminate/Routing/Router->dispatch(Object(Illuminate/Http/Request))
#36 G:/Mursalin_1295365/Laravel/ecommerce2/vendor/laravel/framework/src/Illuminate/Pipeline/Pipeline.php(180): Illuminate/Foundation/Http/Kernel->{closure:Illuminate/Foundation/Http/Kernel::dispatchToRouter():197}(Object(Illuminate/Http/Request))
#37 G:/Mursalin_1295365/Laravel/ecommerce2/vendor/laravel/framework/src/Illuminate/Foundation/Http/Middleware/TransformsRequest.php(21): Illuminate/Pipeline/Pipeline->{closure:Illuminate/Pipeline/Pipeline::prepareDestination():178}(Object(Illuminate/Http/Request))
#38 G:/Mursalin_1295365/Laravel/ecommerce2/vendor/laravel/framework/src/Illuminate/Foundation/Http/Middleware/ConvertEmptyStringsToNull.php(31): Illuminate/Foundation/Http/Middleware/TransformsRequest->handle(Object(Illuminate/Http/Request), Object(Closure))
#39 G:/Mursalin_1295365/Laravel/ecommerce2/vendor/laravel/framework/src/Illuminate/Pipeline/Pipeline.php(219): Illuminate/Foundation/Http/Middleware/ConvertEmptyStringsToNull->handle(Object(Illuminate/Http/Request), Object(Closure))
#40 G:/Mursalin_1295365/Laravel/ecommerce2/vendor/laravel/framework/src/Illuminate/Foundation/Http/Middleware/TransformsRequest.php(21): Illuminate/Pipeline/Pipeline->{closure:{closure:Illuminate/Pipeline/Pipeline::carry():194}:195}(Object(Illuminate/Http/Request))
#41 G:/Mursalin_1295365/Laravel/ecommerce2/vendor/laravel/framework/src/Illuminate/Foundation/Http/Middleware/TrimStrings.php(51): Illuminate/Foundation/Http/Middleware/TransformsRequest->handle(Object(Illuminate/Http/Request), Object(Closure))
#42 G:/Mursalin_1295365/Laravel/ecommerce2/vendor/laravel/framework/src/Illuminate/Pipeline/Pipeline.php(219): Illuminate/Foundation/Http/Middleware/TrimStrings->handle(Object(Illuminate/Http/Request), Object(Closure))
#43 G:/Mursalin_1295365/Laravel/ecommerce2/vendor/laravel/framework/src/Illuminate/Http/Middleware/ValidatePostSize.php(27): Illuminate/Pipeline/Pipeline->{closure:{closure:Illuminate/Pipeline/Pipeline::carry():194}:195}(Object(Illuminate/Http/Request))
#44 G:/Mursalin_1295365/Laravel/ecommerce2/vendor/laravel/framework/src/Illuminate/Pipeline/Pipeline.php(219): Illuminate/Http/Middleware/ValidatePostSize->handle(Object(Illuminate/Http/Request), Object(Closure))
#45 G:/Mursalin_1295365/Laravel/ecommerce2/vendor/laravel/framework/src/Illuminate/Foundation/Http/Middleware/PreventRequestsDuringMaintenance.php(110): Illuminate/Pipeline/Pipeline->{closure:{closure:Illuminate/Pipeline/Pipeline::carry():194}:195}(Object(Illuminate/Http/Request))
#46 G:/Mursalin_1295365/Laravel/ecommerce2/vendor/laravel/framework/src/Illuminate/Pipeline/Pipeline.php(219): Illuminate/Foundation/Http/Middleware/PreventRequestsDuringMaintenance->handle(Object(Illuminate/Http/Request), Object(Closure))
#47 G:/Mursalin_1295365/Laravel/ecommerce2/vendor/laravel/framework/src/Illuminate/Http/Middleware/HandleCors.php(61): Illuminate/Pipeline/Pipeline->{closure:{closure:Illuminate/Pipeline/Pipeline::carry():194}:195}(Object(Illuminate/Http/Request))
#48 G:/Mursalin_1295365/Laravel/ecommerce2/vendor/laravel/framework/src/Illuminate/Pipeline/Pipeline.php(219): Illuminate/Http/Middleware/HandleCors->handle(Object(Illuminate/Http/Request), Object(Closure))
#49 G:/Mursalin_1295365/Laravel/ecommerce2/vendor/laravel/framework/src/Illuminate/Http/Middleware/TrustProxies.php(58): Illuminate/Pipeline/Pipeline->{closure:{closure:Illuminate/Pipeline/Pipeline::carry():194}:195}(Object(Illuminate/Http/Request))
#50 G:/Mursalin_1295365/Laravel/ecommerce2/vendor/laravel/framework/src/Illuminate/Pipeline/Pipeline.php(219): Illuminate/Http/Middleware/TrustProxies->handle(Object(Illuminate/Http/Request), Object(Closure))
#51 G:/Mursalin_1295365/Laravel/ecommerce2/vendor/laravel/framework/src/Illuminate/Foundation/Http/Middleware/InvokeDeferredCallbacks.php(22): Illuminate/Pipeline/Pipeline->{closure:{closure:Illuminate/Pipeline/Pipeline::carry():194}:195}(Object(Illuminate/Http/Request))
#52 G:/Mursalin_1295365/Laravel/ecommerce2/vendor/laravel/framework/src/Illuminate/Pipeline/Pipeline.php(219): Illuminate/Foundation/Http/Middleware/InvokeDeferredCallbacks->handle(Object(Illuminate/Http/Request), Object(Closure))
#53 G:/Mursalin_1295365/Laravel/ecommerce2/vendor/laravel/framework/src/Illuminate/Http/Middleware/ValidatePathEncoding.php(28): Illuminate/Pipeline/Pipeline->{closure:{closure:Illuminate/Pipeline/Pipeline::carry():194}:195}(Object(Illuminate/Http/Request))
#54 G:/Mursalin_1295365/Laravel/ecommerce2/vendor/laravel/framework/src/Illuminate/Pipeline/Pipeline.php(219): Illuminate/Http/Middleware/ValidatePathEncoding->handle(Object(Illuminate/Http/Request), Object(Closure))
#55 G:/Mursalin_1295365/Laravel/ecommerce2/vendor/laravel/framework/src/Illuminate/Pipeline/Pipeline.php(137): Illuminate/Pipeline/Pipeline->{closure:{closure:Illuminate/Pipeline/Pipeline::carry():194}:195}(Object(Illuminate/Http/Request))
#56 G:/Mursalin_1295365/Laravel/ecommerce2/vendor/laravel/framework/src/Illuminate/Foundation/Http/Kernel.php(175): Illuminate/Pipeline/Pipeline->then(Object(Closure))
#57 G:/Mursalin_1295365/Laravel/ecommerce2/vendor/laravel/framework/src/Illuminate/Foundation/Http/Kernel.php(144): Illuminate/Foundation/Http/Kernel->sendRequestThroughRouter(Object(Illuminate/Http/Request))
#58 G:/Mursalin_1295365/Laravel/ecommerce2/vendor/laravel/framework/src/Illuminate/Foundation/Application.php(1227): Illuminate/Foundation/Http/Kernel->handle(Object(Illuminate/Http/Request))
#59 G:/Mursalin_1295365/Laravel/ecommerce2/public/index.php(20): Illuminate/Foundation/Application->handleRequest(Object(Illuminate/Http/Request))
#60 C:/Program Files/Herd/resources/app.asar.unpacked/resources/valet/server.php(140): require('G://Mursalin_129...')
#61 {main}
"} 
[2026-09-20 07:17:19] local.ERROR: SQLSTATE[42S22]: Column not found: 1054 Unknown column 'total_amount' in 'field list' (Connection: mysql, Host: 127.0.0.1, Port: 3306, Database: ecommerce, SQL: select sum(`total_amount`) as `aggregate` from `orders` where `status` in (Processing, Shipped, Delivered)) {"exception":"[object] (Illuminate\\Database\\QueryException(code: 42S22): SQLSTATE[42S22]: Column not found: 1054 Unknown column 'total_amount' in 'field list' (Connection: mysql, Host: 127.0.0.1, Port: 3306, Database: ecommerce, SQL: select sum(`total_amount`) as `aggregate` from `orders` where `status` in (Processing, Shipped, Delivered)) at G:/Mursalin_1295365/Laravel/ecommerce2/vendor/laravel/framework/src/Illuminate/Database/Connection.php:857)
[stacktrace]
#0 G:/Mursalin_1295365/Laravel/ecommerce2/vendor/laravel/framework/src/Illuminate/Database/Connection.php(813): Illuminate/Database/Connection->runQueryCallback('select sum(`tot...', Array, Object(Closure))
#1 G:/Mursalin_1295365/Laravel/ecommerce2/vendor/laravel/framework/src/Illuminate/Database/Connection.php(426): Illuminate/Database/Connection->run('select sum(`tot...', Array, Object(Closure))
#2 G:/Mursalin_1295365/Laravel/ecommerce2/vendor/laravel/framework/src/Illuminate/Database/Query/Builder.php(3629): Illuminate/Database/Connection->select('select sum(`tot...', Array, true, Array)
#3 G:/Mursalin_1295365/Laravel/ecommerce2/vendor/laravel/framework/src/Illuminate/Database/Query/Builder.php(3613): Illuminate/Database/Query/Builder->runSelect()
#4 G:/Mursalin_1295365/Laravel/ecommerce2/vendor/laravel/framework/src/Illuminate/Database/Query/Builder.php(4129): Illuminate/Database/Query/Builder->get(Array)
#5 G:/Mursalin_1295365/Laravel/ecommerce2/vendor/laravel/framework/src/Illuminate/Database/Query/Builder.php(4090): Illuminate/Database/Query/Builder->aggregate('sum', Array)
#6 G:/Mursalin_1295365/Laravel/ecommerce2/vendor/laravel/framework/src/Illuminate/Database/Eloquent/Builder.php(2336): Illuminate/Database/Query/Builder->sum('total_amount')
#7 G:/Mursalin_1295365/Laravel/ecommerce2/app/Http/Controllers/DashboardController.php(17): Illuminate/Database/Eloquent/Builder->__call('sum', Array)
#8 G:/Mursalin_1295365/Laravel/ecommerce2/vendor/laravel/framework/src/Illuminate/Routing/ControllerDispatcher.php(46): App/Http/Controllers/DashboardController->__invoke()
#9 G:/Mursalin_1295365/Laravel/ecommerce2/vendor/laravel/framework/src/Illuminate/Routing/Route.php(276): Illuminate/Routing/ControllerDispatcher->dispatch(Object(Illuminate/Routing/Route), Object(App/Http/Controllers/DashboardController), '__invoke')
#10 G:/Mursalin_1295365/Laravel/ecommerce2/vendor/laravel/framework/src/Illuminate/Routing/Route.php(216): Illuminate/Routing/Route->runController()
#11 G:/Mursalin_1295365/Laravel/ecommerce2/vendor/laravel/framework/src/Illuminate/Routing/Router.php(822): Illuminate/Routing/Route->run()
#12 G:/Mursalin_1295365/Laravel/ecommerce2/vendor/laravel/framework/src/Illuminate/Pipeline/Pipeline.php(180): Illuminate/Routing/Router->{closure:Illuminate/Routing/Router::runRouteWithinStack():821}(Object(Illuminate/Http/Request))
#13 G:/Mursalin_1295365/Laravel/ecommerce2/vendor/laravel/boost/src/Middleware/InjectBoost.php(22): Illuminate/Pipeline/Pipeline->{closure:Illuminate/Pipeline/Pipeline::prepareDestination():178}(Object(Illuminate/Http/Request))
#14 G:/Mursalin_1295365/Laravel/ecommerce2/vendor/laravel/framework/src/Illuminate/Pipeline/Pipeline.php(219): Laravel/Boost/Middleware/InjectBoost->handle(Object(Illuminate/Http/Request), Object(Closure))
#15 G:/Mursalin_1295365/Laravel/ecommerce2/vendor/laravel/framework/src/Illuminate/Routing/Middleware/SubstituteBindings.php(52): Illuminate/Pipeline/Pipeline->{closure:{closure:Illuminate/Pipeline/Pipeline::carry():194}:195}(Object(Illuminate/Http/Request))
#16 G:/Mursalin_1295365/Laravel/ecommerce2/vendor/laravel/framework/src/Illuminate/Pipeline/Pipeline.php(219): Illuminate/Routing/Middleware/SubstituteBindings->handle(Object(Illuminate/Http/Request), Object(Closure))
#17 G:/Mursalin_1295365/Laravel/ecommerce2/vendor/laravel/framework/src/Illuminate/Foundation/Http/Middleware/PreventRequestForgery.php(104): Illuminate/Pipeline/Pipeline->{closure:{closure:Illuminate/Pipeline/Pipeline::carry():194}:195}(Object(Illuminate/Http/Request))
#18 G:/Mursalin_1295365/Laravel/ecommerce2/vendor/laravel/framework/src/Illuminate/Pipeline/Pipeline.php(219): Illuminate/Foundation/Http/Middleware/PreventRequestForgery->handle(Object(Illuminate/Http/Request), Object(Closure))
#19 G:/Mursalin_1295365/Laravel/ecommerce2/vendor/laravel/framework/src/Illuminate/View/Middleware/ShareErrorsFromSession.php(48): Illuminate/Pipeline/Pipeline->{closure:{closure:Illuminate/Pipeline/Pipeline::carry():194}:195}(Object(Illuminate/Http/Request))
#20 G:/Mursalin_1295365/Laravel/ecommerce2/vendor/laravel/framework/src/Illuminate/Pipeline/Pipeline.php(219): Illuminate/View/Middleware/ShareErrorsFromSession->handle(Object(Illuminate/Http/Request), Object(Closure))
#21 G:/Mursalin_1295365/Laravel/ecommerce2/vendor/laravel/framework/src/Illuminate/Session/Middleware/StartSession.php(120): Illuminate/Pipeline/Pipeline->{closure:{closure:Illuminate/Pipeline/Pipeline::carry():194}:195}(Object(Illuminate/Http/Request))
#22 G:/Mursalin_1295365/Laravel/ecommerce2/vendor/laravel/framework/src/Illuminate/Session/Middleware/StartSession.php(63): Illuminate/Session/Middleware/StartSession->handleStatefulRequest(Object(Illuminate/Http/Request), Object(Illuminate/Session/Store), Object(Closure))
#23 G:/Mursalin_1295365/Laravel/ecommerce2/vendor/laravel/framework/src/Illuminate/Pipeline/Pipeline.php(219): Illuminate/Session/Middleware/StartSession->handle(Object(Illuminate/Http/Request), Object(Closure))
#24 G:/Mursalin_1295365/Laravel/ecommerce2/vendor/laravel/framework/src/Illuminate/Cookie/Middleware/AddQueuedCookiesToResponse.php(36): Illuminate/Pipeline/Pipeline->{closure:{closure:Illuminate/Pipeline/Pipeline::carry():194}:195}(Object(Illuminate/Http/Request))
#25 G:/Mursalin_1295365/Laravel/ecommerce2/vendor/laravel/framework/src/Illuminate/Pipeline/Pipeline.php(219): Illuminate/Cookie/Middleware/AddQueuedCookiesToResponse->handle(Object(Illuminate/Http/Request), Object(Closure))
#26 G:/Mursalin_1295365/Laravel/ecommerce2/vendor/laravel/framework/src/Illuminate/Cookie/Middleware/EncryptCookies.php(74): Illuminate/Pipeline/Pipeline->{closure:{closure:Illuminate/Pipeline/Pipeline::carry():194}:195}(Object(Illuminate/Http/Request))
#27 G:/Mursalin_1295365/Laravel/ecommerce2/vendor/laravel/framework/src/Illuminate/Pipeline/Pipeline.php(219): Illuminate/Cookie/Middleware/EncryptCookies->handle(Object(Illuminate/Http/Request), Object(Closure))
#28 G:/Mursalin_1295365/Laravel/ecommerce2/vendor/laravel/framework/src/Illuminate/Pipeline/Pipeline.php(137): Illuminate/Pipeline/Pipeline->{closure:{closure:Illuminate/Pipeline/Pipeline::carry():194}:195}(Object(Illuminate/Http/Request))
#29 G:/Mursalin_1295365/Laravel/ecommerce2/vendor/laravel/framework/src/Illuminate/Routing/Router.php(821): Illuminate/Pipeline/Pipeline->then(Object(Closure))
#30 G:/Mursalin_1295365/Laravel/ecommerce2/vendor/laravel/framework/src/Illuminate/Routing/Router.php(800): Illuminate/Routing/Router->runRouteWithinStack(Object(Illuminate/Routing/Route), Object(Illuminate/Http/Request))
#31 G:/Mursalin_1295365/Laravel/ecommerce2/vendor/laravel/framework/src/Illuminate/Routing/Router.php(764): Illuminate/Routing/Router->runRoute(Object(Illuminate/Http/Request), Object(Illuminate/Routing/Route))
#32 G:/Mursalin_1295365/Laravel/ecommerce2/vendor/laravel/framework/src/Illuminate/Routing/Router.php(753): Illuminate/Routing/Router->dispatchToRoute(Object(Illuminate/Http/Request))
#33 G:/Mursalin_1295365/Laravel/ecommerce2/vendor/laravel/framework/src/Illuminate/Foundation/Http/Kernel.php(200): Illuminate/Routing/Router->dispatch(Object(Illuminate/Http/Request))
#34 G:/Mursalin_1295365/Laravel/ecommerce2/vendor/laravel/framework/src/Illuminate/Pipeline/Pipeline.php(180): Illuminate/Foundation/Http/Kernel->{closure:Illuminate/Foundation/Http/Kernel::dispatchToRouter():197}(Object(Illuminate/Http/Request))
#35 G:/Mursalin_1295365/Laravel/ecommerce2/vendor/laravel/framework/src/Illuminate/Foundation/Http/Middleware/TransformsRequest.php(21): Illuminate/Pipeline/Pipeline->{closure:Illuminate/Pipeline/Pipeline::prepareDestination():178}(Object(Illuminate/Http/Request))
#36 G:/Mursalin_1295365/Laravel/ecommerce2/vendor/laravel/framework/src/Illuminate/Foundation/Http/Middleware/ConvertEmptyStringsToNull.php(31): Illuminate/Foundation/Http/Middleware/TransformsRequest->handle(Object(Illuminate/Http/Request), Object(Closure))
#37 G:/Mursalin_1295365/Laravel/ecommerce2/vendor/laravel/framework/src/Illuminate/Pipeline/Pipeline.php(219): Illuminate/Foundation/Http/Middleware/ConvertEmptyStringsToNull->handle(Object(Illuminate/Http/Request), Object(Closure))
#38 G:/Mursalin_1295365/Laravel/ecommerce2/vendor/laravel/framework/src/Illuminate/Foundation/Http/Middleware/TransformsRequest.php(21): Illuminate/Pipeline/Pipeline->{closure:{closure:Illuminate/Pipeline/Pipeline::carry():194}:195}(Object(Illuminate/Http/Request))
#39 G:/Mursalin_1295365/Laravel/ecommerce2/vendor/laravel/framework/src/Illuminate/Foundation/Http/Middleware/TrimStrings.php(51): Illuminate/Foundation/Http/Middleware/TransformsRequest->handle(Object(Illuminate/Http/Request), Object(Closure))
#40 G:/Mursalin_1295365/Laravel/ecommerce2/vendor/laravel/framework/src/Illuminate/Pipeline/Pipeline.php(219): Illuminate/Foundation/Http/Middleware/TrimStrings->handle(Object(Illuminate/Http/Request), Object(Closure))
#41 G:/Mursalin_1295365/Laravel/ecommerce2/vendor/laravel/framework/src/Illuminate/Http/Middleware/ValidatePostSize.php(27): Illuminate/Pipeline/Pipeline->{closure:{closure:Illuminate/Pipeline/Pipeline::carry():194}:195}(Object(Illuminate/Http/Request))
#42 G:/Mursalin_1295365/Laravel/ecommerce2/vendor/laravel/framework/src/Illuminate/Pipeline/Pipeline.php(219): Illuminate/Http/Middleware/ValidatePostSize->handle(Object(Illuminate/Http/Request), Object(Closure))
#43 G:/Mursalin_1295365/Laravel/ecommerce2/vendor/laravel/framework/src/Illuminate/Foundation/Http/Middleware/PreventRequestsDuringMaintenance.php(110): Illuminate/Pipeline/Pipeline->{closure:{closure:Illuminate/Pipeline/Pipeline::carry():194}:195}(Object(Illuminate/Http/Request))
#44 G:/Mursalin_1295365/Laravel/ecommerce2/vendor/laravel/framework/src/Illuminate/Pipeline/Pipeline.php(219): Illuminate/Foundation/Http/Middleware/PreventRequestsDuringMaintenance->handle(Object(Illuminate/Http/Request), Object(Closure))
#45 G:/Mursalin_1295365/Laravel/ecommerce2/vendor/laravel/framework/src/Illuminate/Http/Middleware/HandleCors.php(61): Illuminate/Pipeline/Pipeline->{closure:{closure:Illuminate/Pipeline/Pipeline::carry():194}:195}(Object(Illuminate/Http/Request))
#46 G:/Mursalin_1295365/Laravel/ecommerce2/vendor/laravel/framework/src/Illuminate/Pipeline/Pipeline.php(219): Illuminate/Http/Middleware/HandleCors->handle(Object(Illuminate/Http/Request), Object(Closure))
#47 G:/Mursalin_1295365/Laravel/ecommerce2/vendor/laravel/framework/src/Illuminate/Http/Middleware/TrustProxies.php(58): Illuminate/Pipeline/Pipeline->{closure:{closure:Illuminate/Pipeline/Pipeline::carry():194}:195}(Object(Illuminate/Http/Request))
#48 G:/Mursalin_1295365/Laravel/ecommerce2/vendor/laravel/framework/src/Illuminate/Pipeline/Pipeline.php(219): Illuminate/Http/Middleware/TrustProxies->handle(Object(Illuminate/Http/Request), Object(Closure))
#49 G:/Mursalin_1295365/Laravel/ecommerce2/vendor/laravel/framework/src/Illuminate/Foundation/Http/Middleware/InvokeDeferredCallbacks.php(22): Illuminate/Pipeline/Pipeline->{closure:{closure:Illuminate/Pipeline/Pipeline::carry():194}:195}(Object(Illuminate/Http/Request))
#50 G:/Mursalin_1295365/Laravel/ecommerce2/vendor/laravel/framework/src/Illuminate/Pipeline/Pipeline.php(219): Illuminate/Foundation/Http/Middleware/InvokeDeferredCallbacks->handle(Object(Illuminate/Http/Request), Object(Closure))
#51 G:/Mursalin_1295365/Laravel/ecommerce2/vendor/laravel/framework/src/Illuminate/Http/Middleware/ValidatePathEncoding.php(28): Illuminate/Pipeline/Pipeline->{closure:{closure:Illuminate/Pipeline/Pipeline::carry():194}:195}(Object(Illuminate/Http/Request))
#52 G:/Mursalin_1295365/Laravel/ecommerce2/vendor/laravel/framework/src/Illuminate/Pipeline/Pipeline.php(219): Illuminate/Http/Middleware/ValidatePathEncoding->handle(Object(Illuminate/Http/Request), Object(Closure))
#53 G:/Mursalin_1295365/Laravel/ecommerce2/vendor/laravel/framework/src/Illuminate/Pipeline/Pipeline.php(137): Illuminate/Pipeline/Pipeline->{closure:{closure:Illuminate/Pipeline/Pipeline::carry():194}:195}(Object(Illuminate/Http/Request))
#54 G:/Mursalin_1295365/Laravel/ecommerce2/vendor/laravel/framework/src/Illuminate/Foundation/Http/Kernel.php(175): Illuminate/Pipeline/Pipeline->then(Object(Closure))
#55 G:/Mursalin_1295365/Laravel/ecommerce2/vendor/laravel/framework/src/Illuminate/Foundation/Http/Kernel.php(144): Illuminate/Foundation/Http/Kernel->sendRequestThroughRouter(Object(Illuminate/Http/Request))
#56 G:/Mursalin_1295365/Laravel/ecommerce2/vendor/laravel/framework/src/Illuminate/Foundation/Application.php(1227): Illuminate/Foundation/Http/Kernel->handle(Object(Illuminate/Http/Request))
#57 G:/Mursalin_1295365/Laravel/ecommerce2/public/index.php(20): Illuminate/Foundation/Application->handleRequest(Object(Illuminate/Http/Request))
#58 C:/Program Files/Herd/resources/app.asar.unpacked/resources/valet/server.php(140): require('G://Mursalin_129...')
#59 {main}

[previous exception] [object] (PDOException(code: 42S22): SQLSTATE[42S22]: Column not found: 1054 Unknown column 'total_amount' in 'field list' at G:/Mursalin_1295365/Laravel/ecommerce2/vendor/laravel/framework/src/Illuminate/Database/Connection.php:435)
[stacktrace]
#0 G:/Mursalin_1295365/Laravel/ecommerce2/vendor/laravel/framework/src/Illuminate/Database/Connection.php(435): PDO->prepare('select sum(`tot...')
#1 G:/Mursalin_1295365/Laravel/ecommerce2/vendor/laravel/framework/src/Illuminate/Database/Connection.php(846): Illuminate/Database/Connection->{closure:Illuminate/Database/Connection::select():426}('select sum(`tot...', Array)
#2 G:/Mursalin_1295365/Laravel/ecommerce2/vendor/laravel/framework/src/Illuminate/Database/Connection.php(813): Illuminate/Database/Connection->runQueryCallback('select sum(`tot...', Array, Object(Closure))
#3 G:/Mursalin_1295365/Laravel/ecommerce2/vendor/laravel/framework/src/Illuminate/Database/Connection.php(426): Illuminate/Database/Connection->run('select sum(`tot...', Array, Object(Closure))
#4 G:/Mursalin_1295365/Laravel/ecommerce2/vendor/laravel/framework/src/Illuminate/Database/Query/Builder.php(3629): Illuminate/Database/Connection->select('select sum(`tot...', Array, true, Array)
#5 G:/Mursalin_1295365/Laravel/ecommerce2/vendor/laravel/framework/src/Illuminate/Database/Query/Builder.php(3613): Illuminate/Database/Query/Builder->runSelect()
#6 G:/Mursalin_1295365/Laravel/ecommerce2/vendor/laravel/framework/src/Illuminate/Database/Query/Builder.php(4129): Illuminate/Database/Query/Builder->get(Array)
#7 G:/Mursalin_1295365/Laravel/ecommerce2/vendor/laravel/framework/src/Illuminate/Database/Query/Builder.php(4090): Illuminate/Database/Query/Builder->aggregate('sum', Array)
#8 G:/Mursalin_1295365/Laravel/ecommerce2/vendor/laravel/framework/src/Illuminate/Database/Eloquent/Builder.php(2336): Illuminate/Database/Query/Builder->sum('total_amount')
#9 G:/Mursalin_1295365/Laravel/ecommerce2/app/Http/Controllers/DashboardController.php(17): Illuminate/Database/Eloquent/Builder->__call('sum', Array)
#10 G:/Mursalin_1295365/Laravel/ecommerce2/vendor/laravel/framework/src/Illuminate/Routing/ControllerDispatcher.php(46): App/Http/Controllers/DashboardController->__invoke()
#11 G:/Mursalin_1295365/Laravel/ecommerce2/vendor/laravel/framework/src/Illuminate/Routing/Route.php(276): Illuminate/Routing/ControllerDispatcher->dispatch(Object(Illuminate/Routing/Route), Object(App/Http/Controllers/DashboardController), '__invoke')
#12 G:/Mursalin_1295365/Laravel/ecommerce2/vendor/laravel/framework/src/Illuminate/Routing/Route.php(216): Illuminate/Routing/Route->runController()
#13 G:/Mursalin_1295365/Laravel/ecommerce2/vendor/laravel/framework/src/Illuminate/Routing/Router.php(822): Illuminate/Routing/Route->run()
#14 G:/Mursalin_1295365/Laravel/ecommerce2/vendor/laravel/framework/src/Illuminate/Pipeline/Pipeline.php(180): Illuminate/Routing/Router->{closure:Illuminate/Routing/Router::runRouteWithinStack():821}(Object(Illuminate/Http/Request))
#15 G:/Mursalin_1295365/Laravel/ecommerce2/vendor/laravel/boost/src/Middleware/InjectBoost.php(22): Illuminate/Pipeline/Pipeline->{closure:Illuminate/Pipeline/Pipeline::prepareDestination():178}(Object(Illuminate/Http/Request))
#16 G:/Mursalin_1295365/Laravel/ecommerce2/vendor/laravel/framework/src/Illuminate/Pipeline/Pipeline.php(219): Laravel/Boost/Middleware/InjectBoost->handle(Object(Illuminate/Http/Request), Object(Closure))
#17 G:/Mursalin_1295365/Laravel/ecommerce2/vendor/laravel/framework/src/Illuminate/Routing/Middleware/SubstituteBindings.php(52): Illuminate/Pipeline/Pipeline->{closure:{closure:Illuminate/Pipeline/Pipeline::carry():194}:195}(Object(Illuminate/Http/Request))
#18 G:/Mursalin_1295365/Laravel/ecommerce2/vendor/laravel/framework/src/Illuminate/Pipeline/Pipeline.php(219): Illuminate/Routing/Middleware/SubstituteBindings->handle(Object(Illuminate/Http/Request), Object(Closure))
#19 G:/Mursalin_1295365/Laravel/ecommerce2/vendor/laravel/framework/src/Illuminate/Foundation/Http/Middleware/PreventRequestForgery.php(104): Illuminate/Pipeline/Pipeline->{closure:{closure:Illuminate/Pipeline/Pipeline::carry():194}:195}(Object(Illuminate/Http/Request))
#20 G:/Mursalin_1295365/Laravel/ecommerce2/vendor/laravel/framework/src/Illuminate/Pipeline/Pipeline.php(219): Illuminate/Foundation/Http/Middleware/PreventRequestForgery->handle(Object(Illuminate/Http/Request), Object(Closure))
#21 G:/Mursalin_1295365/Laravel/ecommerce2/vendor/laravel/framework/src/Illuminate/View/Middleware/ShareErrorsFromSession.php(48): Illuminate/Pipeline/Pipeline->{closure:{closure:Illuminate/Pipeline/Pipeline::carry():194}:195}(Object(Illuminate/Http/Request))
#22 G:/Mursalin_1295365/Laravel/ecommerce2/vendor/laravel/framework/src/Illuminate/Pipeline/Pipeline.php(219): Illuminate/View/Middleware/ShareErrorsFromSession->handle(Object(Illuminate/Http/Request), Object(Closure))
#23 G:/Mursalin_1295365/Laravel/ecommerce2/vendor/laravel/framework/src/Illuminate/Session/Middleware/StartSession.php(120): Illuminate/Pipeline/Pipeline->{closure:{closure:Illuminate/Pipeline/Pipeline::carry():194}:195}(Object(Illuminate/Http/Request))
#24 G:/Mursalin_1295365/Laravel/ecommerce2/vendor/laravel/framework/src/Illuminate/Session/Middleware/StartSession.php(63): Illuminate/Session/Middleware/StartSession->handleStatefulRequest(Object(Illuminate/Http/Request), Object(Illuminate/Session/Store), Object(Closure))
#25 G:/Mursalin_1295365/Laravel/ecommerce2/vendor/laravel/framework/src/Illuminate/Pipeline/Pipeline.php(219): Illuminate/Session/Middleware/StartSession->handle(Object(Illuminate/Http/Request), Object(Closure))
#26 G:/Mursalin_1295365/Laravel/ecommerce2/vendor/laravel/framework/src/Illuminate/Cookie/Middleware/AddQueuedCookiesToResponse.php(36): Illuminate/Pipeline/Pipeline->{closure:{closure:Illuminate/Pipeline/Pipeline::carry():194}:195}(Object(Illuminate/Http/Request))
#27 G:/Mursalin_1295365/Laravel/ecommerce2/vendor/laravel/framework/src/Illuminate/Pipeline/Pipeline.php(219): Illuminate/Cookie/Middleware/AddQueuedCookiesToResponse->handle(Object(Illuminate/Http/Request), Object(Closure))
#28 G:/Mursalin_1295365/Laravel/ecommerce2/vendor/laravel/framework/src/Illuminate/Cookie/Middleware/EncryptCookies.php(74): Illuminate/Pipeline/Pipeline->{closure:{closure:Illuminate/Pipeline/Pipeline::carry():194}:195}(Object(Illuminate/Http/Request))
#29 G:/Mursalin_1295365/Laravel/ecommerce2/vendor/laravel/framework/src/Illuminate/Pipeline/Pipeline.php(219): Illuminate/Cookie/Middleware/EncryptCookies->handle(Object(Illuminate/Http/Request), Object(Closure))
#30 G:/Mursalin_1295365/Laravel/ecommerce2/vendor/laravel/framework/src/Illuminate/Pipeline/Pipeline.php(137): Illuminate/Pipeline/Pipeline->{closure:{closure:Illuminate/Pipeline/Pipeline::carry():194}:195}(Object(Illuminate/Http/Request))
#31 G:/Mursalin_1295365/Laravel/ecommerce2/vendor/laravel/framework/src/Illuminate/Routing/Router.php(821): Illuminate/Pipeline/Pipeline->then(Object(Closure))
#32 G:/Mursalin_1295365/Laravel/ecommerce2/vendor/laravel/framework/src/Illuminate/Routing/Router.php(800): Illuminate/Routing/Router->runRouteWithinStack(Object(Illuminate/Routing/Route), Object(Illuminate/Http/Request))
#33 G:/Mursalin_1295365/Laravel/ecommerce2/vendor/laravel/framework/src/Illuminate/Routing/Router.php(764): Illuminate/Routing/Router->runRoute(Object(Illuminate/Http/Request), Object(Illuminate/Routing/Route))
#34 G:/Mursalin_1295365/Laravel/ecommerce2/vendor/laravel/framework/src/Illuminate/Routing/Router.php(753): Illuminate/Routing/Router->dispatchToRoute(Object(Illuminate/Http/Request))
#35 G:/Mursalin_1295365/Laravel/ecommerce2/vendor/laravel/framework/src/Illuminate/Foundation/Http/Kernel.php(200): Illuminate/Routing/Router->dispatch(Object(Illuminate/Http/Request))
#36 G:/Mursalin_1295365/Laravel/ecommerce2/vendor/laravel/framework/src/Illuminate/Pipeline/Pipeline.php(180): Illuminate/Foundation/Http/Kernel->{closure:Illuminate/Foundation/Http/Kernel::dispatchToRouter():197}(Object(Illuminate/Http/Request))
#37 G:/Mursalin_1295365/Laravel/ecommerce2/vendor/laravel/framework/src/Illuminate/Foundation/Http/Middleware/TransformsRequest.php(21): Illuminate/Pipeline/Pipeline->{closure:Illuminate/Pipeline/Pipeline::prepareDestination():178}(Object(Illuminate/Http/Request))
#38 G:/Mursalin_1295365/Laravel/ecommerce2/vendor/laravel/framework/src/Illuminate/Foundation/Http/Middleware/ConvertEmptyStringsToNull.php(31): Illuminate/Foundation/Http/Middleware/TransformsRequest->handle(Object(Illuminate/Http/Request), Object(Closure))
#39 G:/Mursalin_1295365/Laravel/ecommerce2/vendor/laravel/framework/src/Illuminate/Pipeline/Pipeline.php(219): Illuminate/Foundation/Http/Middleware/ConvertEmptyStringsToNull->handle(Object(Illuminate/Http/Request), Object(Closure))
#40 G:/Mursalin_1295365/Laravel/ecommerce2/vendor/laravel/framework/src/Illuminate/Foundation/Http/Middleware/TransformsRequest.php(21): Illuminate/Pipeline/Pipeline->{closure:{closure:Illuminate/Pipeline/Pipeline::carry():194}:195}(Object(Illuminate/Http/Request))
#41 G:/Mursalin_1295365/Laravel/ecommerce2/vendor/laravel/framework/src/Illuminate/Foundation/Http/Middleware/TrimStrings.php(51): Illuminate/Foundation/Http/Middleware/TransformsRequest->handle(Object(Illuminate/Http/Request), Object(Closure))
#42 G:/Mursalin_1295365/Laravel/ecommerce2/vendor/laravel/framework/src/Illuminate/Pipeline/Pipeline.php(219): Illuminate/Foundation/Http/Middleware/TrimStrings->handle(Object(Illuminate/Http/Request), Object(Closure))
#43 G:/Mursalin_1295365/Laravel/ecommerce2/vendor/laravel/framework/src/Illuminate/Http/Middleware/ValidatePostSize.php(27): Illuminate/Pipeline/Pipeline->{closure:{closure:Illuminate/Pipeline/Pipeline::carry():194}:195}(Object(Illuminate/Http/Request))
#44 G:/Mursalin_1295365/Laravel/ecommerce2/vendor/laravel/framework/src/Illuminate/Pipeline/Pipeline.php(219): Illuminate/Http/Middleware/ValidatePostSize->handle(Object(Illuminate/Http/Request), Object(Closure))
#45 G:/Mursalin_1295365/Laravel/ecommerce2/vendor/laravel/framework/src/Illuminate/Foundation/Http/Middleware/PreventRequestsDuringMaintenance.php(110): Illuminate/Pipeline/Pipeline->{closure:{closure:Illuminate/Pipeline/Pipeline::carry():194}:195}(Object(Illuminate/Http/Request))
#46 G:/Mursalin_1295365/Laravel/ecommerce2/vendor/laravel/framework/src/Illuminate/Pipeline/Pipeline.php(219): Illuminate/Foundation/Http/Middleware/PreventRequestsDuringMaintenance->handle(Object(Illuminate/Http/Request), Object(Closure))
#47 G:/Mursalin_1295365/Laravel/ecommerce2/vendor/laravel/framework/src/Illuminate/Http/Middleware/HandleCors.php(61): Illuminate/Pipeline/Pipeline->{closure:{closure:Illuminate/Pipeline/Pipeline::carry():194}:195}(Object(Illuminate/Http/Request))
#48 G:/Mursalin_1295365/Laravel/ecommerce2/vendor/laravel/framework/src/Illuminate/Pipeline/Pipeline.php(219): Illuminate/Http/Middleware/HandleCors->handle(Object(Illuminate/Http/Request), Object(Closure))
#49 G:/Mursalin_1295365/Laravel/ecommerce2/vendor/laravel/framework/src/Illuminate/Http/Middleware/TrustProxies.php(58): Illuminate/Pipeline/Pipeline->{closure:{closure:Illuminate/Pipeline/Pipeline::carry():194}:195}(Object(Illuminate/Http/Request))
#50 G:/Mursalin_1295365/Laravel/ecommerce2/vendor/laravel/framework/src/Illuminate/Pipeline/Pipeline.php(219): Illuminate/Http/Middleware/TrustProxies->handle(Object(Illuminate/Http/Request), Object(Closure))
#51 G:/Mursalin_1295365/Laravel/ecommerce2/vendor/laravel/framework/src/Illuminate/Foundation/Http/Middleware/InvokeDeferredCallbacks.php(22): Illuminate/Pipeline/Pipeline->{closure:{closure:Illuminate/Pipeline/Pipeline::carry():194}:195}(Object(Illuminate/Http/Request))
#52 G:/Mursalin_1295365/Laravel/ecommerce2/vendor/laravel/framework/src/Illuminate/Pipeline/Pipeline.php(219): Illuminate/Foundation/Http/Middleware/InvokeDeferredCallbacks->handle(Object(Illuminate/Http/Request), Object(Closure))
#53 G:/Mursalin_1295365/Laravel/ecommerce2/vendor/laravel/framework/src/Illuminate/Http/Middleware/ValidatePathEncoding.php(28): Illuminate/Pipeline/Pipeline->{closure:{closure:Illuminate/Pipeline/Pipeline::carry():194}:195}(Object(Illuminate/Http/Request))
#54 G:/Mursalin_1295365/Laravel/ecommerce2/vendor/laravel/framework/src/Illuminate/Pipeline/Pipeline.php(219): Illuminate/Http/Middleware/ValidatePathEncoding->handle(Object(Illuminate/Http/Request), Object(Closure))
#55 G:/Mursalin_1295365/Laravel/ecommerce2/vendor/laravel/framework/src/Illuminate/Pipeline/Pipeline.php(137): Illuminate/Pipeline/Pipeline->{closure:{closure:Illuminate/Pipeline/Pipeline::carry():194}:195}(Object(Illuminate/Http/Request))
#56 G:/Mursalin_1295365/Laravel/ecommerce2/vendor/laravel/framework/src/Illuminate/Foundation/Http/Kernel.php(175): Illuminate/Pipeline/Pipeline->then(Object(Closure))
#57 G:/Mursalin_1295365/Laravel/ecommerce2/vendor/laravel/framework/src/Illuminate/Foundation/Http/Kernel.php(144): Illuminate/Foundation/Http/Kernel->sendRequestThroughRouter(Object(Illuminate/Http/Request))
#58 G:/Mursalin_1295365/Laravel/ecommerce2/vendor/laravel/framework/src/Illuminate/Foundation/Application.php(1227): Illuminate/Foundation/Http/Kernel->handle(Object(Illuminate/Http/Request))
#59 G:/Mursalin_1295365/Laravel/ecommerce2/public/index.php(20): Illuminate/Foundation/Application->handleRequest(Object(Illuminate/Http/Request))
#60 C:/Program Files/Herd/resources/app.asar.unpacked/resources/valet/server.php(140): require('G://Mursalin_129...')
#61 {main}
"} 
